area_sqft,age_years,city,bedrooms,price
1326.0,6,Mumbai,3,8106000.0
1729.0,27,Pune,4,4377000.0
575.0,31,Pune,1,500000.0
1790.0,15,Nagpur,4,2543000.0
1183.0,36,Nagpur,3,500000.0
920.0,11,Nagpur,2,1113000.0
919.0,4,Pune,2,3020000.0
821.0,5,Mumbai,2,5057000.0
1122.0,38,Mumbai,2,4758000.0
1492.0,14,Mumbai,3,9255000.0
1404.0,13,Pune,3,4301000.0
1423.0,22,Mumbai,3,8019000.0
607.0,36,Mumbai,1,1244000.0
,0,Mumbai,1,3647000.0
1744.0,22,Mumbai,4,9874000.0
1539.0,22,Pune,3,4175000.0
1964.0,25,Mumbai,4,11755000.0
1623.0,8,Pune,4,5222000.0
,16,Mumbai,2,4655000.0
1650.0,6,Pune,4,4672000.0
1420.0,11,Nagpur,3,2426000.0
1275.0,6,Mumbai,3,7917000.0
913.0,2,Mumbai,2,5869000.0
1201.0,11,Nagpur,3,1578000.0
,4,Mumbai,3,6812000.0
1512.0,24,Pune,3,4072000.0
1244.0,12,Nagpur,3,1998000.0
1755.0,10,Mumbai,4,10754000.0
929.0,16,Mumbai,2,4762000.0
1365.0,26,Pune,3,3029000.0
1375.0,25,Pune,3,3560000.0
897.0,19,Mumbai,2,4982000.0
787.0,6,Mumbai,2,4881000.0
1555.0,14,Mumbai,3,9761000.0
1381.0,18,Pune,3,3848000.0
1143.0,38,Pune,3,1439000.0
1338.0,35,Mumbai,3,6982000.0
964.0,37,Mumbai,2,4165000.0
1283.0,13,Pune,3,3465000.0
988.0,8,Pune,2,3305000.0
1266.0,10,Pune,3,3951000.0
1545.0,18,Mumbai,3,8770000.0
1081.0,6,Mumbai,2,7048000.0
1497.0,22,Mumbai,3,8691000.0
838.0,35,Pune,2,722000.0
1099.0,13,Pune,2,2927000.0
722.0,7,Mumbai,2,4079000.0
1165.0,14,Mumbai,3,6474000.0
1228.0,6,Pune,3,4012000.0
,38,Pune,3,1811000.0
1106.0,3,Pune,2,3589000.0
1669.0,23,Nagpur,4,2194000.0
1698.0,31,Mumbai,4,9319000.0
775.0,37,Pune,2,500000.0
1611.0,28,Nagpur,4,1846000.0
597.0,13,Nagpur,1,611000.0
,37,Mumbai,2,4459000.0
1139.0,25,Pune,3,2348000.0
1239.0,22,Mumbai,3,7015000.0
833.0,21,Mumbai,2,4229000.0
947.0,4,Nagpur,2,1808000.0
1227.0,31,Pune,3,2793000.0
957.0,6,Pune,2,3102000.0
976.0,8,Mumbai,2,5777000.0
1433.0,20,Nagpur,3,1672000.0
1526.0,1,Pune,3,5105000.0
1179.0,32,Nagpur,3,500000.0
1206.0,32,Nagpur,3,500000.0
1193.0,6,Nagpur,3,1997000.0
1041.0,35,Mumbai,2,4768000.0
1021.0,21,Mumbai,2,5619000.0
837.0,1,Nagpur,2,1446000.0
1427.0,25,Mumbai,3,8004000.0
1171.0,35,Nagpur,3,500000.0
1152.0,15,Mumbai,3,6999000.0
1270.0,19,Pune,3,3374000.0
1386.0,6,Mumbai,3,9000000.0
1697.0,3,Pune,4,5835000.0
1104.0,0,Mumbai,2,7667000.0
1060.0,10,Nagpur,2,1583000.0
1270.0,27,Pune,3,2390000.0
904.0,6,Pune,2,2899000.0
1645.0,4,Pune,4,5229000.0
1524.0,20,Nagpur,3,1354000.0
1443.0,31,Mumbai,3,7865000.0
1158.0,39,Pune,3,1694000.0
1459.0,29,Nagpur,3,1370000.0
1568.0,15,Mumbai,3,9646000.0
1375.0,20,Pune,3,3551000.0
1102.0,27,Mumbai,2,6007000.0
610.0,16,Pune,1,1183000.0
1531.0,12,Mumbai,3,9365000.0
1076.0,36,Mumbai,2,4994000.0
905.0,5,Pune,2,2271000.0
1512.0,29,Mumbai,3,8446000.0
1318.0,39,Pune,3,1840000.0
703.0,28,Mumbai,2,3097000.0
1165.0,35,Mumbai,3,5598000.0
,22,Pune,2,2558000.0
1547.0,3,Pune,3,4991000.0
537.0,9,Pune,1,1803000.0
1065.0,10,Mumbai,2,5886000.0
1152.0,18,Pune,3,2898000.0
1697.0,21,Nagpur,4,2033000.0
821.0,1,Nagpur,2,1195000.0
350.0,29,Pune,1,500000.0
716.0,28,Mumbai,2,3118000.0
1292.0,12,Nagpur,3,2674000.0
1483.0,32,Mumbai,3,8153000.0
1807.0,2,Nagpur,4,3803000.0
1340.0,0,Mumbai,3,9062000.0
919.0,10,Pune,2,2238000.0
1510.0,4,Mumbai,3,9412000.0
1196.0,22,Mumbai,3,7031000.0
1130.0,4,Pune,3,3935000.0
,34,Mumbai,3,5760000.0
1646.0,6,Mumbai,4,10608000.0
884.0,0,Pune,2,3133000.0
842.0,39,Pune,2,945000.0
1177.0,28,Mumbai,3,6236000.0
1177.0,17,Nagpur,3,1247000.0
915.0,24,Pune,2,1987000.0
892.0,6,Nagpur,2,1356000.0
1332.0,13,Pune,3,4041000.0
1668.0,32,Nagpur,4,1413000.0
1450.0,18,Mumbai,3,7660000.0
1440.0,13,Pune,3,4717000.0
1636.0,1,Mumbai,4,10551000.0
503.0,15,Pune,1,1143000.0
671.0,19,Nagpur,1,500000.0
953.0,12,Nagpur,2,1130000.0
782.0,30,Nagpur,2,500000.0
,29,Pune,2,1796000.0
1224.0,12,Nagpur,3,1918000.0
750.0,23,Pune,2,1615000.0
1045.0,22,Pune,2,2435000.0
485.0,0,Mumbai,1,3497000.0
859.0,26,Pune,2,1516000.0
1671.0,33,Nagpur,4,1166000.0
,4,Mumbai,2,6260000.0
,7,Mumbai,3,8428000.0
1448.0,16,Nagpur,3,1745000.0
1028.0,36,Pune,2,1346000.0
,11,Pune,3,4225000.0
1275.0,25,Pune,3,3283000.0
1444.0,9,Mumbai,3,9530000.0
978.0,36,Pune,2,678000.0
696.0,23,Pune,2,1180000.0
,25,Nagpur,2,789000.0
1006.0,1,Pune,2,3078000.0
1388.0,26,Pune,3,2993000.0
1128.0,20,Pune,3,3090000.0
1060.0,34,Mumbai,2,5067000.0
1137.0,28,Mumbai,3,5730000.0
1585.0,2,Pune,4,5492000.0
999.0,8,Mumbai,2,6374000.0
1729.0,6,Nagpur,4,3305000.0
770.0,1,Nagpur,2,1677000.0
993.0,8,Mumbai,2,6192000.0
1499.0,34,Mumbai,3,8056000.0
,18,Nagpur,3,1895000.0
901.0,34,Mumbai,2,4085000.0
1162.0,34,Pune,3,1999000.0
952.0,13,Pune,2,2888000.0
1498.0,11,Nagpur,3,2420000.0
1389.0,33,Mumbai,3,7134000.0
950.0,15,Pune,2,2039000.0
1339.0,9,Nagpur,3,2083000.0
1071.0,7,Nagpur,2,1898000.0
1175.0,7,Pune,3,3665000.0
1223.0,36,Pune,3,2314000.0
1003.0,28,Pune,2,1521000.0
1349.0,3,Pune,3,4383000.0
1361.0,5,Pune,3,3924000.0
1349.0,10,Pune,3,4068000.0
1587.0,14,Mumbai,4,10007000.0
1105.0,28,Pune,2,2342000.0
681.0,25,Pune,2,791000.0
1029.0,28,Nagpur,2,638000.0
1270.0,10,Nagpur,3,2166000.0
1208.0,30,Mumbai,3,5997000.0
1403.0,0,Mumbai,3,9058000.0
1482.0,12,Pune,3,4223000.0
1159.0,36,Mumbai,3,5691000.0
1161.0,13,Mumbai,3,7126000.0
854.0,12,Mumbai,2,5093000.0
1562.0,14,Pune,3,4568000.0
1108.0,10,Mumbai,2,7321000.0
821.0,27,Pune,2,1212000.0
810.0,20,Pune,2,1792000.0
1055.0,20,Mumbai,2,5884000.0
1744.0,33,Pune,4,4439000.0
1470.0,26,Mumbai,3,7757000.0
607.0,16,Mumbai,1,3243000.0
1157.0,19,Mumbai,3,6515000.0
1292.0,21,Nagpur,3,1446000.0
1419.0,33,Nagpur,3,720000.0
1320.0,31,Pune,3,2571000.0
976.0,25,Mumbai,2,5351000.0
1344.0,38,Mumbai,3,6924000.0
1006.0,22,Mumbai,2,4981000.0
416.0,24,Nagpur,1,500000.0
952.0,19,Mumbai,2,5069000.0
960.0,32,Pune,2,1762000.0
1534.0,7,Pune,3,5094000.0
1570.0,9,Nagpur,3,2991000.0
834.0,19,Nagpur,2,613000.0
1261.0,9,Mumbai,3,7875000.0
1232.0,3,Nagpur,3,2238000.0
697.0,4,Mumbai,2,3988000.0
481.0,5,Pune,1,1240000.0
1168.0,10,Nagpur,3,2218000.0
1248.0,33,Mumbai,3,6716000.0
992.0,9,Mumbai,2,5822000.0
,0,Mumbai,1,2099000.0
1190.0,32,Pune,3,2045000.0
,4,Pune,2,3041000.0
889.0,38,Pune,2,508000.0
1087.0,1,Mumbai,2,6980000.0
805.0,4,Pune,2,2772000.0
1396.0,5,Mumbai,3,9199000.0
1204.0,26,Pune,3,3142000.0
1004.0,37,Pune,2,1255000.0
1299.0,39,Pune,3,1600000.0
1189.0,8,Pune,3,3525000.0
669.0,36,Mumbai,1,1986000.0
1150.0,39,Mumbai,3,5209000.0
1040.0,8,Pune,2,2953000.0
591.0,15,Nagpur,1,617000.0
972.0,23,Pune,2,1784000.0
1349.0,11,Mumbai,3,8314000.0
983.0,27,Pune,2,2332000.0
1693.0,9,Pune,4,5380000.0
1794.0,0,Mumbai,4,11462000.0
1093.0,30,Pune,2,2279000.0
1394.0,3,Mumbai,3,9220000.0
1897.0,29,Pune,4,5055000.0
1084.0,28,Nagpur,2,791000.0
885.0,13,Pune,2,2049000.0
1052.0,20,Nagpur,2,727000.0
719.0,27,Pune,2,938000.0
728.0,27,Mumbai,2,2737000.0
1273.0,37,Nagpur,3,500000.0
1054.0,4,Mumbai,2,7096000.0
,31,Mumbai,3,6332000.0
1371.0,7,Nagpur,3,2557000.0
932.0,32,Mumbai,2,4580000.0
1132.0,31,Nagpur,3,500000.0
1106.0,32,Pune,2,1821000.0
966.0,15,Mumbai,2,5893000.0
907.0,32,Pune,2,865000.0
1310.0,19,Mumbai,3,8044000.0
1151.0,30,Mumbai,3,5598000.0
1316.0,30,Pune,3,2814000.0
1550.0,35,Mumbai,3,7896000.0
1555.0,3,Mumbai,3,9853000.0
811.0,38,Mumbai,2,3390000.0
900.0,4,Mumbai,2,5766000.0
1110.0,33,Pune,2,2051000.0
1243.0,20,Pune,3,2780000.0
1528.0,32,Pune,3,3326000.0
,26,Mumbai,2,3826000.0
1047.0,19,Nagpur,2,1048000.0
1286.0,13,Mumbai,3,7903000.0
1630.0,29,Pune,4,4105000.0
1683.0,20,Mumbai,4,10134000.0
848.0,17,Mumbai,2,4430000.0
1126.0,30,Nagpur,3,724000.0
917.0,9,Mumbai,2,5433000.0
1497.0,34,Mumbai,3,8294000.0
1356.0,10,Nagpur,3,2198000.0
1075.0,10,Mumbai,2,6884000.0
986.0,15,Mumbai,2,5553000.0
1303.0,29,Nagpur,3,1182000.0
1543.0,37,Nagpur,3,1083000.0
931.0,8,Nagpur,2,1057000.0
1087.0,7,Mumbai,2,6994000.0
1240.0,19,Pune,3,2936000.0
1206.0,29,Nagpur,3,500000.0
1318.0,29,Mumbai,3,7064000.0
850.0,28,Mumbai,2,4293000.0
992.0,12,Mumbai,2,6082000.0
465.0,2,Nagpur,1,614000.0
1220.0,24,Mumbai,3,6181000.0
1575.0,19,Mumbai,3,8566000.0
480.0,10,Mumbai,1,2406000.0
979.0,39,Pune,2,934000.0
1514.0,24,Pune,3,3811000.0
1150.0,35,Mumbai,3,5896000.0
537.0,19,Nagpur,1,500000.0
1609.0,24,Nagpur,4,1627000.0
701.0,16,Mumbai,2,3379000.0
1680.0,26,Pune,4,4044000.0
995.0,5,Nagpur,2,1595000.0
953.0,20,Pune,2,2223000.0
1209.0,15,Mumbai,3,7048000.0
1192.0,18,Mumbai,3,6823000.0
1410.0,31,Mumbai,3,7543000.0
1376.0,17,Mumbai,3,8185000.0
1148.0,6,Pune,3,3840000.0
1663.0,10,Nagpur,4,3222000.0
1450.0,31,Nagpur,3,898000.0
1296.0,39,Nagpur,3,500000.0
1247.0,32,Pune,3,2409000.0
1167.0,34,Pune,3,1996000.0
1173.0,36,Mumbai,3,5870000.0
1433.0,9,Mumbai,3,9192000.0
1366.0,20,Nagpur,3,1487000.0
1214.0,38,Mumbai,3,6266000.0
1555.0,20,Nagpur,3,2213000.0
1108.0,14,Pune,2,3235000.0
1353.0,19,Pune,3,3422000.0
1501.0,30,Nagpur,3,1576000.0
810.0,22,Pune,2,1422000.0
1108.0,19,Pune,2,2466000.0
1784.0,34,Pune,4,4239000.0
865.0,17,Pune,2,1717000.0
,22,Mumbai,4,9032000.0
,29,Pune,2,1291000.0
1342.0,22,Mumbai,3,7831000.0
828.0,19,Mumbai,2,4168000.0
984.0,31,Pune,2,1858000.0
1069.0,29,Pune,2,2335000.0
1008.0,12,Nagpur,2,1725000.0
,38,Pune,3,3254000.0
1492.0,1,Pune,3,5076000.0
1505.0,31,Mumbai,3,8586000.0
1268.0,37,Mumbai,3,6105000.0
1773.0,18,Nagpur,4,2781000.0
1560.0,15,Mumbai,3,9798000.0
1314.0,33,Nagpur,3,1271000.0
,19,Mumbai,2,4491000.0
1440.0,13,Nagpur,3,2327000.0
,18,Mumbai,3,8577000.0
1233.0,31,Mumbai,3,6412000.0
1450.0,28,Mumbai,3,8286000.0
1469.0,13,Nagpur,3,2621000.0
1096.0,8,Pune,2,3857000.0
1398.0,4,Pune,3,4651000.0
1321.0,10,Mumbai,3,8412000.0
1310.0,20,Pune,3,3196000.0
1080.0,9,Mumbai,2,6543000.0
1038.0,7,Mumbai,2,6904000.0
1242.0,28,Nagpur,3,867000.0
1701.0,21,Mumbai,4,9529000.0
2014.0,17,Pune,4,5891000.0
1071.0,2,Mumbai,2,6865000.0
831.0,39,Nagpur,2,500000.0
1080.0,34,Mumbai,2,5216000.0
908.0,35,Mumbai,2,4190000.0
1054.0,32,Pune,2,1636000.0
1339.0,38,Nagpur,3,823000.0
880.0,6,Nagpur,2,915000.0
1413.0,8,Mumbai,3,9144000.0
1477.0,31,Mumbai,3,7973000.0
1731.0,8,Pune,4,6233000.0
1837.0,39,Mumbai,4,9895000.0
1549.0,30,Mumbai,3,8509000.0
1994.0,28,Nagpur,4,2514000.0
1025.0,25,Pune,2,2004000.0
1297.0,33,Nagpur,3,650000.0
1260.0,12,Nagpur,3,2138000.0
1354.0,36,Mumbai,3,6934000.0
1559.0,15,Pune,3,4655000.0
1087.0,17,Nagpur,2,1356000.0
1800.0,0,Mumbai,4,11790000.0
1647.0,27,Mumbai,4,9881000.0
1324.0,39,Mumbai,3,6193000.0
1365.0,22,Mumbai,3,8037000.0
,4,Pune,2,2748000.0
350.0,5,Mumbai,1,2338000.0
1172.0,32,Pune,3,2134000.0
1313.0,6,Pune,3,4563000.0
1282.0,18,Pune,3,3566000.0
819.0,22,Mumbai,2,4473000.0
1045.0,28,Mumbai,2,5851000.0
1816.0,39,Mumbai,4,9815000.0
1458.0,3,Pune,3,4986000.0
,6,Mumbai,3,8417000.0
1095.0,20,Nagpur,2,1127000.0
1461.0,34,Mumbai,3,7952000.0
1652.0,18,Mumbai,4,9858000.0
1468.0,17,Mumbai,3,8783000.0
1062.0,27,Nagpur,2,587000.0
1303.0,9,Pune,3,3499000.0
898.0,5,Mumbai,2,5933000.0
1098.0,23,Nagpur,2,745000.0
1410.0,37,Mumbai,3,6798000.0
1018.0,7,Nagpur,2,2017000.0
1124.0,39,Nagpur,2,500000.0
1704.0,31,Nagpur,4,1900000.0
1146.0,8,Mumbai,3,7201000.0
1471.0,7,Nagpur,3,2508000.0
1100.0,3,Nagpur,2,2405000.0
809.0,1,Mumbai,2,5101000.0
1206.0,21,Pune,3,3058000.0
1080.0,3,Mumbai,2,6744000.0
506.0,17,Mumbai,1,2057000.0
787.0,22,Nagpur,2,586000.0
1059.0,25,Mumbai,2,5347000.0
1718.0,4,Nagpur,4,3842000.0
1005.0,39,Nagpur,2,500000.0
1194.0,4,Nagpur,3,2592000.0
1424.0,28,Mumbai,3,7731000.0
1306.0,1,Mumbai,3,8870000.0
1088.0,28,Pune,2,2349000.0
1796.0,11,Pune,4,5142000.0
1671.0,35,Pune,4,3944000.0
358.0,13,Pune,1,500000.0
1539.0,24,Mumbai,3,8556000.0
1394.0,34,Pune,3,3159000.0
1545.0,13,Mumbai,3,9627000.0
1236.0,13,Pune,3,3690000.0
1492.0,5,Nagpur,3,3253000.0
1874.0,29,Nagpur,4,2508000.0
1800.0,10,Pune,4,5753000.0
1827.0,13,Nagpur,4,2856000.0
1571.0,24,Mumbai,3,9446000.0
1526.0,37,Mumbai,3,7773000.0
1532.0,9,Nagpur,3,2256000.0
817.0,13,Pune,2,2645000.0
1994.0,10,Nagpur,4,4201000.0
1288.0,21,Nagpur,3,1016000.0
1318.0,27,Pune,3,3128000.0
1247.0,7,Pune,3,3576000.0
1370.0,32,Mumbai,3,7398000.0
469.0,0,Mumbai,1,3021000.0
1285.0,11,Mumbai,3,7525000.0
766.0,9,Nagpur,2,1364000.0
863.0,37,Nagpur,2,500000.0
560.0,4,Pune,1,1860000.0
609.0,30,Pune,1,500000.0
1409.0,16,Mumbai,3,8916000.0
1035.0,14,Mumbai,2,6374000.0
1169.0,39,Mumbai,3,5337000.0
1145.0,18,Mumbai,3,5962000.0
801.0,32,Pune,2,1017000.0
958.0,5,Pune,2,2819000.0
766.0,8,Mumbai,2,4978000.0
1096.0,31,Pune,2,2445000.0
432.0,30,Pune,1,500000.0
1066.0,36,Pune,2,1855000.0
1519.0,7,Mumbai,3,9344000.0
1622.0,31,Mumbai,4,9118000.0
1600.0,10,Nagpur,4,3249000.0
1375.0,3,Mumbai,3,8601000.0
853.0,13,Pune,2,2437000.0
1517.0,37,Nagpur,3,1059000.0
1382.0,2,Mumbai,3,9339000.0
1294.0,13,Pune,3,3789000.0
780.0,20,Pune,2,1530000.0
1337.0,23,Pune,3,3657000.0
1692.0,2,Mumbai,4,11162000.0
1459.0,11,Nagpur,3,2558000.0
1121.0,12,Nagpur,2,1272000.0
1391.0,13,Mumbai,3,8597000.0
1202.0,4,Pune,3,4180000.0
1263.0,12,Mumbai,3,7656000.0
1495.0,17,Mumbai,3,8926000.0
1320.0,0,Mumbai,3,8238000.0
1226.0,14,Pune,3,3176000.0
1334.0,22,Mumbai,3,7496000.0
916.0,13,Nagpur,2,1071000.0
854.0,19,Pune,2,2477000.0
,15,Nagpur,3,2210000.0
994.0,26,Nagpur,2,500000.0
1395.0,23,Pune,3,4158000.0
560.0,15,Nagpur,1,500000.0
1617.0,27,Pune,4,3731000.0
1166.0,39,Mumbai,3,5179000.0
1780.0,3,Mumbai,4,11655000.0
350.0,28,Mumbai,1,1390000.0
615.0,35,Nagpur,1,500000.0
1689.0,30,Pune,4,4282000.0
1255.0,22,Pune,3,2677000.0
1307.0,11,Mumbai,3,7920000.0
1244.0,31,Nagpur,3,1494000.0
1257.0,36,Mumbai,3,6585000.0
1388.0,36,Pune,3,2977000.0
850.0,30,Mumbai,2,4305000.0
1143.0,5,Pune,3,3882000.0
1654.0,28,Nagpur,4,1964000.0
1265.0,12,Pune,3,3421000.0
986.0,1,Nagpur,2,1604000.0
1235.0,37,Pune,3,1934000.0
1565.0,21,Mumbai,3,9074000.0
1133.0,5,Mumbai,3,7023000.0
1140.0,1,Mumbai,3,7745000.0
1373.0,15,Mumbai,3,8769000.0
1498.0,6,Mumbai,3,9618000.0
1716.0,2,Mumbai,4,10865000.0
1157.0,27,Mumbai,3,5744000.0
1324.0,7,Nagpur,3,2678000.0
1566.0,15,Pune,3,4827000.0
541.0,26,Nagpur,1,500000.0
1253.0,32,Mumbai,3,6618000.0
1364.0,7,Nagpur,3,2789000.0
1175.0,32,Nagpur,3,581000.0
908.0,38,Nagpur,2,500000.0
1408.0,2,Pune,3,4731000.0
