f1,f2,target
1.105,-0.1901,2.9108
2.0474,-0.9581,-4.0941
-0.6371,-2.0613,-6.3051
-0.4247,1.358,-1.66
-1.2548,-0.9775,-3.265
-1.8746,-0.1048,1.9592
2.6924,2.7672,-0.7268
0.2997,0.8702,3.5186
-2.5738,-1.4922,2.1794
0.3229,-0.0414,2.3997
-0.9211,1.7795,-2.2633
2.7565,0.5336,-1.9061
0.1602,1.096,1.8004
-1.579,2.3999,2.1984
2.1467,1.5072,-1.9523
-2.5794,1.6253,5.6306
2.8619,-0.0372,-1.435
-1.8139,0.9526,3.5224
0.7154,-1.7554,2.8327
2.6205,0.5262,-3.035
-0.9765,-2.0976,-5.3644
1.19,-2.8742,-0.2231
1.0324,-2.0158,1.4371
0.725,-2.073,2.1851
-1.1954,0.8672,-2.398
0.6541,1.5752,5.5434
0.5726,-1.7764,1.9927
2.3602,-1.4535,-4.6747
0.623,-1.4199,2.477
-1.8197,1.1136,2.7316
-0.4477,-1.9981,-4.6132
-0.2611,1.4116,-0.3191
-2.5889,2.067,5.5623
1.4091,-1.4563,-0.4202
1.8956,1.6494,-1.0344
2.1224,2.046,-0.6735
-2.4893,1.5112,6.9325
0.9135,1.1635,5.157
-2.1001,-1.5933,2.2317
-2.7311,1.754,4.4642
1.1642,1.7937,4.8217
2.4326,-1.1208,-4.2308
-2.4138,-0.3845,3.745
2.2354,0.9972,-3.0306
1.5892,1.2684,1.4203
-2.9107,1.7033,3.5351
-0.1253,2.2012,1.5748
-2.8549,-0.786,1.7102
1.0093,-1.4358,1.4203
0.8924,-1.2945,3.0668
2.618,1.1009,-2.5581
-0.6435,-1.3727,-4.8606
-2.6064,0.2319,3.5445
-0.3022,-2.4816,-4.4361
1.2726,0.2764,2.4178
-1.634,-2.2234,-1.6256
2.562,-0.9513,-4.703
-1.5155,0.6529,-0.159
-1.6528,-0.6069,0.7227
0.2485,-1.0465,1.2548
0.3635,2.6034,5.5056
-2.0047,-1.6105,2.2277
0.0272,2.551,2.7151
-2.2255,0.7612,5.6623
1.5384,-0.9501,-0.4511
1.9602,2.3359,-0.4793
2.5059,2.5661,-1.4404
-0.639,-1.7949,-5.136
0.8972,-2.6138,1.0298
0.0959,-0.1282,0.5402
-1.1862,-1.8324,-4.5832
1.8524,2.6715,0.9277
1.4369,2.7401,4.2731
2.7859,-1.9389,-4.2211
-1.6188,1.9002,2.7199
-2.1945,2.7112,5.8026
-1.2342,1.3689,-1.0816
-2.117,-1.1381,2.5155
2.6806,-1.7187,-4.4159
-1.6538,0.9124,1.4351
-2.9295,0.6017,2.133
-1.4714,2.9272,1.4416
-1.5431,0.597,0.207
-2.6498,2.8815,6.4352
0.1069,2.6332,3.9134
2.4746,-2.6682,-6.9203
-1.7286,-2.1831,-1.6074
-2.4648,1.524,5.6005
0.4384,-0.3912,2.6893
0.426,1.0807,4.0861
-2.4991,-0.9909,2.1484
1.7757,0.5558,-0.2852
-1.9067,-2.3672,-0.2126
-2.4681,-0.7109,2.7618
0.2048,-2.2721,-0.2134
-2.4877,0.2265,4.062
1.4945,-2.1524,-1.216
0.8749,-1.2047,3.0431
1.7893,1.2439,0.0754
-2.7677,-2.5677,-0.1987
-2.3379,-0.8053,2.9687
0.4195,-2.1692,0.3177
1.6209,-0.5471,-0.7904
0.816,-2.9836,1.0628
-2.6345,-1.1236,2.7319
0.1949,-2.8787,-1.0925
-0.0512,2.3579,1.3705
2.3141,-1.401,-5.6271
2.2619,-2.1163,-6.6043
-2.1635,-0.1976,3.884
-0.0007,-1.1048,-0.7129
-1.0599,1.8609,-2.2002
2.7812,1.6239,-1.4145
-2.5003,-2.9384,0.7693
-0.4105,-0.2193,-3.7283
1.4382,-1.3153,-0.5555
-2.9236,-0.8674,0.7308
1.5762,-0.5194,-1.0505
1.9256,2.2489,-1.1442
2.9295,-2.2942,-3.4494
-0.1003,0.7346,0.235
1.7386,2.8272,1.7061
2.8257,-0.7291,-4.2133
-1.4754,0.3073,-0.594
-1.511,-1.3716,-2.5259
0.4681,2.347,5.7841
-2.8828,1.5007,3.8196
1.9004,-0.4951,-2.1742
-1.0168,-2.4892,-6.4393
-1.2945,-1.9937,-3.9398
0.4664,2.5338,6.1333
-1.6895,-1.7766,-0.9319
0.0774,-2.7717,-2.5788
-0.5788,0.4,-3.4288
-0.492,-0.1244,-3.5578
1.2461,-2.6616,0.1505
-0.0355,0.9181,0.186
-0.3366,0.6669,-2.4107
0.7035,0.5826,4.6062
-1.4255,-0.0609,-0.6212
-1.6121,-1.0387,-0.7183
-2.3837,0.6834,4.1071
-1.2879,0.4212,-1.6084
-0.9314,-2.2215,-5.4369
-0.5897,0.4435,-3.3626
-1.0422,-2.0308,-5.9954
-1.9092,-1.3616,1.1117
-0.225,-1.0289,-3.0051
-2.9675,-1.8223,-0.6648
-2.3614,2.8652,6.957
2.0435,1.0694,-2.5403
2.315,2.1323,-1.5365
2.8713,-2.4758,-4.1606
2.2092,-1.2311,-4.9448
-2.1257,0.4691,4.3398
1.6768,0.9997,0.2841
-0.3574,-0.6199,-2.246
-0.8457,-0.6727,-4.4671
0.3049,2.7367,4.7063
1.8878,-1.2552,-3.4383
-1.7587,0.9404,2.8297
-0.544,2.3243,-1.3776
0.8226,0.2127,4.7544
2.9893,-0.7194,-1.9066
-2.008,0.8937,3.9757
-2.4299,1.7879,5.2136
1.7285,-0.2378,-1.5968
1.8919,-1.4574,-3.0094
1.8321,-2.8615,-4.482
-2.011,-1.757,0.9858
2.6513,0.6259,-2.3752
0.1516,2.0241,3.1961
2.9353,-1.5124,-2.9464
0.1871,0.6835,2.2782
-1.8115,0.5248,2.3725
-0.2528,-1.6834,-3.6521
-0.6029,-2.1677,-5.0334
-1.3184,1.9295,-0.1399
-1.5007,0.65,-0.0931
2.0286,0.2916,-2.9762
2.8959,-2.4392,-4.3573
1.8683,0.6065,-1.8504
-0.4177,2.0317,-0.9714
2.0241,1.7931,-1.5818
1.5138,-1.812,-1.5479
-2.6723,-1.0815,2.828
-1.4191,-2.0123,-3.1359
-0.6193,-2.6135,-6.3561
2.7497,0.4453,-2.7355
-1.0489,2.5325,-1.0043
-0.8009,-1.5241,-6.0505
1.7833,-2.5038,-3.906
1.862,0.0118,-2.0204
-0.1636,1.4188,-0.214
-1.4315,-2.3796,-3.672
1.6673,-1.6527,-2.5116
-1.571,0.4013,0.1953
1.7718,0.3897,-1.5198
-2.6471,0.5283,3.75
-0.5621,0.9594,-2.4411
-1.7554,2.2023,3.5522
-0.5901,-0.1601,-3.8393
2.7021,0.1105,-2.7898
1.8251,-0.884,-2.4483
-1.875,-1.2794,1.511
1.5272,-0.4001,-0.4091
-0.0957,1.638,1.031
-0.7112,-1.4857,-5.8329
2.1502,-0.2519,-3.9382
-1.5493,-0.0761,-0.3952
-0.6382,-2.8108,-6.428
2.8883,-0.9873,-3.3751
0.5953,-0.0034,3.9337
-2.2096,1.9829,5.8337
2.0044,1.125,-0.9448
-2.5427,1.1751,4.799
-0.9693,-1.1816,-5.1885
2.2588,2.9883,-1.2191
-0.9101,2.8263,-1.17
0.9282,-2.7677,1.418
1.7925,-0.6233,-2.292
2.5786,-0.5716,-4.032
-2.5554,0.7097,3.3658
1.8333,0.2283,-1.8881
1.273,1.1117,2.9311
0.2822,1.698,3.7756
0.0935,0.4724,1.0699
0.3789,2.3906,5.4454
-0.5426,-2.2178,-5.1987
1.7012,-1.0663,-1.8772
2.212,0.3,-3.9903
-1.7422,0.8764,2.8818
-1.0433,2.6514,-1.1402
0.2633,0.7835,3.4117
-1.3924,0.3083,-1.1084
2.5752,-0.3554,-4.327
-1.3614,1.7023,-0.3523
-0.8505,-2.5738,-6.3973
0.0132,1.7526,1.4175
-2.6979,2.4117,4.9252
-1.7475,2.9083,4.0761
1.5472,2.4781,2.6318
0.6116,2.1928,5.8871
-0.1985,-1.0872,-3.0997
-2.3252,1.1935,4.6854
1.5642,0.5059,0.087
1.9934,2.3858,-1.048
1.2845,-0.3855,1.7718
1.0959,1.2612,4.1023
0.8061,-1.5324,2.8449
0.1355,0.2727,1.4618
1.2722,2.4376,4.7701
0.254,1.2272,2.9823
2.843,-2.7886,-4.764
-2.5922,-1.5061,1.7818
0.4189,0.5975,3.3141
-1.0244,1.4146,-2.6684
-2.6171,2.8957,5.5004
1.4021,-0.9333,-0.5707
-1.7432,-2.945,-0.9238
-2.8402,-1.1732,1.4579
2.7029,-2.1805,-5.0822
0.0082,2.1738,2.3633
-0.0849,1.1066,1.0169
2.9705,0.8844,-0.0797
2.5808,-2.8349,-6.8824
-2.7481,-1.4688,1.933
2.7056,-1.5604,-4.9755
-2.9307,2.883,4.8951
2.7297,0.029,-2.708
-2.3529,-1.0389,3.485
1.3095,1.9247,3.8828
1.0105,-0.7605,2.5808
2.9928,-1.9555,-3.6663
-1.6435,0.2399,0.6911
1.1899,-1.555,0.8907
-2.6432,-1.5494,2.2503
0.7529,1.5496,5.9648
0.3489,-0.9458,1.5292
1.2147,-2.1204,0.383
2.0179,0.4711,-2.7084
1.8173,2.8961,1.7802
-1.6537,2.436,2.9965
1.7454,-0.0682,-1.4277
1.5142,-1.8498,-1.8359
0.888,-2.5721,1.0084
-2.1233,2.6028,6.1801
-0.0644,-2.3426,-1.9649
-0.8617,-0.4277,-4.2642
1.4919,0.3888,1.4187
-1.5268,1.5968,1.2595
0.3216,-0.083,2.082
-0.3895,2.6134,-0.6853
-2.3096,-2.8855,1.0698
0.2088,-1.2875,0.1442
1.1112,0.6409,4.1068
-2.1141,1.4735,4.7886
2.6147,-1.842,-5.0628
1.6604,1.7033,1.1977
1.2965,-0.8386,1.6578
1.1132,2.7607,6.2449
0.0364,-1.0076,-0.74
-1.9088,2.492,4.7658
0.8247,-1.6018,2.6986
-0.2049,-1.3655,-2.8715
-0.5882,-1.4874,-5.5221
-1.3051,2.5297,-0.1835
1.1941,-2.0228,0.4432
0.1582,2.4861,3.7049
2.8641,1.3332,-0.9347
1.2065,1.1335,3.6192
-2.0787,1.0937,4.1239
2.3836,-1.1166,-5.3625
0.4386,1.3881,4.4899
-0.4119,-1.0074,-3.7397
-2.8626,-1.6968,0.9211
0.7095,-2.1529,2.1941
-0.9266,1.6436,-2.3162
1.4936,-0.9831,-0.1489
-1.1391,-0.799,-4.2629
-2.7548,2.8895,5.103
2.3343,-2.1244,-5.9637
-0.8932,0.6898,-3.1914
2.3543,-2.8578,-6.9536
0.2717,-2.8299,-0.7908
1.9657,-1.0018,-4.0058
0.1363,1.8685,3.0367
0.4269,-2.6773,1.0562
-0.7305,-0.1199,-3.7501
0.339,1.7693,4.2599
0.7275,0.5253,4.4996
-2.276,2.6561,7.2482
2.2017,0.6745,-3.4485
2.1763,1.6119,-2.6967
0.7389,-1.0303,2.469
-0.5603,2.5321,-0.9889
2.8298,-2.6596,-4.8332
-1.427,2.2227,1.0834
-0.8716,-0.1523,-4.0789
-0.5865,-0.5968,-4.0322
1.9172,-2.9929,-5.3673
-1.7553,1.6775,3.4576
-2.6391,1.702,5.04
-2.4075,-0.3256,4.0548
0.1909,1.7568,2.9467
1.5441,-1.6103,-0.9878
-1.3504,-2.121,-3.3508
0.9485,2.6159,6.2847
-0.429,0.859,-1.7868
2.3525,2.0224,-2.1969
2.1592,-2.3539,-6.1145
-1.0821,2.2548,-0.8728
-0.5916,-1.4073,-4.3014
2.619,-1.4881,-5.1116
-2.9397,-1.0443,0.8562
2.8355,-2.6813,-5.0203
1.1936,-2.5705,0.0734
0.2645,-2.9112,-0.3174
-1.3514,-2.7686,-4.99
-0.286,1.9339,-0.172
2.597,1.1641,-2.4265
0.5183,2.54,5.8676
0.2549,2.6826,4.1062
2.0994,-1.4066,-4.8665
1.9064,1.9578,-0.7701
-1.3998,-0.9252,-2.0326
0.3531,0.5809,2.8747
-1.1677,2.359,-0.7426
1.9681,1.9906,-0.9717
-0.4642,0.4376,-3.4369
2.7747,2.7291,0.0669
-0.2539,0.1896,-1.7022
2.0092,-2.5053,-6.3103
2.7736,-2.6662,-5.4324
-0.2687,-2.1333,-3.977
-0.9981,-0.5359,-4.714
0.7243,-1.0908,2.9023
0.4963,-1.1489,2.514
-0.4661,1.3895,-2.0052
1.7818,1.444,-0.4324
-1.8802,-0.8241,1.4286
-1.373,-0.4146,-2.3231
-2.9782,-0.7706,-0.1432
-0.0274,0.5715,0.7604
-1.4966,-1.7912,-1.9186
-2.4946,0.663,4.7918
-2.4765,-0.795,3.0053
-1.3647,0.8943,-0.9856
2.7317,-1.1022,-4.2351
1.8633,2.0863,-0.1978
2.6908,-2.091,-4.9665
-1.3066,-2.6797,-4.9443
2.0073,-2.6548,-6.0442
2.063,-0.0376,-3.7597
0.9511,-1.3025,1.8821
0.5137,1.1588,4.4398
-1.1297,-2.7897,-5.5698
2.744,-2.1685,-4.2737
-0.0459,-1.5148,-1.6932
2.9928,1.2214,0.35
-1.0024,0.9297,-2.7949
2.3851,0.8044,-3.5017
-1.5625,0.3846,0.6756
-2.0332,2.5164,6.4424
2.1155,-2.04,-5.9199
-2.67,2.5513,6.1041
0.404,1.8755,5.1102
-1.2981,1.5989,-0.3279
1.7595,1.8538,0.4693
1.8708,-0.5571,-2.9139
0.5325,-0.9303,2.7929
-0.4283,2.9241,-0.4764
-0.5752,0.9626,-2.1885
2.2125,2.8166,-0.5809
0.6746,2.2996,6.409
-0.7032,1.5804,-2.6381
2.4404,-1.3604,-5.6839
1.185,-2.4001,0.3256
-0.679,-2.985,-6.5789
1.2665,2.8146,4.8255
1.0035,-0.4977,3.5905
-0.4005,-1.7739,-4.6336
0.0623,0.9629,1.6161
-2.7412,0.7419,3.4073
-1.6829,-1.9599,-1.4798
1.984,-2.6729,-5.5701
1.5363,-1.7762,-1.033
-0.0895,2.3879,1.9914
-0.7992,1.482,-2.2438
1.0142,2.9911,6.5312
-1.1964,0.9341,-1.6662
1.7912,2.9462,1.0569
-2.4033,1.4206,4.699
1.5914,-2.8606,-3.1234
-1.8861,2.8733,5.985
-1.4729,-2.8783,-3.2175
-2.369,0.7849,4.9952
1.8921,-1.0141,-3.2967
2.473,-1.2658,-5.3779
-2.5408,-0.5557,2.4414
1.1734,1.8991,4.4919
-0.1543,-0.5101,-1.3261
0.9783,1.5723,5.3884
0.6958,2.0196,5.9343
2.7371,0.4916,-2.4519
-2.0159,-0.541,2.456
2.5252,-1.2356,-5.5673
-1.6634,0.8252,1.5392
2.917,2.2924,0.2876
-2.6695,-2.6305,0.393
-2.8365,-1.5497,0.661
-0.8474,2.8652,-0.8235
2.4089,-2.1775,-6.205
-0.6886,-2.2425,-6.3095
1.7907,-1.3841,-2.9475
0.2278,-1.1516,0.9162
1.3735,-2.5923,-0.9013
2.6611,-0.394,-3.9898
-2.0621,-1.0395,2.293
-2.5191,-1.2875,2.7093
0.1878,-2.046,-0.0115
0.921,-2.7009,1.1621
1.6662,-1.0779,-2.0206
-0.5636,0.9504,-2.6536
1.3038,-2.0726,-0.6579
-1.344,-0.0527,-2.2031
-0.3374,-0.7857,-2.8958
0.2673,-2.6643,-0.8176
0.7035,2.8988,7.0598
0.7775,-1.4816,2.4244
-1.0907,-1.6899,-5.8122
2.3652,2.6288,-0.8795
-1.4937,2.3654,2.1047
0.5979,0.2334,4.5394
0.2544,-2.0249,-0.0207
-2.3455,2.476,5.8576
2.1865,-2.4615,-6.1131
-2.0844,-2.7453,1.0366
1.0771,0.0829,3.3498
2.4339,1.9795,-2.4303
-1.8669,0.7775,3.2216
1.3179,-1.5558,-0.1359
-2.1314,0.2915,4.2376
-1.4442,2.043,1.5993
-2.7027,2.174,5.2063
-1.3985,2.1142,0.6476
0.6463,-0.5095,3.4678
-1.7712,2.6291,3.3033
-0.2471,-1.8315,-3.9407
2.8706,2.1827,0.1152
-2.3547,-1.4157,2.5625
2.7005,0.5862,-2.4964
1.5963,1.5313,1.5946
-2.5745,-1.5813,2.6857
0.3321,-1.1267,1.2017
0.7784,-1.08,3.1403
-1.3605,-1.9651,-2.5183
-0.1306,-0.4652,-1.1429
0.2576,-2.6524,-0.3175
1.0356,2.3744,6.8722
2.892,-2.6715,-5.0013
-1.196,-1.337,-4.2605
2.7454,0.017,-3.3237
-0.2686,2.585,-0.0357
-0.3933,0.0255,-2.57
2.1801,-1.642,-5.1225
2.2032,-1.0995,-4.4016
1.0391,1.0468,4.6904
-2.4107,2.0866,6.2373
0.1042,2.3899,3.2301
-1.0911,-0.7274,-3.9914
0.388,2.4787,5.8246
-2.4584,-2.6471,0.594
1.4888,2.3034,2.8717
1.0758,-2.6668,0.769
-1.5977,2.9407,3.0019
1.233,0.4111,2.5543
0.8029,-1.7615,2.9747
0.8914,2.3828,6.5959
-0.7627,-1.0739,-4.8358
1.8226,-2.4816,-3.9377
1.7254,1.9598,0.7891
0.257,1.9708,3.4685
-2.1216,1.3223,3.8131
2.6223,1.4506,-1.7788
1.6826,-0.8297,-1.9838
1.6938,-0.2282,-1.4838
2.5122,0.0402,-3.9118
-0.2792,0.3706,-1.6487
0.7779,2.5163,6.8896
-1.909,0.9159,3.4171
2.3448,2.6176,-1.4969
-1.7478,0.1286,1.1494
-0.1676,1.0016,-1.0279
1.3143,-2.9742,-0.8857
-0.6482,0.3526,-3.2921
-1.1866,-0.1603,-2.9847
-0.0611,-0.7263,-0.6005
-2.5096,0.731,3.9015
-2.0119,0.4829,3.5046
-1.8263,1.0702,2.8032
-1.1343,2.1441,-0.8568
2.2034,-2.0221,-6.2539
0.6944,0.7202,4.4312
-0.2848,-1.7407,-4.7011
-2.4173,2.4393,6.6248
-1.8372,2.3016,4.4475
-2.1612,1.9047,4.9396
0.0569,2.4038,3.433
-0.3863,-1.3754,-3.8471
1.0122,-0.2748,3.2133
-2.4725,-0.9952,2.7961
2.624,2.1653,-0.5512
2.351,1.2839,-2.866
-0.6907,-2.2055,-6.0586
-2.8587,1.6793,3.4983
-2.9697,-2.5264,-1.3366
2.4169,0.7451,-3.3251
2.6363,-1.5829,-4.4935
2.3289,-1.4997,-5.1265
1.6615,2.0761,1.2738
-0.2482,-1.5114,-3.4292
-2.8322,0.3092,2.7102
-0.0087,0.0562,-0.218
2.0367,-2.0203,-5.5111
-1.8635,2.579,4.8911
0.4214,-0.9266,1.9249
-2.4106,2.0226,5.0173
0.8118,2.722,6.6955
-0.2574,2.5786,1.0195
1.176,1.3674,3.8268
-2.5051,-2.9236,1.2447
-2.848,-1.7096,0.3485
0.3072,0.7472,2.6408
-2.3273,2.9265,7.3274
0.6695,-2.2258,2.0147
-2.2299,2.5287,6.4021
0.8027,1.3263,5.4252
-0.5775,2.4696,-0.941
0.7106,1.2549,5.0574
2.6478,-2.602,-5.5362
1.2976,1.8237,4.0305
-1.5574,-0.6704,-0.6379
0.0061,-0.356,-0.6766
0.8377,-1.5236,2.3534
-2.8506,2.3413,4.8067
-1.2779,2.6345,-0.1369
-0.5496,2.9445,-0.9746
0.6804,-1.5926,2.2872
-1.6236,-2.279,-2.4713
-0.904,1.8512,-2.1974
1.5335,-1.0511,-1.0253
-0.1076,-2.5024,-3.3356
-0.2141,-1.5614,-3.4256
2.0512,1.8863,-1.5996
0.4271,2.4085,5.9257
1.8231,1.2157,-1.2917
-2.1857,-1.4596,1.9487
1.7339,-0.7208,-2.3097
-2.7559,1.9262,4.6014
