basket_id,items
1,"butter,coffee,sugar"
2,sugar
3,"eggs,milk"
4,"coffee,eggs,oil,sugar"
5,"milk,rice"
6,"eggs,oil,rice"
7,"butter,jam,rice"
8,"coffee,jam,oil,sugar"
9,"bread,butter,jam,tea"
10,"coffee,sugar"
11,"eggs,oil"
12,oil
13,"bread,jam,rice"
14,"jam,oil"
15,"coffee,eggs,sugar"
16,"butter,jam,oil"
17,"coffee,milk,sugar,tea"
18,"coffee,jam,tea"
19,"milk,sugar"
20,"coffee,jam,rice"
21,"bread,butter,jam,milk"
22,jam
23,"bread,coffee,jam,sugar"
24,"bread,butter,jam,oil,rice"
25,rice
26,"eggs,milk"
27,"eggs,milk,sugar"
28,"bread,eggs,oil"
29,"bread,butter,jam,oil,tea"
30,"eggs,jam"
31,"butter,eggs"
32,rice
33,"jam,tea"
34,"eggs,milk"
35,"butter,eggs,jam"
36,"butter,jam,milk"
37,"coffee,sugar"
38,"bread,butter"
39,"butter,eggs,jam,oil"
40,"coffee,sugar"
41,"eggs,rice"
42,"bread,butter,coffee,jam,oil,sugar"
43,"coffee,oil,sugar"
44,rice
45,"coffee,rice,sugar"
46,"jam,oil,sugar"
47,"butter,coffee,jam,milk,sugar"
48,rice
49,"bread,butter,jam"
50,"eggs,jam,milk"
51,"bread,butter,jam"
52,"jam,oil,sugar"
53,rice
54,"butter,jam,rice"
55,"oil,tea"
56,sugar
57,"bread,butter,eggs,jam"
58,"bread,butter,sugar"
59,"coffee,oil,sugar,tea"
60,"bread,butter,sugar"
61,"butter,jam,oil"
62,"bread,butter"
63,"milk,rice"
64,"coffee,oil,sugar"
65,"bread,butter,coffee,jam,sugar"
66,sugar
67,milk
68,"bread,butter,eggs,jam"
69,"eggs,oil"
70,eggs
71,butter
72,eggs
73,eggs
74,"bread,butter,eggs,oil"
75,"coffee,jam,rice"
76,"coffee,oil,sugar"
77,"butter,jam,milk"
78,tea
79,"oil,rice"
80,"oil,sugar"
81,"eggs,tea"
82,bread
83,"butter,jam"
84,"coffee,jam,sugar"
85,"bread,coffee,milk,sugar"
86,"sugar,tea"
87,"eggs,sugar"
88,oil
89,"coffee,sugar,tea"
90,sugar
91,"bread,butter,eggs,jam"
92,butter
93,"butter,oil"
94,"milk,rice,tea"
95,"coffee,rice,sugar"
96,"eggs,milk,oil"
97,"butter,jam"
98,"bread,eggs"
99,eggs
100,rice
101,"butter,eggs,jam,tea"
102,"jam,oil,tea"
103,"oil,rice,tea"
104,"coffee,jam"
105,"oil,rice"
106,"bread,butter,jam,sugar"
107,rice
108,"butter,jam,tea"
109,"bread,butter,coffee,jam,sugar"
110,sugar
111,"bread,butter,jam,milk,tea"
112,eggs
113,"coffee,oil,sugar"
114,"coffee,rice,sugar,tea"
115,"bread,butter,jam,milk,sugar"
116,"eggs,milk"
117,"butter,jam,tea"
118,"bread,tea"
119,oil
120,sugar
121,"bread,butter,jam,milk"
122,tea
123,eggs
124,"coffee,sugar,tea"
125,jam
126,"milk,oil"
127,"butter,coffee,jam,sugar"
128,oil
129,"butter,coffee,jam,sugar"
130,"milk,oil,rice"
131,"coffee,sugar"
132,"butter,jam"
133,oil
134,"butter,jam"
135,"bread,butter,eggs,rice"
136,"butter,jam,rice"
137,"coffee,rice"
138,"jam,milk"
139,sugar
140,eggs
141,sugar
142,"butter,eggs,jam"
143,"coffee,sugar"
144,tea
145,"rice,sugar"
146,"bread,rice,tea"
147,"coffee,jam"
148,"eggs,sugar"
149,"butter,jam"
150,"bread,butter,jam,milk"
151,"bread,milk,sugar"
152,"milk,tea"
153,"butter,coffee,eggs,jam,sugar"
154,"rice,sugar"
155,"bread,butter,jam"
156,"oil,rice,tea"
157,"butter,milk,oil"
158,"butter,jam,milk"
159,"milk,oil"
160,rice
161,"butter,coffee,jam,sugar"
162,"milk,rice,tea"
163,oil
164,oil
165,oil
166,"rice,tea"
167,"butter,jam"
168,"coffee,milk,rice"
169,milk
170,tea
171,"butter,eggs,rice"
172,bread
173,"eggs,rice,sugar"
174,"bread,butter,coffee,milk,sugar"
175,"butter,jam,milk"
176,"bread,butter,coffee,rice,sugar"
177,"rice,tea"
178,"butter,coffee,jam,sugar"
179,sugar
180,"butter,jam"
181,"bread,sugar"
182,"eggs,rice,tea"
183,"butter,coffee,jam"
184,milk
185,"eggs,sugar"
186,milk
187,"jam,milk,sugar"
188,"butter,jam,tea"
189,"eggs,jam,oil"
190,"butter,jam,sugar"
191,oil
192,"butter,sugar"
193,"bread,butter,jam,rice"
194,"butter,eggs,oil"
195,"eggs,sugar"
196,"butter,jam,rice"
197,"rice,sugar,tea"
198,"butter,oil"
199,sugar
200,"coffee,eggs,oil"
201,"bread,butter"
202,"coffee,oil,sugar"
203,tea
204,eggs
205,tea
206,"milk,rice,tea"
207,"coffee,milk,sugar,tea"
208,"bread,jam"
209,"jam,rice"
210,"eggs,oil,tea"
211,sugar
212,"jam,milk"
213,eggs
214,oil
215,sugar
216,"coffee,milk"
217,eggs
218,"bread,butter,milk,sugar"
219,"eggs,jam,rice"
220,"sugar,tea"
221,"oil,rice,tea"
222,"butter,coffee,jam"
223,"oil,tea"
224,rice
225,"coffee,jam,sugar"
226,"bread,butter,jam,tea"
227,"bread,butter,milk"
228,oil
229,coffee
230,tea
231,"jam,rice"
232,"oil,sugar"
233,"bread,butter,jam"
234,"eggs,sugar"
235,"bread,butter,coffee,jam,sugar"
236,"eggs,jam"
237,"butter,eggs,jam,sugar"
238,"oil,sugar"
239,"jam,oil,sugar"
240,"bread,butter,jam"
241,"jam,rice"
242,tea
243,rice
244,"bread,rice"
245,"butter,jam,milk"
246,milk
247,"jam,oil,tea"
248,"coffee,sugar"
249,"coffee,oil,sugar"
250,"eggs,oil,sugar"
251,"bread,butter,jam"
252,"eggs,jam,sugar"
253,"jam,milk"
254,tea
255,rice
256,"butter,oil,rice"
257,tea
258,sugar
259,"bread,butter"
260,"butter,jam,tea"
261,"milk,rice"
262,"bread,butter,coffee,jam"
263,jam
264,"bread,butter,jam"
265,"eggs,tea"
266,"coffee,jam,rice,sugar"
267,"jam,rice,sugar"
268,"eggs,jam,milk"
269,sugar
270,"butter,jam"
271,"butter,milk,sugar"
272,"bread,butter,eggs,rice"
273,"bread,butter,milk,tea"
274,"butter,jam,oil,sugar"
275,"coffee,sugar,tea"
276,"milk,sugar,tea"
277,"bread,butter,coffee,eggs,jam,sugar"
278,"coffee,milk,rice,sugar"
279,"butter,rice"
280,"jam,oil"
281,tea
282,"coffee,jam,sugar"
283,sugar
284,"milk,tea"
285,"eggs,oil,tea"
286,"milk,sugar"
287,sugar
288,"eggs,rice"
289,"butter,jam"
290,"butter,coffee"
291,tea
292,"milk,sugar,tea"
293,eggs
294,"eggs,jam,sugar"
295,"eggs,milk"
296,"butter,eggs,rice"
297,"bread,butter,coffee,jam,sugar"
298,"bread,butter,jam"
299,"bread,butter,jam,milk,oil"
300,oil
301,"bread,butter,jam,milk"
302,"butter,jam,sugar"
303,"butter,jam,oil"
304,sugar
305,"coffee,eggs"
306,eggs
307,"butter,sugar"
308,"butter,jam"
309,"jam,rice"
310,"coffee,milk,tea"
311,rice
312,"butter,milk"
313,"coffee,rice,sugar,tea"
314,"bread,butter,jam,rice"
315,"butter,eggs,jam"
316,"coffee,oil,rice,sugar"
317,eggs
318,milk
319,"jam,oil,sugar"
320,"butter,jam,oil"
321,rice
322,"butter,coffee,jam"
323,oil
324,tea
325,"oil,sugar"
326,"milk,oil"
327,"sugar,tea"
328,"eggs,rice"
329,"coffee,sugar"
330,"bread,butter,coffee,eggs,jam,sugar"
331,"coffee,oil,sugar"
332,jam
333,"butter,coffee,jam,sugar"
334,"coffee,sugar"
335,"eggs,oil,rice"
336,"butter,coffee,rice,sugar"
337,"bread,butter,milk,oil"
338,"bread,butter,eggs,jam,sugar"
339,jam
340,"coffee,eggs,sugar,tea"
341,rice
342,"coffee,jam,sugar"
343,"bread,sugar"
344,"butter,jam"
345,"milk,oil"
346,coffee
347,jam
348,"bread,coffee,rice,sugar"
349,"bread,butter,coffee,tea"
350,"coffee,rice,tea"
351,"coffee,rice"
352,"butter,eggs,jam,oil"
353,sugar
354,tea
355,"coffee,rice,sugar"
356,"bread,butter,jam"
357,milk
358,"jam,milk"
359,eggs
360,"bread,jam,rice"
361,"bread,butter,rice,tea"
362,"rice,sugar,tea"
363,eggs
364,"bread,rice"
365,"jam,sugar"
366,"rice,sugar,tea"
367,"bread,butter,jam,rice,tea"
368,sugar
369,rice
370,"coffee,sugar"
371,"coffee,sugar"
372,sugar
373,"coffee,oil,sugar,tea"
374,"butter,eggs,oil"
375,"milk,tea"
376,"bread,butter,jam"
377,jam
378,"coffee,jam,sugar"
379,"coffee,oil,sugar"
380,"coffee,sugar"
381,tea
382,sugar
383,"butter,jam"
384,"bread,butter,jam,rice"
385,"rice,tea"
386,"jam,oil"
387,"butter,coffee,jam"
388,"coffee,rice,sugar,tea"
389,"milk,oil"
390,"coffee,oil"
391,"bread,butter,coffee,jam,tea"
392,"bread,butter,jam"
393,oil
394,tea
395,butter
396,"coffee,sugar"
397,eggs
398,eggs
399,"rice,sugar"
400,"butter,coffee,jam,sugar"
401,eggs
402,"milk,tea"
403,"oil,sugar"
404,sugar
405,eggs
406,"coffee,sugar"
407,"oil,sugar"
408,"coffee,sugar,tea"
409,"milk,sugar"
410,"bread,butter,jam,milk"
411,"eggs,milk,sugar"
412,"coffee,milk,tea"
413,bread
414,"milk,tea"
415,"jam,rice,tea"
416,tea
417,"butter,milk"
418,"bread,butter,eggs,jam"
419,"eggs,jam,tea"
420,"bread,butter,jam,sugar"
421,"butter,jam,milk"
422,"coffee,sugar"
423,coffee
424,"bread,butter,tea"
425,"butter,jam"
426,"milk,oil,tea"
427,"eggs,oil,sugar"
428,rice
429,"butter,jam"
430,"bread,butter,jam,rice"
431,"milk,tea"
432,"butter,jam,oil"
433,"coffee,sugar,tea"
434,"bread,butter,jam,rice,sugar"
435,"bread,coffee,sugar"
436,"rice,tea"
437,"butter,eggs,jam"
438,rice
439,"butter,jam,milk"
440,"coffee,sugar,tea"
441,"jam,milk,tea"
442,tea
443,"milk,oil,tea"
444,rice
445,"bread,butter,jam"
446,"eggs,milk"
447,"coffee,eggs,sugar"
448,"coffee,sugar"
449,"bread,butter,jam,milk,sugar"
450,"bread,butter,coffee,sugar"
451,oil
452,oil
453,"jam,milk,rice"
454,"bread,butter,jam,oil"
455,"bread,butter,eggs"
456,"eggs,jam,milk"
457,jam
458,"bread,milk"
459,"butter,jam,sugar"
460,bread
461,"bread,rice"
462,"coffee,milk,sugar,tea"
463,tea
464,"coffee,rice,sugar"
465,"jam,rice"
466,"bread,butter,coffee,rice,sugar"
467,"butter,coffee,jam,sugar"
468,"butter,eggs"
469,milk
470,sugar
471,"bread,coffee,sugar"
472,"oil,sugar,tea"
473,eggs
474,jam
475,jam
476,"eggs,rice"
477,"eggs,sugar"
478,"bread,butter,milk,oil"
479,tea
480,"butter,jam,milk,oil"
481,"milk,tea"
482,"coffee,milk,sugar,tea"
483,"butter,sugar"
484,"rice,sugar"
485,"coffee,milk,rice"
486,"milk,oil"
487,eggs
488,oil
489,"butter,jam,oil"
490,"milk,sugar"
491,"coffee,sugar"
492,"eggs,sugar"
493,bread
494,"coffee,sugar,tea"
495,"eggs,sugar,tea"
496,"eggs,rice"
497,"coffee,eggs,sugar"
498,milk
499,"bread,butter,eggs,jam,milk"
500,"eggs,milk,sugar"
501,"eggs,jam,tea"
502,"milk,rice"
503,"coffee,oil,rice"
504,"coffee,sugar"
505,butter
506,"bread,butter,coffee,milk"
507,tea
508,"bread,butter,jam,oil"
509,"milk,oil"
510,"coffee,sugar"
511,"coffee,sugar"
512,"bread,butter,jam,sugar"
513,"milk,sugar"
514,tea
515,"bread,butter,jam,rice"
516,"bread,butter,jam,milk,rice"
517,"butter,sugar"
518,"bread,butter,eggs"
519,"bread,butter,jam,oil"
520,"rice,sugar"
521,"bread,butter,jam,milk,tea"
522,"bread,butter,coffee,jam,oil,sugar"
523,"eggs,sugar"
524,butter
525,jam
526,"jam,milk"
527,"milk,tea"
528,"butter,jam,rice"
529,"bread,butter,jam"
530,tea
531,"butter,jam,sugar"
532,"bread,butter,oil,rice"
533,sugar
534,"butter,jam,rice"
535,"milk,oil"
536,"eggs,rice"
537,"bread,butter,jam,tea"
538,"jam,sugar,tea"
539,"eggs,sugar,tea"
540,"milk,sugar"
541,"coffee,oil,rice,sugar"
542,rice
543,"butter,coffee,jam,oil,sugar"
544,jam
545,"eggs,oil,sugar"
546,sugar
547,"eggs,tea"
548,"coffee,oil,sugar"
549,"eggs,jam"
550,"bread,jam"
551,"coffee,jam,sugar"
552,rice
553,"eggs,rice"
554,"butter,jam,oil"
555,"eggs,jam,tea"
556,rice
557,"coffee,milk,oil,sugar"
558,"bread,butter,milk,oil"
559,"butter,jam"
560,"eggs,tea"
561,"sugar,tea"
562,"bread,butter,rice,tea"
563,"jam,rice"
564,"butter,tea"
565,"rice,tea"
566,"butter,jam,tea"
567,"jam,sugar,tea"
568,"bread,butter,eggs,jam"
569,"coffee,sugar"
570,"oil,sugar,tea"
571,"butter,jam"
572,"oil,rice,sugar"
573,"coffee,eggs,milk,sugar"
574,"jam,milk"
575,"eggs,sugar"
576,"butter,jam"
577,oil
578,"oil,rice,tea"
579,"butter,jam,milk,sugar"
580,"coffee,eggs,jam,sugar"
581,"butter,jam,milk"
582,"bread,butter,coffee,jam,oil,sugar"
583,"jam,milk"
584,"milk,oil,tea"
585,"sugar,tea"
586,"bread,milk,rice"
587,"butter,milk,sugar"
588,"butter,eggs,jam"
589,"jam,rice"
590,eggs
591,"coffee,milk,rice,sugar"
592,"bread,butter,eggs,jam"
593,sugar
594,"bread,butter,jam,milk,tea"
595,"coffee,eggs,sugar"
596,"bread,jam,oil"
597,"milk,sugar,tea"
598,"butter,jam,sugar"
599,"milk,oil"
600,rice
601,"coffee,oil,sugar,tea"
602,coffee
603,"bread,butter,jam,oil"
604,"bread,butter,sugar"
605,"eggs,tea"
606,"milk,tea"
607,"eggs,milk"
608,"bread,butter,oil"
609,jam
610,rice
611,"coffee,sugar"
612,"bread,butter,jam,oil,sugar"
613,"eggs,tea"
614,"milk,rice"
615,"milk,oil,rice"
616,rice
617,"bread,jam,sugar"
618,"eggs,jam,sugar"
619,"jam,oil,tea"
620,oil
621,"butter,jam,tea"
622,"milk,sugar,tea"
623,milk
624,"butter,rice"
625,"bread,butter,jam,rice"
626,"bread,tea"
627,"bread,butter,milk"
628,"bread,butter,jam,tea"
629,"eggs,tea"
630,"jam,oil"
631,"coffee,oil,rice,sugar"
632,"butter,eggs,jam"
633,"eggs,jam,rice"
634,"eggs,oil,tea"
635,butter
636,"butter,jam"
637,"milk,oil"
638,"coffee,jam,rice,sugar"
639,oil
640,"coffee,sugar"
641,"bread,butter,coffee,jam,sugar"
642,"coffee,milk,sugar"
643,"bread,butter,coffee,eggs,sugar"
644,"jam,oil"
645,butter
646,"coffee,sugar"
647,"milk,oil,sugar"
648,"butter,jam"
649,"coffee,milk,sugar"
650,"butter,jam"
651,rice
652,"eggs,rice"
653,rice
654,"coffee,milk"
655,"bread,coffee,jam,sugar"
656,"bread,tea"
657,"bread,butter,jam"
658,"coffee,sugar"
659,"bread,butter,jam"
660,"bread,eggs,oil"
661,"milk,tea"
662,"rice,tea"
663,"butter,coffee,jam,sugar,tea"
664,tea
665,"bread,butter,eggs,jam,milk"
666,"butter,jam,rice"
667,"butter,jam,oil"
668,"milk,rice"
669,"eggs,milk,sugar"
670,bread
671,"coffee,milk,sugar,tea"
672,"bread,butter,coffee,rice,sugar"
673,"eggs,jam"
674,"jam,tea"
675,tea
676,"milk,oil,sugar"
677,"coffee,sugar"
678,"bread,butter,jam,milk"
679,"bread,butter,eggs,jam,rice"
680,"eggs,jam"
681,"jam,sugar"
682,"bread,butter,eggs,jam,tea"
683,"jam,sugar,tea"
684,jam
685,"bread,butter,coffee,sugar"
686,"eggs,jam,milk"
687,tea
688,milk
689,"butter,jam,milk,oil"
690,coffee
691,"coffee,eggs,sugar"
692,"bread,butter,jam,rice"
693,"jam,tea"
694,"sugar,tea"
695,"milk,sugar"
696,rice
697,"rice,sugar,tea"
698,rice
699,tea
700,"milk,rice"
701,"eggs,jam,milk"
702,"bread,butter,jam,rice,sugar"
703,"butter,coffee,jam,oil,sugar"
704,"bread,oil"
705,"bread,butter,eggs,jam"
706,rice
707,"bread,butter,oil,sugar"
708,tea
709,"milk,rice"
710,"bread,butter"
711,"bread,butter,jam,milk"
712,"butter,milk,oil"
713,"butter,eggs,jam"
714,"bread,butter,jam,rice,sugar"
715,"coffee,jam,oil,sugar"
716,"coffee,jam,sugar"
717,eggs
718,"bread,butter,coffee,jam"
719,"butter,eggs,jam"
720,"bread,butter,jam,rice,tea"
721,"eggs,rice,sugar"
722,"bread,butter"
723,"bread,butter,jam,tea"
724,"coffee,milk,sugar,tea"
725,"bread,butter,coffee,jam,rice,sugar"
726,"rice,sugar"
727,"oil,rice,sugar"
728,sugar
729,"bread,butter,jam"
730,"butter,jam"
731,"bread,butter,milk"
732,"eggs,jam"
733,"milk,sugar"
734,"milk,rice"
735,"jam,rice"
736,"bread,butter,eggs,jam"
737,coffee
738,"butter,jam,milk"
739,"butter,jam,sugar"
740,"oil,rice,tea"
741,bread
742,"jam,milk"
743,"eggs,milk,oil"
744,"butter,coffee,jam,sugar"
745,sugar
746,tea
747,"bread,butter,oil"
748,"bread,butter,eggs,jam"
749,"bread,butter,milk"
750,eggs
751,milk
752,"butter,eggs,jam"
753,"bread,butter,jam,tea"
754,"bread,butter,jam"
755,"bread,butter,oil,tea"
756,jam
757,"butter,jam,sugar"
758,rice
759,tea
760,"bread,butter,jam,oil"
761,jam
762,"milk,tea"
763,"oil,rice,tea"
764,"butter,eggs,jam,sugar"
765,"butter,coffee,jam,sugar"
766,"bread,butter,jam,rice,sugar"
767,"butter,tea"
768,"bread,butter,eggs,jam"
769,oil
770,"jam,oil,sugar"
771,"bread,butter,jam"
772,"eggs,sugar"
773,"butter,rice,sugar"
774,"coffee,sugar"
775,"eggs,tea"
776,"oil,sugar"
777,oil
778,sugar
779,"eggs,jam"
780,"coffee,sugar"
781,"bread,butter,jam,rice"
782,"coffee,eggs,sugar,tea"
783,"butter,jam"
784,"milk,tea"
785,"coffee,milk,oil"
786,"coffee,rice,sugar"
787,butter
788,"butter,jam,sugar"
789,rice
790,"coffee,eggs,sugar,tea"
791,"bread,butter,jam,sugar"
792,"jam,oil"
793,"butter,coffee,jam"
794,"eggs,oil,sugar"
795,tea
796,"coffee,milk,oil,sugar"
797,"eggs,oil,rice"
798,"milk,sugar"
799,rice
800,"eggs,rice,sugar"
801,"oil,sugar,tea"
802,"butter,eggs,oil"
803,"rice,tea"
804,"eggs,jam,rice"
805,tea
806,"butter,jam,sugar"
807,"rice,tea"
808,"butter,eggs,jam"
809,oil
810,"coffee,rice,sugar"
811,"butter,coffee,sugar"
812,"coffee,sugar,tea"
813,tea
814,"bread,butter"
815,"bread,oil,rice"
816,"bread,butter,sugar,tea"
817,jam
818,"jam,sugar"
819,"milk,oil"
820,jam
821,"coffee,oil,rice,sugar"
822,"eggs,jam,rice"
823,"eggs,rice,sugar"
824,rice
825,"butter,jam,rice"
826,"butter,coffee,jam,sugar"
827,"sugar,tea"
828,"eggs,rice,tea"
829,"butter,coffee,jam,sugar,tea"
830,"jam,sugar,tea"
831,"bread,butter,coffee,sugar"
832,milk
833,"butter,jam,oil"
834,"butter,jam,milk"
835,oil
836,"butter,rice"
837,"eggs,jam,milk"
838,"milk,oil,rice"
839,"coffee,jam"
840,"oil,sugar"
841,oil
842,"butter,oil,sugar"
843,"milk,oil,sugar"
844,sugar
845,"milk,sugar"
846,"eggs,jam"
847,"butter,jam"
848,"jam,milk,oil"
849,"bread,butter,jam"
850,"bread,oil"
851,"rice,sugar"
852,sugar
853,"butter,jam,milk"
854,"eggs,oil,sugar"
855,"eggs,milk,rice"
856,"butter,jam,tea"
857,"rice,sugar"
858,"eggs,sugar"
859,"butter,tea"
860,"butter,eggs,sugar"
861,"bread,butter,jam,tea"
862,"butter,oil,tea"
863,"coffee,rice,sugar"
864,milk
865,"coffee,eggs,rice,sugar"
866,tea
867,"eggs,sugar"
868,"butter,coffee,sugar"
869,"butter,jam,oil,tea"
870,"jam,sugar,tea"
871,tea
872,coffee
873,"butter,coffee,jam,sugar"
874,"eggs,oil"
875,"bread,butter,oil"
876,milk
877,eggs
878,"bread,butter,tea"
879,"bread,butter,jam,sugar"
880,"bread,butter,jam,milk,sugar"
881,milk
882,"bread,butter,jam,rice"
883,"coffee,jam"
884,"rice,sugar"
885,"bread,butter,jam,oil,tea"
886,"bread,milk"
887,"bread,butter,eggs,jam,tea"
888,"oil,tea"
889,jam
890,"bread,butter,jam"
891,milk
892,eggs
893,sugar
894,"bread,butter,jam"
895,"coffee,sugar,tea"
896,"butter,jam"
897,"bread,butter,milk"
898,milk
899,"bread,rice"
900,"jam,tea"
901,"coffee,sugar,tea"
902,"butter,jam,rice"
903,tea
904,milk
905,sugar
906,"butter,jam,milk"
907,"jam,rice"
908,"bread,butter,eggs,rice"
909,oil
910,"coffee,sugar,tea"
911,oil
912,"bread,butter,jam,milk"
913,"bread,butter,coffee,jam,milk"
914,"jam,oil"
915,"butter,jam,milk,rice"
916,"bread,butter,coffee,jam,sugar,tea"
917,"butter,coffee,eggs,sugar"
918,"jam,milk,sugar"
919,"milk,sugar,tea"
920,eggs
921,"jam,milk,sugar"
922,"rice,tea"
923,"jam,sugar"
924,"coffee,oil,sugar"
925,"jam,oil"
926,"butter,jam,milk"
927,jam
928,"milk,rice"
929,"butter,jam"
930,rice
931,milk
932,jam
933,"bread,butter"
934,"butter,jam,oil,sugar"
935,rice
936,oil
937,"milk,oil,tea"
938,"coffee,eggs,sugar"
939,"coffee,sugar"
940,eggs
941,"butter,oil,rice"
942,"butter,eggs,jam"
943,"butter,jam,tea"
944,"butter,jam"
945,"rice,sugar"
946,"bread,butter,jam"
947,"bread,coffee,oil,sugar"
948,bread
949,"bread,butter,sugar,tea"
950,milk
951,"coffee,oil,sugar"
952,"bread,butter,oil,sugar"
953,"bread,butter,jam"
954,"bread,coffee,eggs,sugar"
955,"coffee,sugar"
956,oil
957,"rice,sugar"
958,"bread,butter,eggs,jam,sugar"
959,"bread,butter,jam"
960,"coffee,milk,sugar"
961,sugar
962,"eggs,jam"
963,"butter,eggs,jam"
964,"bread,butter,jam,rice,tea"
965,"coffee,eggs,sugar"
966,"bread,butter,jam,milk,rice"
967,rice
968,"coffee,oil,sugar"
969,tea
970,sugar
971,"coffee,eggs,jam,sugar"
972,"butter,jam,milk,oil"
973,"oil,rice"
974,"bread,butter,milk,oil"
975,eggs
976,"oil,rice,tea"
977,"bread,butter,eggs,jam"
978,"milk,tea"
979,"eggs,oil,sugar"
980,tea
981,"butter,coffee,jam,sugar"
982,"coffee,eggs,sugar"
983,oil
984,"coffee,sugar,tea"
985,"bread,butter,eggs,milk"
986,"eggs,milk,oil"
987,sugar
988,milk
989,"milk,oil,tea"
990,"rice,sugar,tea"
991,"butter,eggs"
992,"eggs,oil"
993,"bread,butter"
994,oil
995,"butter,milk"
996,"coffee,sugar"
997,oil
998,"bread,milk"
999,oil
1000,oil
1001,"bread,eggs"
1002,"bread,butter,jam,oil"
1003,"milk,oil,sugar"
1004,eggs
1005,"jam,sugar"
1006,"eggs,sugar"
1007,"coffee,oil,rice,sugar"
1008,"butter,oil"
1009,"butter,jam,sugar"
1010,milk
1011,butter
1012,"jam,sugar"
1013,rice
1014,"milk,sugar"
1015,"jam,oil,tea"
1016,"coffee,sugar"
1017,"coffee,eggs,milk,sugar"
1018,"butter,jam"
1019,"jam,oil"
1020,rice
1021,"bread,butter,eggs,jam,sugar"
1022,"milk,oil,tea"
1023,"eggs,rice"
1024,sugar
1025,"bread,butter,jam,oil,tea"
1026,"eggs,oil,sugar"
1027,"bread,butter,jam"
1028,"jam,milk"
1029,"coffee,rice,sugar"
1030,jam
1031,milk
1032,"bread,butter,eggs"
1033,"butter,rice,tea"
1034,"butter,eggs,milk"
1035,"bread,butter,jam"
1036,"butter,coffee,sugar"
1037,"milk,tea"
1038,bread
1039,"butter,jam"
1040,"coffee,jam,tea"
1041,jam
1042,"coffee,jam,sugar"
1043,"oil,sugar,tea"
1044,"bread,butter,jam,milk"
1045,"butter,jam"
1046,"coffee,sugar"
1047,"butter,sugar"
1048,oil
1049,"coffee,eggs,sugar"
1050,rice
1051,tea
1052,"bread,butter,jam"
1053,"bread,butter,tea"
1054,"eggs,oil,sugar"
1055,"butter,milk"
1056,"butter,rice"
1057,"oil,rice"
1058,"coffee,sugar"
1059,"oil,rice"
1060,"jam,oil,tea"
1061,"jam,rice,sugar"
1062,"butter,jam,milk,tea"
1063,tea
1064,"butter,jam"
1065,"bread,butter,jam,milk,sugar"
1066,"coffee,eggs,milk,sugar"
1067,"jam,milk"
1068,"bread,butter,eggs"
1069,"bread,butter"
1070,"eggs,oil"
1071,"jam,milk"
1072,eggs
1073,"jam,sugar,tea"
1074,oil
1075,"eggs,rice,sugar"
1076,"coffee,oil,rice"
1077,rice
1078,sugar
1079,"eggs,jam"
1080,eggs
1081,"butter,jam"
1082,"bread,butter,tea"
1083,"eggs,tea"
1084,"butter,coffee,jam,sugar"
1085,"eggs,tea"
1086,"oil,tea"
1087,"butter,jam,oil"
1088,oil
1089,"eggs,jam,tea"
1090,"bread,butter,jam,tea"
1091,"butter,eggs,tea"
1092,rice
1093,rice
1094,"coffee,sugar"
1095,"oil,tea"
1096,rice
1097,"bread,butter,jam"
1098,"oil,sugar"
1099,"butter,jam,milk,sugar"
1100,"eggs,milk"
1101,"bread,oil"
1102,sugar
1103,"rice,sugar"
1104,"butter,eggs,jam,oil"
1105,"bread,butter"
1106,"butter,milk,rice"
1107,jam
1108,"milk,tea"
1109,"eggs,jam"
1110,"butter,jam"
1111,eggs
1112,"bread,butter"
1113,"bread,butter,jam"
1114,"jam,tea"
1115,"eggs,oil"
1116,"butter,coffee,milk"
1117,"jam,tea"
1118,"bread,butter,jam"
1119,"bread,butter,jam"
1120,tea
1121,"coffee,eggs,sugar"
1122,sugar
1123,"coffee,sugar,tea"
1124,milk
1125,"jam,oil,rice"
1126,"bread,butter,coffee,eggs,jam,sugar"
1127,sugar
1128,"coffee,rice,sugar,tea"
1129,milk
1130,"butter,rice"
1131,"bread,butter,eggs,jam,milk"
1132,"bread,coffee,sugar"
1133,"bread,butter,jam,milk,tea"
1134,"butter,milk,sugar"
1135,oil
1136,"butter,jam,oil,tea"
1137,"rice,sugar"
1138,"bread,butter,jam,sugar"
1139,"eggs,jam"
1140,"bread,butter,coffee,jam,oil,sugar"
1141,"coffee,eggs,oil,sugar"
1142,eggs
1143,"milk,rice"
1144,"eggs,jam"
1145,rice
1146,"bread,butter,jam,milk,sugar"
1147,"oil,sugar"
1148,"bread,butter,jam,tea"
1149,coffee
1150,"bread,butter,coffee,sugar,tea"
1151,"coffee,oil,sugar,tea"
1152,"rice,sugar"
1153,"coffee,oil,sugar"
1154,"butter,coffee,oil,sugar"
1155,"coffee,sugar"
1156,jam
1157,"coffee,milk,sugar,tea"
1158,sugar
1159,rice
1160,"jam,sugar"
1161,"jam,sugar"
1162,"eggs,jam,tea"
1163,"butter,jam"
1164,"bread,butter,jam"
1165,tea
1166,"coffee,milk,sugar"
1167,"coffee,sugar"
1168,"coffee,eggs,oil"
1169,"coffee,milk,sugar"
1170,rice
1171,jam
1172,bread
1173,"bread,butter,eggs,jam,sugar"
1174,eggs
1175,"coffee,eggs,milk,sugar"
1176,bread
1177,"bread,butter,rice"
1178,"jam,tea"
1179,"coffee,sugar"
1180,"butter,jam,rice"
1181,milk
1182,"coffee,jam"
1183,"coffee,milk,sugar,tea"
1184,milk
1185,"rice,sugar"
1186,"jam,oil"
1187,"butter,rice"
1188,"coffee,eggs,rice"
1189,"eggs,jam,oil"
1190,coffee
1191,"bread,butter,eggs,milk"
1192,"jam,sugar"
1193,"butter,jam,tea"
1194,milk
1195,oil
1196,"bread,butter,coffee,jam,sugar"
1197,"oil,sugar"
1198,oil
1199,"bread,butter,sugar"
1200,"bread,butter,coffee,sugar"
1201,milk
1202,"eggs,jam,sugar"
1203,"jam,rice,tea"
1204,"butter,jam"
1205,"butter,eggs,jam,sugar"
1206,"coffee,oil,sugar,tea"
1207,"bread,butter,jam"
1208,coffee
1209,"oil,rice,tea"
1210,"bread,butter,jam,oil"
1211,"milk,sugar"
1212,tea
1213,oil
1214,milk
1215,"coffee,tea"
1216,milk
1217,"butter,milk,oil"
1218,sugar
1219,"butter,jam"
1220,tea
1221,"butter,jam,rice"
1222,"bread,butter,eggs,jam,oil"
1223,"bread,butter,sugar"
1224,"coffee,milk,sugar"
1225,"milk,tea"
1226,"coffee,oil,sugar"
1227,jam
1228,"bread,butter,eggs,oil"
1229,sugar
1230,"coffee,sugar"
1231,"bread,butter,jam,rice,sugar"
1232,butter
1233,"coffee,sugar"
1234,sugar
1235,"bread,butter,oil"
1236,jam
1237,tea
1238,"butter,coffee,jam,sugar,tea"
1239,"bread,coffee,milk,sugar"
1240,"butter,jam,oil"
1241,"milk,sugar"
1242,"milk,oil"
1243,"butter,jam,tea"
1244,"butter,coffee,sugar"
1245,jam
1246,"bread,butter,jam"
1247,"bread,rice"
1248,"oil,tea"
1249,tea
1250,"eggs,milk,tea"
1251,sugar
1252,"jam,milk,sugar"
1253,"jam,milk,sugar"
1254,oil
1255,eggs
1256,"butter,jam,milk"
1257,"butter,coffee,eggs,jam"
1258,"bread,butter,milk"
1259,"butter,coffee,jam,sugar"
1260,"coffee,tea"
1261,"jam,milk"
1262,"oil,sugar,tea"
1263,"coffee,eggs,sugar"
1264,"bread,butter,tea"
1265,sugar
1266,"butter,coffee,jam,milk,sugar"
1267,"bread,butter,jam,rice"
1268,oil
1269,"butter,jam,milk,sugar"
1270,"bread,eggs,sugar"
1271,"milk,sugar"
1272,"oil,tea"
1273,"coffee,eggs,sugar"
1274,butter
1275,"coffee,eggs,sugar"
1276,"eggs,tea"
1277,"butter,jam,milk"
1278,"butter,jam,oil,sugar"
1279,"rice,sugar"
1280,"butter,coffee,jam,sugar"
1281,"bread,butter,coffee,jam,rice,sugar"
1282,sugar
1283,"bread,butter,tea"
1284,"bread,butter,jam"
1285,"bread,butter,jam,milk"
1286,rice
1287,"coffee,jam,sugar"
1288,milk
1289,"butter,jam,oil"
1290,"coffee,oil,sugar"
1291,"eggs,milk,sugar"
1292,"milk,rice"
1293,"bread,butter"
1294,"butter,jam,tea"
1295,"jam,rice"
1296,"eggs,jam,milk"
1297,"milk,sugar,tea"
1298,"eggs,jam"
1299,"jam,milk"
1300,"butter,jam,milk,sugar"
1301,"butter,jam,oil"
1302,"eggs,jam,tea"
1303,"milk,oil,tea"
1304,butter
1305,"coffee,milk,sugar"
1306,"coffee,sugar,tea"
1307,tea
1308,"milk,tea"
1309,"jam,oil,sugar"
1310,butter
1311,"bread,butter,jam"
1312,"bread,butter,jam"
1313,"eggs,jam"
1314,"bread,rice,sugar"
1315,"eggs,jam,sugar"
1316,sugar
1317,"butter,milk,sugar"
1318,"butter,tea"
1319,"rice,sugar,tea"
1320,"butter,coffee,jam"
1321,"coffee,oil,tea"
1322,"bread,butter,jam"
1323,"coffee,eggs,milk,sugar"
1324,"bread,butter,jam,milk"
1325,sugar
1326,"butter,jam,oil"
1327,oil
1328,"butter,jam"
1329,"bread,butter,jam"
1330,"milk,rice,tea"
1331,"butter,oil"
1332,"coffee,rice"
1333,"oil,rice"
1334,eggs
1335,"jam,rice"
1336,"butter,oil,tea"
1337,"eggs,milk"
1338,"coffee,eggs,sugar,tea"
1339,"eggs,milk"
1340,"coffee,sugar"
1341,jam
1342,"coffee,oil,sugar"
1343,"coffee,jam,milk,sugar"
1344,"bread,butter,coffee,jam,sugar"
1345,"eggs,milk"
1346,sugar
1347,"butter,eggs,rice"
1348,"bread,oil,tea"
1349,"butter,eggs,jam,sugar"
1350,eggs
1351,tea
1352,"butter,jam,rice"
1353,"butter,coffee,jam,sugar"
1354,milk
1355,"jam,rice"
1356,"coffee,milk,rice,sugar"
1357,"butter,eggs,jam,milk"
1358,tea
1359,oil
1360,"bread,butter,jam,milk"
1361,"coffee,sugar"
1362,"jam,oil"
1363,"eggs,sugar,tea"
1364,"bread,butter,eggs"
1365,"coffee,eggs,jam,sugar"
1366,eggs
1367,"bread,butter,jam,tea"
1368,"coffee,sugar,tea"
1369,"butter,coffee,eggs,sugar"
1370,"milk,oil"
1371,"butter,eggs,milk"
1372,butter
1373,"coffee,eggs,milk,sugar"
1374,butter
1375,"coffee,jam"
1376,"bread,butter,jam,oil"
1377,tea
1378,"bread,butter,jam,milk"
1379,"eggs,rice,sugar"
1380,"bread,butter,jam"
1381,coffee
1382,oil
1383,"butter,jam,milk,oil"
1384,"coffee,sugar"
1385,"bread,butter,coffee,sugar"
1386,"bread,butter,jam,milk"
1387,"oil,sugar"
1388,"butter,jam,tea"
1389,milk
1390,"coffee,tea"
1391,"bread,butter,milk,tea"
1392,rice
1393,"bread,butter,milk,oil"
1394,milk
1395,tea
1396,"oil,rice,tea"
1397,bread
1398,"bread,butter,coffee,eggs,jam,sugar"
1399,rice
1400,"rice,sugar"
1401,sugar
1402,jam
1403,"jam,oil"
1404,"bread,butter,milk,oil"
1405,"oil,sugar"
1406,"coffee,rice,sugar"
1407,"butter,jam"
1408,"bread,butter,jam,oil"
1409,"jam,oil,rice"
1410,"eggs,oil,sugar"
1411,"bread,butter,jam"
1412,rice
1413,"oil,tea"
1414,"milk,rice"
1415,"jam,rice"
1416,"bread,butter,jam,sugar"
1417,"coffee,jam,sugar"
1418,"bread,coffee,rice"
1419,"milk,oil,sugar"
1420,jam
1421,"bread,butter,coffee,oil,sugar"
1422,eggs
1423,"butter,jam,tea"
1424,bread
1425,oil
1426,"coffee,jam,oil,sugar"
1427,"bread,butter,coffee,jam,oil"
1428,"jam,sugar"
1429,rice
1430,"coffee,oil,sugar"
1431,"jam,oil"
1432,"bread,butter,jam"
1433,"milk,rice"
1434,"butter,jam,oil"
1435,"coffee,sugar"
1436,rice
1437,"bread,butter,sugar"
1438,"bread,butter,jam"
1439,"bread,butter,jam"
1440,"butter,eggs,jam,rice"
1441,rice
1442,"butter,jam,rice"
1443,"bread,butter"
1444,"butter,coffee,jam,sugar"
1445,sugar
1446,"sugar,tea"
1447,"bread,jam,oil"
1448,"jam,oil,sugar"
1449,milk
1450,rice
1451,"coffee,rice,sugar"
1452,oil
1453,jam
1454,"eggs,jam,milk"
1455,"butter,coffee,jam,sugar,tea"
1456,jam
1457,"butter,coffee,eggs,jam"
1458,"butter,jam"
1459,"jam,oil"
1460,"jam,oil,tea"
1461,"coffee,sugar"
1462,"bread,jam"
1463,"coffee,sugar"
1464,"bread,eggs,tea"
1465,eggs
1466,sugar
1467,"oil,rice,sugar"
1468,"milk,rice,sugar"
1469,sugar
1470,jam
1471,"bread,butter,coffee,jam"
1472,"oil,rice"
1473,jam
1474,"butter,coffee,sugar"
1475,rice
1476,milk
1477,"oil,rice"
1478,"eggs,jam,milk"
1479,"rice,tea"
1480,jam
1481,milk
1482,"butter,jam,milk,oil"
1483,"eggs,oil,sugar"
1484,"butter,coffee,milk,sugar"
1485,"eggs,milk,oil"
1486,"coffee,eggs,jam,sugar"
1487,jam
1488,"coffee,rice,sugar"
1489,"milk,rice"
1490,"bread,butter,oil"
1491,"coffee,jam,rice,sugar"
1492,"bread,butter,jam,tea"
1493,"coffee,sugar"
1494,sugar
1495,"coffee,rice"
1496,"butter,jam,tea"
1497,"jam,rice"
1498,"bread,butter,jam,milk,sugar"
1499,"bread,butter,jam,tea"
1500,"bread,butter,jam,oil"
1501,"butter,jam,oil"
1502,eggs
1503,"butter,jam"
1504,jam
1505,"butter,jam"
1506,jam
1507,"eggs,jam,milk"
1508,"butter,jam"
1509,eggs
1510,milk
1511,rice
1512,"coffee,eggs,milk,sugar"
1513,"bread,butter,coffee,jam,sugar"
1514,"coffee,rice,sugar,tea"
1515,"coffee,eggs,sugar,tea"
1516,jam
1517,"bread,butter"
1518,"coffee,sugar"
1519,"bread,butter,coffee,eggs,jam,sugar"
1520,"rice,sugar"
1521,"jam,rice,sugar"
1522,"jam,oil,rice"
1523,"butter,jam,rice"
1524,coffee
1525,oil
1526,"eggs,jam,milk"
1527,"bread,butter,eggs,jam"
1528,rice
1529,"butter,jam,milk"
1530,"coffee,rice,sugar"
1531,"bread,butter,eggs,jam,milk"
1532,"coffee,sugar"
1533,"oil,rice"
1534,"butter,jam,oil"
1535,"bread,butter"
1536,"rice,tea"
1537,"coffee,sugar,tea"
1538,"coffee,sugar"
1539,sugar
1540,"coffee,jam,sugar,tea"
1541,milk
1542,butter
1543,"eggs,jam,sugar"
1544,"bread,butter,jam,milk"
1545,"bread,butter,coffee,jam,oil,sugar"
1546,"coffee,eggs,jam,sugar"
1547,"butter,coffee,jam,sugar"
1548,milk
1549,"coffee,oil,sugar"
1550,tea
1551,"rice,sugar"
1552,"butter,jam,rice"
1553,"butter,jam,milk,sugar"
1554,"butter,oil,rice"
1555,milk
1556,"eggs,rice"
1557,sugar
1558,"butter,eggs,jam,milk"
1559,oil
1560,"bread,butter,jam,sugar,tea"
1561,"oil,rice,tea"
1562,"milk,tea"
1563,"eggs,oil,sugar"
1564,"eggs,milk,oil"
1565,rice
1566,"butter,jam,oil,rice"
1567,"butter,jam"
1568,"butter,jam"
1569,sugar
1570,"milk,sugar"
1571,"eggs,milk,tea"
1572,"bread,butter,jam,rice,tea"
1573,jam
1574,milk
1575,milk
1576,sugar
1577,"bread,butter,jam"
1578,"bread,butter,tea"
1579,"coffee,eggs,sugar"
1580,"jam,milk,rice"
1581,"eggs,jam,tea"
1582,milk
1583,"eggs,milk"
1584,"milk,rice,tea"
1585,"bread,butter,jam,milk,oil"
1586,"bread,butter,milk"
1587,"eggs,milk"
1588,oil
1589,"jam,sugar"
1590,"bread,butter,eggs"
1591,"coffee,jam,oil,sugar"
1592,"coffee,oil,sugar"
1593,butter
1594,"butter,jam,sugar"
1595,oil
1596,rice
1597,milk
1598,"bread,butter,jam,oil,rice"
1599,"oil,tea"
1600,"butter,jam"
1601,"butter,oil"
1602,"jam,milk"
1603,tea
1604,jam
1605,"butter,jam,oil"
1606,"bread,butter,tea"
1607,"oil,rice,sugar"
1608,"bread,butter,sugar"
1609,"rice,sugar"
1610,oil
1611,"butter,eggs,jam,sugar"
1612,"jam,milk,oil"
1613,"rice,tea"
1614,"bread,butter,jam"
1615,oil
1616,"bread,butter,oil,rice"
1617,"butter,eggs,jam,oil"
1618,"butter,coffee,jam,sugar"
1619,"eggs,jam,tea"
1620,"jam,oil"
1621,sugar
1622,"eggs,sugar,tea"
1623,oil
1624,"oil,tea"
1625,"coffee,jam,milk"
1626,"coffee,sugar"
1627,milk
1628,"jam,sugar,tea"
1629,"butter,jam,tea"
1630,"butter,coffee,sugar,tea"
1631,"bread,butter,coffee,jam,sugar"
1632,"coffee,sugar,tea"
1633,rice
1634,"jam,oil,tea"
1635,jam
1636,"eggs,milk,tea"
1637,jam
1638,"butter,jam,rice,tea"
1639,"eggs,rice,sugar"
1640,"coffee,eggs"
1641,"coffee,eggs,sugar"
1642,"bread,butter,jam"
1643,"butter,jam,oil"
1644,"milk,sugar"
1645,"bread,butter,oil"
1646,"milk,rice,sugar"
1647,"butter,eggs"
1648,"coffee,milk,sugar"
1649,"coffee,oil,tea"
1650,"eggs,milk,rice"
1651,jam
1652,"butter,rice"
1653,"oil,rice"
1654,"bread,butter,oil,sugar"
1655,"bread,tea"
1656,"jam,rice"
1657,milk
1658,"coffee,jam,tea"
1659,"oil,tea"
1660,"butter,sugar"
1661,"butter,jam,tea"
1662,milk
1663,"jam,milk"
1664,"coffee,sugar"
1665,eggs
1666,"coffee,sugar"
1667,"eggs,tea"
1668,"bread,butter,tea"
1669,"jam,sugar,tea"
1670,"bread,butter,jam"
1671,sugar
1672,"butter,jam"
1673,"butter,eggs,jam,oil"
1674,"jam,tea"
1675,bread
1676,"rice,tea"
1677,"jam,milk,tea"
1678,rice
1679,sugar
1680,"bread,butter,jam"
1681,tea
1682,"butter,jam,oil"
1683,"coffee,rice,sugar,tea"
1684,"sugar,tea"
1685,"bread,butter,tea"
1686,tea
1687,coffee
1688,"butter,jam,milk"
1689,"bread,butter,coffee,oil,sugar"
1690,"butter,jam"
1691,"bread,butter,oil,rice"
1692,"coffee,oil,sugar"
1693,jam
1694,"milk,sugar,tea"
1695,"bread,butter,rice"
1696,milk
1697,"eggs,jam"
1698,"oil,sugar"
1699,"coffee,eggs,tea"
1700,"butter,coffee,eggs,sugar"
1701,"bread,butter,eggs,rice"
1702,"coffee,rice,sugar"
1703,milk
1704,"butter,jam,rice"
1705,oil
1706,"butter,jam"
1707,"bread,butter,milk"
1708,"jam,tea"
1709,"eggs,jam"
1710,"bread,butter,coffee,sugar"
1711,"butter,milk,sugar"
1712,"bread,butter,jam,oil,sugar"
1713,butter
1714,"butter,coffee,jam,rice,sugar"
1715,"jam,sugar"
1716,"eggs,jam,tea"
1717,"eggs,milk"
1718,"bread,butter,jam,rice"
1719,"oil,sugar,tea"
1720,"coffee,sugar"
1721,"butter,eggs,jam"
1722,"eggs,jam,tea"
1723,tea
1724,"oil,sugar,tea"
1725,"oil,rice"
1726,tea
1727,"bread,butter,jam,oil,sugar"
1728,"bread,butter,jam,milk,oil"
1729,"rice,tea"
1730,"coffee,rice,sugar,tea"
1731,"bread,butter,jam,oil"
1732,coffee
1733,"milk,oil,tea"
1734,"butter,sugar"
1735,"bread,rice,sugar"
1736,"coffee,milk,tea"
1737,"bread,butter,jam,milk"
1738,"jam,rice"
1739,"eggs,jam,sugar"
1740,"bread,butter,jam"
1741,milk
1742,"butter,eggs,jam,rice"
1743,eggs
1744,"coffee,milk,oil,sugar"
1745,oil
1746,"bread,butter"
1747,sugar
1748,"jam,oil,sugar"
1749,"butter,jam,rice"
1750,"bread,sugar"
1751,"coffee,sugar"
1752,"coffee,jam,oil,sugar"
1753,"coffee,oil,sugar"
1754,eggs
1755,oil
1756,"coffee,jam,sugar"
1757,"bread,butter,oil"
1758,jam
1759,"coffee,eggs,sugar"
1760,butter
1761,jam
1762,"bread,coffee,milk"
1763,"coffee,milk,tea"
1764,milk
1765,"coffee,oil,sugar"
1766,jam
1767,tea
1768,"milk,sugar"
1769,"bread,butter,eggs,jam,rice"
1770,"jam,oil"
1771,eggs
1772,"jam,sugar"
1773,sugar
1774,"jam,oil,sugar"
1775,"butter,eggs,oil"
1776,"oil,sugar,tea"
1777,"butter,jam,tea"
1778,"jam,sugar"
1779,"eggs,tea"
1780,"bread,butter,jam,sugar"
1781,"butter,jam,tea"
1782,"bread,butter,coffee,milk,sugar"
1783,"milk,rice"
1784,oil
1785,"bread,butter,jam,rice,sugar"
1786,"butter,eggs,jam,oil"
1787,"bread,jam"
1788,"bread,milk"
1789,"butter,milk,sugar"
1790,oil
1791,"oil,rice"
1792,"bread,butter,milk"
1793,rice
1794,eggs
1795,bread
1796,"bread,butter,eggs"
1797,"coffee,milk,sugar"
1798,"coffee,sugar"
1799,"coffee,eggs,oil,sugar"
1800,"bread,butter,jam"
1801,"coffee,sugar"
1802,"bread,butter,jam,milk"
1803,"milk,tea"
1804,"bread,butter,eggs"
1805,"coffee,eggs,sugar"
1806,"jam,milk"
1807,"coffee,sugar"
1808,tea
1809,rice
1810,"coffee,rice,sugar,tea"
1811,"coffee,sugar"
1812,"butter,eggs,jam"
1813,sugar
1814,"bread,butter,eggs,jam"
1815,"bread,eggs,milk"
1816,"butter,jam,milk,rice"
1817,"coffee,milk,oil,sugar"
1818,eggs
1819,"eggs,sugar"
1820,"butter,jam,rice,sugar"
1821,"oil,sugar"
1822,tea
1823,"eggs,rice"
1824,"milk,sugar"
1825,coffee
1826,"milk,oil,rice"
1827,"oil,rice,tea"
1828,"coffee,jam,oil,sugar"
1829,"eggs,oil,tea"
1830,"eggs,jam,tea"
1831,"butter,jam"
1832,tea
1833,oil
1834,"oil,sugar,tea"
1835,eggs
1836,"eggs,tea"
1837,"coffee,milk,oil"
1838,sugar
1839,"milk,sugar"
1840,"eggs,oil,rice"
1841,"bread,butter,jam,milk,rice"
1842,oil
1843,"milk,tea"
1844,"bread,butter,jam,milk"
1845,"eggs,oil,tea"
1846,"bread,butter,coffee,rice,sugar"
1847,"jam,oil"
1848,"milk,rice"
1849,"jam,tea"
1850,"butter,coffee,jam,sugar"
1851,"coffee,milk,sugar,tea"
1852,"jam,tea"
1853,"bread,butter,oil"
1854,"butter,coffee,eggs,jam,sugar"
1855,"eggs,rice,sugar"
1856,milk
1857,rice
1858,"butter,coffee,jam,sugar"
1859,"bread,butter"
1860,oil
1861,"bread,butter,eggs,jam,sugar"
1862,oil
1863,eggs
1864,"butter,milk,tea"
1865,"jam,sugar"
1866,"coffee,oil,rice,sugar"
1867,tea
1868,oil
1869,"coffee,sugar"
1870,"eggs,oil,sugar"
1871,"oil,rice,sugar"
1872,"coffee,milk,sugar,tea"
1873,"rice,sugar"
1874,"milk,oil"
1875,"eggs,jam,rice"
1876,eggs
1877,"coffee,eggs,milk,sugar"
1878,eggs
1879,"eggs,tea"
1880,"milk,oil"
1881,"jam,sugar"
1882,"bread,butter,jam"
1883,"coffee,jam"
1884,"sugar,tea"
1885,tea
1886,"milk,oil"
1887,"milk,oil"
1888,"coffee,eggs,jam,sugar"
1889,"butter,jam"
1890,"butter,jam"
1891,"coffee,oil,tea"
1892,"butter,jam,rice"
1893,"bread,butter,jam,oil,sugar"
1894,"butter,eggs,jam,tea"
1895,"sugar,tea"
1896,"bread,butter"
1897,"jam,sugar"
1898,"butter,jam,milk"
1899,"butter,eggs,jam,tea"
1900,"butter,milk,rice"
1901,"oil,tea"
1902,tea
1903,"bread,butter,jam,sugar"
1904,"butter,jam"
1905,"butter,coffee,sugar,tea"
1906,"rice,sugar"
1907,"bread,butter,eggs,jam"
1908,"milk,tea"
1909,"coffee,sugar,tea"
1910,"butter,jam,sugar"
1911,oil
1912,"coffee,eggs,sugar"
1913,"milk,sugar,tea"
1914,jam
1915,sugar
1916,"butter,jam,oil,tea"
1917,"bread,butter,jam"
1918,"butter,jam,oil"
1919,"jam,oil,sugar"
1920,"bread,butter,eggs,jam,tea"
1921,eggs
1922,"butter,jam,rice"
1923,"eggs,sugar"
1924,sugar
1925,"bread,butter,milk,tea"
1926,"coffee,sugar"
1927,"butter,milk,oil"
1928,oil
1929,"oil,rice,sugar"
1930,"jam,milk,rice"
1931,jam
1932,"oil,tea"
1933,coffee
1934,"butter,jam,tea"
1935,"bread,butter,milk,oil"
1936,eggs
1937,"butter,milk,tea"
1938,"bread,milk"
1939,tea
1940,oil
1941,rice
1942,"coffee,jam,oil,sugar"
1943,"coffee,oil,rice,sugar"
1944,oil
1945,"bread,butter,milk"
1946,rice
1947,"butter,coffee,jam,tea"
1948,"butter,jam,sugar"
1949,tea
1950,"bread,butter,jam,oil,sugar"
1951,"bread,butter,jam,oil,rice"
1952,"butter,jam,oil"
1953,"butter,coffee,jam,milk,sugar"
1954,"coffee,eggs,milk,sugar"
1955,coffee
1956,"butter,jam"
1957,"bread,butter,jam,sugar,tea"
1958,"butter,jam,tea"
1959,"butter,oil"
1960,"eggs,tea"
1961,"bread,jam"
1962,"butter,eggs,jam"
1963,eggs
1964,"coffee,milk"
1965,"bread,butter,jam"
1966,"coffee,milk,rice"
1967,"bread,butter,coffee,sugar,tea"
1968,"coffee,sugar,tea"
1969,"oil,rice"
1970,oil
1971,"eggs,rice,sugar"
1972,"coffee,oil,sugar"
1973,"butter,jam"
1974,"coffee,sugar,tea"
1975,"butter,eggs,jam,milk"
1976,"butter,milk,rice"
1977,"milk,oil"
1978,"bread,butter,jam,sugar"
1979,jam
1980,"bread,butter,jam,oil"
1981,"bread,butter,jam"
1982,jam
1983,"milk,sugar,tea"
1984,eggs
1985,"coffee,oil,sugar"
1986,milk
1987,"jam,sugar,tea"
1988,coffee
1989,"eggs,oil,sugar"
1990,"butter,jam,tea"
1991,butter
1992,"coffee,rice,sugar"
1993,"bread,butter,jam"
1994,"coffee,sugar,tea"
1995,"coffee,jam,sugar"
1996,"bread,butter,jam"
1997,"eggs,oil,tea"
1998,"bread,butter,jam"
1999,coffee
2000,"jam,tea"
2001,oil
2002,"milk,oil"
2003,"coffee,jam"
2004,"coffee,sugar,tea"
2005,"butter,jam"
2006,"bread,butter,eggs,jam,milk"
2007,rice
2008,"bread,butter"
2009,"butter,jam,sugar"
2010,"butter,jam,rice"
2011,"coffee,eggs,milk,sugar"
2012,eggs
2013,"milk,rice"
2014,"eggs,jam,rice"
2015,"butter,jam,rice"
2016,"butter,jam,oil"
2017,"butter,coffee,jam,sugar"
2018,"butter,jam"
2019,"coffee,sugar"
2020,"rice,sugar"
2021,rice
2022,"bread,butter,coffee,sugar,tea"
2023,"coffee,sugar"
2024,eggs
2025,"milk,oil,tea"
2026,"milk,tea"
2027,"milk,rice,sugar"
2028,eggs
2029,oil
2030,"bread,sugar"
2031,tea
2032,"eggs,jam"
2033,"coffee,milk,sugar"
2034,"coffee,jam,sugar"
2035,"oil,sugar,tea"
2036,bread
2037,"eggs,oil,sugar"
2038,"bread,butter,jam"
2039,sugar
2040,"eggs,tea"
2041,"bread,butter,eggs,jam"
2042,"jam,tea"
2043,oil
2044,"bread,butter,jam"
2045,jam
2046,rice
2047,"butter,jam"
2048,butter
2049,"butter,jam,oil,tea"
2050,"coffee,eggs"
2051,"coffee,sugar"
2052,"milk,tea"
2053,"oil,tea"
2054,"bread,butter,jam"
2055,"eggs,sugar,tea"
2056,"butter,jam,sugar"
2057,"bread,butter,jam"
2058,"bread,butter,jam"
2059,tea
2060,"milk,sugar"
2061,"butter,jam,milk"
2062,"milk,oil"
2063,"butter,jam,milk,tea"
2064,"jam,rice,tea"
2065,eggs
2066,"bread,butter"
2067,milk
2068,"bread,butter,jam,tea"
2069,eggs
2070,"milk,sugar"
2071,"bread,butter,jam,sugar"
2072,"rice,tea"
2073,"butter,eggs,jam"
2074,"milk,rice,sugar"
2075,"rice,tea"
2076,"milk,oil,tea"
2077,"jam,oil"
2078,sugar
2079,rice
2080,"coffee,sugar"
2081,milk
2082,"bread,butter"
2083,rice
2084,"bread,butter,jam,sugar"
2085,"coffee,jam"
2086,"jam,rice"
2087,"milk,rice,tea"
2088,"eggs,sugar"
2089,"bread,butter,eggs"
2090,"jam,oil,rice"
2091,"coffee,oil,sugar"
2092,"coffee,oil,rice,sugar"
2093,"butter,tea"
2094,"bread,butter,eggs,jam"
2095,"jam,tea"
2096,"bread,butter,jam"
2097,"oil,tea"
2098,"jam,milk,rice"
2099,"milk,tea"
2100,milk
2101,"bread,oil,sugar"
2102,tea
2103,"bread,butter,eggs,jam"
2104,"sugar,tea"
2105,"jam,oil"
2106,"coffee,eggs,sugar,tea"
2107,"jam,milk,sugar"
2108,"bread,butter,jam,milk,sugar"
2109,"bread,butter,sugar"
2110,"butter,milk"
2111,eggs
2112,"coffee,eggs"
2113,"bread,butter,jam,oil"
2114,"jam,milk"
2115,"bread,jam"
2116,"jam,tea"
2117,milk
2118,"coffee,eggs,tea"
2119,"bread,butter,rice"
2120,"bread,milk,rice"
2121,"eggs,sugar"
2122,sugar
2123,"eggs,sugar,tea"
2124,"bread,butter,jam,rice"
2125,"coffee,eggs,sugar,tea"
2126,sugar
2127,milk
2128,coffee
2129,"bread,butter,coffee,jam,sugar"
2130,"eggs,oil,sugar"
2131,milk
2132,"coffee,sugar,tea"
2133,"coffee,sugar"
2134,"bread,butter,eggs,jam,sugar"
2135,"milk,rice"
2136,milk
2137,sugar
2138,"bread,butter,jam,rice"
2139,"coffee,milk,sugar,tea"
2140,"bread,butter"
2141,tea
2142,"bread,eggs,oil"
2143,"butter,coffee"
2144,"eggs,milk,rice"
2145,"bread,butter,sugar"
2146,"coffee,jam,sugar"
2147,"jam,milk,rice"
2148,"jam,oil"
2149,"bread,butter,eggs,jam"
2150,"butter,jam"
2151,"butter,jam,milk"
2152,"coffee,rice,sugar"
2153,"rice,sugar"
2154,oil
2155,"bread,butter,jam,sugar"
2156,tea
2157,jam
2158,"butter,jam,milk,oil"
2159,"bread,butter,eggs,jam,sugar"
2160,"butter,jam"
2161,jam
2162,"butter,eggs,jam"
2163,"milk,sugar"
2164,tea
2165,"butter,jam,milk"
2166,"bread,butter,jam,milk"
2167,milk
2168,"bread,butter,eggs,jam,milk"
2169,jam
2170,"oil,rice"
2171,coffee
2172,sugar
2173,"eggs,sugar"
2174,"butter,coffee,jam,sugar"
2175,"butter,jam,tea"
2176,"eggs,jam"
2177,"jam,rice"
2178,"coffee,jam,milk,sugar"
2179,"oil,rice,sugar"
2180,"oil,sugar"
2181,"oil,sugar"
2182,jam
2183,"bread,eggs,tea"
2184,"eggs,oil,rice"
2185,"bread,butter,jam,sugar,tea"
2186,milk
2187,"coffee,eggs,tea"
2188,"eggs,milk"
2189,"milk,sugar"
2190,"milk,oil"
2191,"eggs,sugar,tea"
2192,"butter,jam"
2193,"coffee,milk,sugar"
2194,"jam,oil"
2195,milk
2196,"milk,rice"
2197,milk
2198,"butter,coffee,jam,milk,sugar"
2199,jam
2200,"jam,oil,tea"
2201,"bread,butter,jam,rice,sugar"
2202,"bread,butter,coffee"
2203,"butter,sugar"
2204,"jam,rice,tea"
2205,sugar
2206,"coffee,jam,rice,sugar"
2207,"butter,jam"
2208,"oil,tea"
2209,rice
2210,"bread,butter,jam,oil"
2211,"bread,butter,coffee,jam,sugar"
2212,eggs
2213,"bread,butter,eggs,milk"
2214,rice
2215,"coffee,jam,tea"
2216,"butter,coffee,sugar"
2217,"butter,jam,oil,sugar"
2218,milk
2219,"butter,jam,oil"
2220,"butter,jam"
2221,tea
2222,milk
2223,"eggs,rice,tea"
2224,"butter,jam,oil,rice"
2225,"eggs,sugar"
2226,"butter,jam,rice"
2227,"bread,butter,jam,milk,tea"
2228,rice
2229,"butter,oil,rice"
2230,"coffee,oil,rice,sugar"
2231,rice
2232,"bread,butter,jam,rice"
2233,"butter,jam,rice"
2234,oil
2235,coffee
2236,oil
2237,"butter,eggs,jam"
2238,rice
2239,"bread,eggs,oil"
2240,rice
2241,"milk,tea"
2242,"coffee,jam,oil"
2243,"butter,sugar"
2244,"bread,butter,jam,sugar,tea"
2245,"butter,jam,milk,rice"
2246,"bread,butter,jam,milk,rice"
2247,"jam,oil,sugar"
2248,"bread,butter,oil,rice"
2249,rice
2250,"milk,sugar,tea"
2251,"eggs,tea"
2252,"bread,oil,sugar"
2253,jam
2254,"coffee,rice"
2255,"eggs,jam,oil"
2256,"bread,butter,jam"
2257,"coffee,sugar"
2258,"eggs,rice,sugar"
2259,"coffee,rice,sugar"
2260,"butter,jam,tea"
2261,"bread,butter,jam"
2262,tea
2263,"bread,butter,jam,sugar"
2264,"rice,sugar,tea"
2265,"bread,butter,jam"
2266,"bread,butter,coffee,jam,sugar"
2267,milk
2268,"eggs,rice"
2269,"eggs,milk,oil"
2270,jam
2271,"butter,jam,oil"
2272,"butter,jam,oil"
2273,"jam,milk,oil"
2274,oil
2275,"coffee,milk,sugar"
2276,tea
2277,"bread,butter,jam,oil,tea"
2278,"butter,eggs,jam,sugar"
2279,rice
2280,"bread,butter,jam"
2281,"coffee,rice,sugar,tea"
2282,rice
2283,"coffee,sugar"
2284,"eggs,tea"
2285,"butter,rice"
2286,"bread,butter,jam,milk,tea"
2287,milk
2288,eggs
2289,"bread,butter,oil,sugar"
2290,oil
2291,"eggs,tea"
2292,"bread,butter,jam"
2293,"coffee,sugar,tea"
2294,"bread,sugar,tea"
2295,"butter,jam"
2296,"butter,sugar"
2297,"oil,sugar"
2298,"butter,jam,oil,tea"
2299,"coffee,milk,sugar"
2300,"butter,jam"
2301,"jam,oil,tea"
2302,sugar
2303,"bread,butter,oil,sugar"
2304,"bread,butter,jam,oil,tea"
2305,"coffee,milk,sugar"
2306,"oil,rice,sugar"
2307,"butter,jam"
2308,milk
2309,"eggs,jam,sugar"
2310,"eggs,sugar"
2311,"coffee,eggs,sugar"
2312,rice
2313,"bread,butter,tea"
2314,"butter,jam,milk,sugar"
2315,"oil,rice"
2316,eggs
2317,"butter,rice"
2318,rice
2319,"bread,butter,jam,oil"
2320,"bread,butter,jam"
2321,butter
2322,"butter,jam,oil"
2323,"sugar,tea"
2324,"oil,rice"
2325,eggs
2326,"bread,butter"
2327,"bread,butter,eggs,jam,rice"
2328,"bread,butter,eggs,jam"
2329,"bread,butter,jam,milk"
2330,jam
2331,tea
2332,"eggs,milk"
2333,tea
2334,"coffee,eggs,oil,sugar"
2335,"butter,eggs,jam,milk"
2336,"eggs,milk,tea"
2337,"coffee,oil,rice,sugar"
2338,"bread,butter"
2339,"eggs,oil,sugar"
2340,"eggs,sugar,tea"
2341,"oil,sugar"
2342,"eggs,milk"
2343,"bread,butter"
2344,tea
2345,"butter,jam,milk"
2346,"bread,butter,jam"
2347,"bread,butter,jam,milk"
2348,"butter,coffee,jam,rice,sugar"
2349,"bread,butter,rice"
2350,oil
2351,"bread,butter"
2352,"coffee,eggs,sugar"
2353,butter
2354,sugar
2355,"butter,jam,rice,sugar"
2356,"oil,rice,tea"
2357,rice
2358,"butter,eggs,jam"
2359,"oil,sugar"
2360,"coffee,sugar"
2361,"milk,rice,tea"
2362,"butter,jam,sugar"
2363,"jam,sugar,tea"
2364,"jam,milk"
2365,"bread,butter"
2366,"butter,coffee,jam,rice,sugar"
2367,"oil,sugar"
2368,"jam,tea"
2369,"bread,butter,eggs,jam"
2370,"coffee,sugar,tea"
2371,"rice,tea"
2372,"butter,jam,sugar"
2373,"eggs,sugar"
2374,"coffee,rice,sugar"
2375,oil
2376,"bread,coffee"
2377,"eggs,milk"
2378,"butter,eggs,jam,rice"
2379,oil
2380,"oil,sugar"
2381,"jam,milk,oil"
2382,"jam,milk,sugar"
2383,"jam,rice,sugar"
2384,"butter,jam,oil,tea"
2385,"bread,butter,jam"
2386,"coffee,eggs,jam,sugar"
2387,"jam,oil,sugar"
2388,"coffee,sugar"
2389,tea
2390,"bread,butter"
2391,coffee
2392,sugar
2393,"coffee,milk,sugar"
2394,"eggs,sugar,tea"
2395,eggs
2396,"rice,sugar"
2397,"butter,jam,oil,sugar"
2398,"jam,rice,tea"
2399,"bread,butter,jam"
2400,"coffee,sugar"
2401,"eggs,milk,oil"
2402,"coffee,milk,sugar"
2403,"bread,butter,tea"
2404,"eggs,tea"
2405,"butter,jam,rice"
2406,"butter,jam,rice,sugar"
2407,"oil,sugar,tea"
2408,"jam,sugar"
2409,"bread,butter,eggs,jam,milk"
2410,"jam,oil,tea"
2411,"butter,jam"
2412,"bread,butter,jam"
2413,"bread,jam,milk"
2414,"jam,milk,tea"
2415,"coffee,sugar"
2416,"jam,oil,tea"
2417,"eggs,oil,sugar"
2418,"jam,rice,sugar"
2419,"eggs,oil"
2420,"jam,tea"
2421,"oil,rice,tea"
2422,"butter,jam"
2423,"bread,butter,eggs"
2424,"coffee,jam"
2425,"bread,butter,jam,milk"
2426,sugar
2427,"eggs,sugar"
2428,"bread,butter,jam"
2429,"bread,butter"
2430,"bread,butter,coffee,jam,sugar,tea"
2431,"oil,rice"
2432,milk
2433,"jam,sugar"
2434,"sugar,tea"
2435,"milk,oil,rice"
2436,"bread,oil,sugar"
2437,"oil,rice"
2438,"jam,tea"
2439,"coffee,jam,oil,sugar"
2440,"bread,eggs"
2441,"bread,butter,milk,sugar"
2442,"butter,jam,milk,sugar"
2443,"milk,sugar,tea"
2444,"butter,eggs,jam,rice"
2445,"bread,butter,jam"
2446,"bread,butter"
2447,"bread,butter"
2448,"bread,jam"
2449,rice
2450,"jam,rice"
2451,"coffee,milk"
2452,milk
2453,"rice,tea"
2454,"bread,butter,jam"
2455,"bread,butter,milk,tea"
2456,"bread,butter,jam,oil,rice"
2457,"sugar,tea"
2458,"butter,jam,rice,tea"
2459,"bread,butter"
2460,"sugar,tea"
2461,"bread,butter,jam,rice"
2462,"butter,jam,oil"
2463,"butter,eggs,milk"
2464,milk
2465,rice
2466,eggs
2467,"bread,butter,sugar"
2468,sugar
2469,"bread,butter,jam,milk,sugar"
2470,milk
2471,"oil,sugar"
2472,"bread,butter,coffee,sugar"
2473,"bread,butter"
2474,"rice,sugar,tea"
2475,"jam,milk,tea"
2476,"eggs,oil,sugar"
2477,eggs
2478,"milk,tea"
2479,"coffee,rice"
2480,"oil,sugar,tea"
2481,"coffee,eggs,jam,sugar"
2482,"jam,milk,oil"
2483,"coffee,jam,rice,sugar"
2484,"bread,butter,jam,rice"
2485,"bread,butter,jam,rice,tea"
2486,butter
2487,sugar
2488,"bread,butter,coffee,jam,rice"
2489,"jam,milk,sugar"
2490,jam
2491,"milk,sugar,tea"
2492,"bread,butter,coffee,jam,rice,sugar"
2493,"milk,sugar,tea"
2494,"bread,butter,coffee,eggs,jam"
2495,"bread,butter,coffee,jam,sugar"
2496,"milk,oil"
2497,"butter,jam,rice"
2498,tea
2499,"bread,rice,sugar"
2500,"coffee,tea"
2501,eggs
2502,"bread,butter,jam,milk"
2503,"bread,oil,rice"
2504,"butter,jam"
2505,"eggs,jam,rice"
2506,"eggs,sugar"
2507,eggs
2508,"bread,butter,eggs"
2509,"coffee,sugar,tea"
2510,"bread,butter,jam,rice"
2511,"bread,butter,jam,tea"
2512,"bread,butter,jam"
2513,"coffee,rice,sugar"
2514,eggs
2515,rice
2516,eggs
2517,"butter,oil,rice"
2518,milk
2519,"butter,jam"
2520,"eggs,oil"
2521,"butter,jam,rice"
2522,"butter,eggs,jam,milk"
2523,"butter,eggs,jam,milk"
2524,"butter,eggs,jam,tea"
2525,"butter,coffee,jam,sugar"
2526,"coffee,sugar"
2527,"eggs,rice"
2528,"coffee,sugar"
2529,"bread,butter"
2530,"butter,jam,milk"
2531,"coffee,eggs,jam"
2532,"milk,oil,tea"
2533,"butter,eggs,jam,rice"
2534,"rice,sugar"
2535,jam
2536,"eggs,sugar,tea"
2537,jam
2538,"jam,rice,tea"
2539,"bread,coffee,oil"
2540,"bread,butter,coffee,jam,milk,sugar"
2541,eggs
2542,oil
2543,bread
2544,"butter,jam,tea"
2545,"bread,butter,jam,oil"
2546,eggs
2547,tea
2548,"bread,butter,jam,milk,rice"
2549,eggs
2550,rice
2551,tea
2552,"milk,tea"
2553,"butter,coffee,jam,rice"
2554,"eggs,oil,rice"
2555,"jam,milk,tea"
2556,"bread,butter,jam,milk,rice"
2557,milk
2558,rice
2559,"coffee,oil,sugar,tea"
2560,"bread,butter,eggs,sugar"
2561,eggs
2562,"butter,jam"
2563,"coffee,sugar"
2564,"rice,tea"
2565,"butter,coffee,jam,oil,sugar"
2566,rice
2567,"coffee,rice"
2568,"eggs,sugar"
2569,"coffee,oil"
2570,"bread,butter,jam,rice,tea"
2571,"bread,butter,jam,milk"
2572,"eggs,milk"
2573,"milk,tea"
2574,"bread,butter,jam"
2575,eggs
2576,rice
2577,butter
2578,"eggs,jam"
2579,"jam,sugar"
2580,"coffee,jam,rice"
2581,rice
2582,oil
2583,"bread,sugar"
2584,"butter,tea"
2585,eggs
2586,"eggs,sugar"
2587,eggs
2588,"bread,butter,jam,oil,tea"
2589,"bread,butter,jam,sugar"
2590,"coffee,eggs,jam,sugar"
2591,"coffee,jam,milk,sugar"
2592,"bread,butter,sugar"
2593,tea
2594,"bread,butter"
2595,sugar
2596,"jam,milk,sugar"
2597,"milk,oil"
2598,tea
2599,bread
2600,"butter,eggs,jam,milk"
2601,"eggs,oil"
2602,"eggs,rice"
2603,"butter,jam,tea"
2604,"coffee,milk,oil"
2605,"jam,oil"
2606,jam
2607,"eggs,jam,oil"
2608,"eggs,sugar"
2609,eggs
2610,"coffee,jam,oil"
2611,"eggs,rice,tea"
2612,"bread,eggs"
2613,oil
2614,"coffee,milk,sugar,tea"
2615,"jam,tea"
2616,"coffee,rice,sugar,tea"
2617,"bread,butter,jam"
2618,"bread,butter,eggs,jam,sugar"
2619,"bread,butter,jam,oil,rice"
2620,"bread,butter,jam"
2621,"butter,eggs,sugar"
2622,"butter,jam,oil"
2623,"jam,sugar"
2624,"butter,coffee,jam,sugar"
2625,"coffee,eggs,jam"
2626,"coffee,milk,rice"
2627,"milk,oil"
2628,"bread,eggs"
2629,"jam,oil,tea"
2630,"bread,butter,jam,tea"
2631,milk
2632,"jam,oil"
2633,eggs
2634,"butter,coffee,jam,sugar"
2635,"coffee,jam,oil,sugar"
2636,"eggs,milk"
2637,oil
2638,"bread,butter,jam,rice"
2639,"butter,jam,rice"
2640,"butter,coffee,jam,rice,sugar"
2641,"coffee,oil,sugar"
2642,butter
2643,"butter,jam"
2644,sugar
2645,tea
2646,"milk,tea"
2647,"bread,butter,jam"
2648,"eggs,jam,tea"
2649,tea
2650,"coffee,sugar"
2651,"bread,butter"
2652,tea
2653,"rice,sugar"
2654,oil
2655,"jam,tea"
2656,tea
2657,"butter,coffee,sugar,tea"
2658,"butter,jam,rice"
2659,"bread,butter,jam,milk"
2660,"butter,jam,milk"
2661,"butter,jam,milk,oil"
2662,"oil,rice"
2663,"butter,jam,rice"
2664,"sugar,tea"
2665,"jam,rice,tea"
2666,"bread,butter,jam,rice,tea"
2667,"butter,jam"
2668,oil
2669,"coffee,sugar"
2670,"butter,jam,milk"
2671,"butter,jam,sugar,tea"
2672,sugar
2673,"butter,eggs,jam,sugar"
2674,eggs
2675,"rice,sugar"
2676,"coffee,jam,oil,sugar"
2677,"coffee,eggs,sugar,tea"
2678,"bread,butter,jam,milk"
2679,"bread,butter,eggs,oil"
2680,"bread,butter,coffee,sugar"
2681,"eggs,jam"
2682,"bread,butter,jam,milk"
2683,sugar
2684,"coffee,eggs,rice,sugar"
2685,oil
2686,"milk,rice,sugar"
2687,"bread,butter,sugar,tea"
2688,oil
2689,eggs
2690,"coffee,rice"
2691,oil
2692,"jam,milk,oil"
2693,coffee
2694,"bread,butter,milk"
2695,"bread,butter,eggs"
2696,"bread,butter,jam"
2697,"coffee,sugar"
2698,"bread,butter,jam"
2699,"bread,butter,jam,sugar"
2700,"sugar,tea"
2701,"butter,jam"
2702,"coffee,oil,sugar"
2703,"eggs,jam,rice"
2704,"eggs,milk,sugar"
2705,"bread,butter,jam"
2706,coffee
2707,"oil,tea"
2708,"butter,jam,rice"
2709,"bread,coffee,tea"
2710,"coffee,jam,oil,sugar"
2711,"eggs,rice"
2712,"eggs,tea"
2713,tea
2714,tea
2715,"bread,butter,jam,milk"
2716,"bread,butter,jam"
2717,"bread,butter,jam"
2718,"butter,coffee,jam,sugar"
2719,"coffee,tea"
2720,"milk,oil,sugar"
2721,"jam,rice"
2722,bread
2723,"coffee,oil,rice,sugar"
2724,milk
2725,"bread,butter"
2726,"bread,coffee,sugar"
2727,milk
2728,"eggs,jam"
2729,eggs
2730,jam
2731,"butter,eggs,tea"
2732,"butter,coffee,jam,sugar"
2733,"milk,rice"
2734,"eggs,sugar"
2735,"milk,tea"
2736,"coffee,tea"
2737,"coffee,milk,tea"
2738,"bread,butter,jam,oil"
2739,"eggs,milk,sugar"
2740,"bread,butter,jam,milk"
2741,"bread,butter,jam,tea"
2742,"butter,eggs,jam,oil"
2743,"coffee,rice"
2744,"milk,oil"
2745,"milk,tea"
2746,"butter,jam,tea"
2747,"jam,milk"
2748,"bread,butter"
2749,jam
2750,"eggs,oil"
2751,eggs
2752,"butter,jam,rice"
2753,coffee
2754,"coffee,sugar,tea"
2755,oil
2756,"milk,oil,rice"
2757,"butter,eggs,jam"
2758,"coffee,jam"
2759,"bread,butter,eggs,jam,tea"
2760,"eggs,sugar"
2761,rice
2762,milk
2763,jam
2764,milk
2765,"bread,butter,jam"
2766,sugar
2767,"coffee,milk,sugar"
2768,"eggs,oil"
2769,"butter,jam,milk,tea"
2770,"milk,oil"
2771,"eggs,oil,rice"
2772,"milk,oil,sugar"
2773,rice
2774,"butter,jam"
2775,"butter,jam"
2776,"milk,rice,tea"
2777,tea
2778,"coffee,eggs,sugar"
2779,"milk,sugar"
2780,"jam,milk"
2781,"coffee,rice,sugar"
2782,"bread,butter,jam,sugar"
2783,"bread,butter,eggs,jam,milk"
2784,"jam,sugar"
2785,"bread,butter,coffee,jam,sugar"
2786,"bread,butter,coffee,jam,sugar"
2787,tea
2788,eggs
2789,"oil,rice"
2790,"jam,milk"
2791,"coffee,sugar,tea"
2792,"bread,butter,coffee,jam"
2793,"eggs,rice"
2794,"eggs,tea"
2795,"jam,sugar,tea"
2796,"butter,jam,tea"
2797,"eggs,oil,rice"
2798,"milk,tea"
2799,"butter,rice,tea"
2800,"jam,oil,sugar"
2801,oil
2802,"jam,oil,rice"
2803,tea
2804,"bread,butter,coffee,sugar,tea"
2805,"milk,rice"
2806,tea
2807,"butter,jam"
2808,"eggs,oil"
2809,"coffee,eggs,sugar"
2810,rice
2811,"coffee,milk,sugar,tea"
2812,"coffee,eggs,sugar"
2813,"bread,butter,jam,oil"
2814,"butter,jam,sugar"
2815,tea
2816,"milk,rice,sugar"
2817,"coffee,sugar,tea"
2818,sugar
2819,"butter,jam,rice"
2820,"bread,butter,coffee,jam,sugar"
2821,"coffee,jam,oil,sugar"
2822,"milk,oil,tea"
2823,"bread,butter,jam,sugar,tea"
2824,milk
2825,"bread,butter,jam,rice"
2826,"bread,butter,jam,sugar,tea"
2827,tea
2828,"eggs,oil,rice"
2829,"jam,rice"
2830,"eggs,sugar"
2831,"butter,eggs,jam"
2832,"rice,sugar"
2833,"rice,sugar,tea"
2834,sugar
2835,"eggs,rice"
2836,"coffee,oil"
2837,"milk,oil,sugar"
2838,"eggs,oil"
2839,rice
2840,"bread,butter,jam,milk,rice"
2841,sugar
2842,"milk,sugar"
2843,milk
2844,jam
2845,"bread,butter,eggs,jam,rice"
2846,"bread,milk,sugar"
2847,"bread,rice"
2848,"bread,butter,coffee,jam,sugar"
2849,"bread,butter,jam,tea"
2850,"coffee,rice,sugar,tea"
2851,"oil,tea"
2852,"milk,rice,tea"
2853,sugar
2854,"butter,jam"
2855,"eggs,rice,sugar"
2856,"jam,oil"
2857,"butter,eggs,jam"
2858,"bread,butter,coffee,jam"
2859,"jam,tea"
2860,jam
2861,"coffee,rice,sugar"
2862,"coffee,oil,sugar"
2863,"butter,coffee,jam,sugar"
2864,"bread,butter,coffee,jam,sugar"
2865,"butter,oil,tea"
2866,"jam,oil,tea"
2867,"jam,sugar"
2868,"butter,jam"
2869,"eggs,jam"
2870,jam
2871,"butter,eggs,jam"
2872,oil
2873,"coffee,milk,rice,sugar"
2874,"bread,butter"
2875,"milk,oil"
2876,butter
2877,"butter,jam,milk,rice"
2878,"bread,butter,eggs,rice"
2879,"butter,jam,milk,tea"
2880,"jam,oil"
2881,"bread,butter,oil,tea"
2882,rice
2883,"bread,butter,oil,tea"
2884,rice
2885,tea
2886,jam
2887,"oil,rice"
2888,"bread,butter,oil,tea"
2889,"butter,jam,milk"
2890,coffee
2891,"eggs,oil,rice"
2892,rice
2893,"bread,butter,eggs"
2894,"bread,butter,jam"
2895,"jam,rice"
2896,"rice,sugar"
2897,"bread,butter,jam,oil,sugar"
2898,"butter,jam,oil"
2899,"bread,butter,jam,rice"
2900,tea
2901,"butter,eggs,jam"
2902,"eggs,oil"
2903,rice
2904,jam
2905,"eggs,jam,sugar"
2906,oil
2907,rice
2908,"bread,coffee,sugar"
2909,"eggs,milk"
2910,"butter,jam,oil,tea"
2911,"bread,butter,rice"
2912,"eggs,jam"
2913,"bread,butter,eggs,jam"
2914,"coffee,eggs,rice,sugar"
2915,rice
2916,"butter,jam,rice"
2917,"coffee,milk,sugar"
2918,"oil,rice"
2919,"coffee,sugar"
2920,rice
2921,butter
2922,"bread,butter,eggs,jam"
2923,"bread,butter,jam,oil"
2924,"butter,jam,sugar,tea"
2925,"rice,sugar,tea"
2926,"coffee,eggs,rice"
2927,"bread,milk"
2928,"coffee,oil"
2929,"bread,butter,coffee,jam,sugar"
2930,jam
2931,"coffee,eggs"
2932,"bread,butter,eggs,tea"
2933,"rice,sugar"
2934,"jam,tea"
2935,"rice,tea"
2936,"butter,jam,milk,tea"
2937,"bread,butter,jam,oil"
2938,sugar
2939,tea
2940,"milk,rice,tea"
2941,"coffee,jam,oil,sugar"
2942,milk
2943,"coffee,jam,rice,sugar"
2944,"bread,butter,jam,oil,sugar"
2945,"sugar,tea"
2946,bread
2947,rice
2948,"bread,butter,jam"
2949,"oil,tea"
2950,"butter,jam,milk"
2951,"butter,jam,oil"
2952,rice
2953,"butter,jam"
2954,"butter,coffee,jam,sugar"
2955,rice
2956,"butter,jam"
2957,sugar
2958,"butter,jam"
2959,"milk,sugar"
2960,"eggs,sugar,tea"
2961,"eggs,sugar"
2962,"eggs,sugar"
2963,oil
2964,rice
2965,"bread,butter,jam"
2966,tea
2967,"coffee,milk,rice,sugar"
2968,tea
2969,"eggs,rice,tea"
2970,"coffee,milk,sugar"
2971,"coffee,sugar"
2972,oil
2973,"coffee,sugar"
2974,"milk,oil"
2975,"eggs,jam,oil"
2976,"coffee,sugar,tea"
2977,milk
2978,"oil,sugar,tea"
2979,"bread,butter,jam,rice"
2980,jam
2981,"bread,butter,rice"
2982,milk
2983,"coffee,eggs,sugar"
2984,milk
2985,"butter,jam,milk"
2986,"coffee,oil,sugar,tea"
2987,"oil,rice"
2988,"sugar,tea"
2989,"bread,butter,jam"
2990,"oil,sugar"
2991,milk
2992,rice
2993,milk
2994,jam
2995,"oil,rice,sugar"
2996,"coffee,jam,oil,sugar"
2997,butter
2998,oil
2999,"bread,butter,jam"
3000,"butter,eggs,tea"
3001,"oil,rice,sugar"
3002,jam
3003,tea
3004,tea
3005,tea
3006,"milk,tea"
3007,"butter,coffee,jam,tea"
3008,"jam,oil,rice"
3009,"bread,butter,jam,sugar"
3010,milk
3011,"oil,sugar,tea"
3012,"butter,tea"
3013,"coffee,jam,sugar"
3014,"bread,butter,jam,milk"
3015,"eggs,milk,sugar"
3016,"rice,tea"
3017,"bread,butter,oil,rice"
3018,coffee
3019,"coffee,eggs"
3020,"butter,milk"
3021,"bread,butter,jam,milk"
3022,"jam,tea"
3023,"eggs,milk,tea"
3024,"bread,butter,jam,tea"
3025,"rice,tea"
3026,"jam,oil,sugar"
3027,"bread,butter,eggs,jam"
3028,"jam,milk"
3029,"coffee,oil,rice"
3030,"coffee,eggs,milk,sugar"
3031,"bread,butter,jam,oil"
3032,jam
3033,tea
3034,eggs
3035,"coffee,sugar,tea"
3036,"milk,oil,rice"
3037,tea
3038,"bread,butter,eggs"
3039,milk
3040,"milk,rice,tea"
3041,"bread,butter,jam"
3042,"butter,jam,milk"
3043,"coffee,sugar"
3044,rice
3045,"milk,oil,rice"
3046,"milk,oil"
3047,"jam,milk,oil"
3048,"butter,jam,milk"
3049,"eggs,jam,tea"
3050,"butter,jam,sugar"
3051,"coffee,eggs,sugar"
3052,"eggs,jam,rice"
3053,"coffee,milk,sugar"
3054,"milk,sugar,tea"
3055,jam
3056,"bread,butter,jam"
3057,"bread,butter,jam,tea"
3058,jam
3059,"butter,jam,milk"
3060,"bread,butter,jam,rice"
3061,"milk,oil"
3062,"coffee,sugar"
3063,coffee
3064,"butter,eggs,jam"
3065,oil
3066,"bread,butter,rice,sugar"
3067,"bread,butter,jam,oil"
3068,jam
3069,"bread,butter,sugar"
3070,oil
3071,"milk,tea"
3072,oil
3073,"jam,milk"
3074,"jam,sugar"
3075,jam
3076,"eggs,jam"
3077,jam
3078,jam
3079,"jam,rice"
3080,milk
3081,"coffee,sugar,tea"
3082,coffee
3083,"butter,jam,sugar"
3084,"coffee,jam,sugar,tea"
3085,"bread,butter,jam"
3086,milk
3087,"coffee,milk,sugar"
3088,"coffee,sugar"
3089,oil
3090,eggs
3091,"butter,jam,sugar"
3092,"butter,coffee,eggs,jam"
3093,"milk,sugar"
3094,milk
3095,"eggs,rice,sugar"
3096,"coffee,jam"
3097,rice
3098,"milk,oil"
3099,jam
3100,sugar
3101,"rice,sugar"
3102,milk
3103,"butter,oil,sugar"
3104,"jam,rice"
3105,"bread,butter,milk"
3106,"sugar,tea"
3107,coffee
3108,"oil,rice"
3109,"jam,milk"
3110,tea
3111,"eggs,oil,sugar"
3112,"bread,butter,jam,tea"
3113,"bread,butter,coffee,jam,sugar"
3114,"bread,butter,oil,rice"
3115,sugar
3116,bread
3117,"bread,butter"
3118,"butter,eggs,jam,sugar"
3119,"butter,jam,oil"
3120,"eggs,jam,tea"
3121,"butter,eggs,jam"
3122,"bread,butter,eggs"
3123,"eggs,oil"
3124,"sugar,tea"
3125,coffee
3126,"bread,butter,jam,oil,rice"
3127,"jam,tea"
3128,"butter,jam"
3129,oil
3130,"oil,tea"
3131,oil
3132,"bread,butter,jam"
3133,"milk,rice,tea"
3134,"coffee,sugar"
3135,"eggs,milk,rice"
3136,tea
3137,"coffee,oil,sugar,tea"
3138,"butter,coffee,milk,sugar"
3139,"eggs,tea"
3140,tea
3141,"bread,butter,coffee,jam,sugar"
3142,tea
3143,"butter,coffee,eggs,jam"
3144,coffee
3145,"butter,jam,rice"
3146,"butter,eggs,jam,tea"
3147,rice
3148,eggs
3149,"bread,butter,rice"
3150,"bread,butter,jam"
3151,sugar
3152,"coffee,jam,oil,sugar"
3153,"jam,sugar,tea"
3154,"jam,milk"
3155,"eggs,jam,tea"
3156,"milk,rice"
3157,"bread,butter,tea"
3158,"bread,butter,jam,milk,oil"
3159,"butter,jam"
3160,"eggs,jam,rice"
3161,"butter,coffee,jam,milk,sugar"
3162,"bread,butter,coffee,jam,sugar"
3163,"bread,butter,coffee,jam,milk,sugar"
3164,"jam,tea"
3165,"butter,jam,oil"
3166,tea
3167,"bread,eggs,milk"
3168,"butter,jam,milk,oil"
3169,"eggs,rice,tea"
3170,"bread,butter,jam"
3171,"bread,butter,eggs,jam"
3172,jam
3173,"bread,butter,eggs,sugar"
3174,"butter,eggs,jam"
3175,"eggs,oil,rice"
3176,butter
3177,"butter,jam"
3178,milk
3179,"milk,rice"
3180,milk
3181,"eggs,jam"
3182,"milk,oil"
3183,"bread,jam,rice"
3184,"coffee,oil,sugar"
3185,"coffee,rice,sugar"
3186,"bread,oil,rice"
3187,butter
3188,"butter,oil,tea"
3189,"jam,tea"
3190,"coffee,eggs,milk"
3191,"oil,rice"
3192,"bread,butter,coffee,sugar"
3193,butter
3194,"coffee,milk,sugar"
3195,"coffee,milk,sugar,tea"
3196,jam
3197,"rice,tea"
3198,"eggs,sugar,tea"
3199,"bread,butter,jam,milk"
3200,eggs
3201,"bread,butter,eggs,sugar"
3202,"coffee,rice,sugar"
3203,"butter,eggs,sugar"
3204,"butter,jam,oil,sugar"
3205,"bread,butter,jam,milk"
3206,eggs
3207,"coffee,jam,sugar"
3208,"rice,sugar"
3209,"coffee,sugar"
3210,"butter,jam,milk"
3211,sugar
3212,"jam,oil,tea"
3213,"jam,rice"
3214,jam
3215,milk
3216,"bread,butter,coffee,sugar"
3217,"coffee,milk,rice,sugar"
3218,"bread,butter,jam,rice"
3219,jam
3220,"coffee,oil,tea"
3221,"eggs,jam"
3222,"milk,oil"
3223,sugar
3224,oil
3225,"butter,jam,sugar"
3226,jam
3227,"eggs,sugar"
3228,"coffee,jam,sugar"
3229,"eggs,oil,sugar"
3230,"milk,tea"
3231,"butter,jam,milk"
3232,tea
3233,milk
3234,"rice,tea"
3235,"eggs,milk"
3236,"jam,milk,tea"
3237,"coffee,sugar"
3238,"eggs,tea"
3239,"coffee,eggs,oil,sugar"
3240,"eggs,oil,rice"
3241,tea
3242,sugar
3243,"bread,butter,jam,milk,rice"
3244,"eggs,milk"
3245,"coffee,jam,sugar,tea"
3246,"bread,butter,jam"
3247,"bread,butter,coffee,jam,sugar"
3248,"bread,butter,milk,tea"
3249,"coffee,sugar,tea"
3250,jam
3251,"coffee,sugar"
3252,"bread,butter,sugar"
3253,"butter,jam"
3254,"butter,coffee,jam,sugar"
3255,milk
3256,"coffee,milk,tea"
3257,bread
3258,"butter,jam,rice,sugar"
3259,"butter,jam,milk,sugar"
3260,"oil,sugar"
3261,"bread,butter,milk,tea"
3262,sugar
3263,"bread,butter,coffee,jam,sugar,tea"
3264,"bread,butter,jam,oil,tea"
3265,"butter,coffee,jam,tea"
3266,"jam,sugar,tea"
3267,"eggs,rice,tea"
3268,"butter,eggs,jam,rice"
3269,"coffee,sugar"
3270,jam
3271,"bread,butter,jam"
3272,"butter,jam"
3273,"butter,jam"
3274,"oil,rice,tea"
3275,"butter,coffee,jam,rice,sugar"
3276,milk
3277,"bread,butter,milk,rice"
3278,"bread,butter,coffee,jam,sugar"
3279,"eggs,tea"
3280,milk
3281,"eggs,milk,tea"
3282,"eggs,tea"
3283,"bread,butter,jam"
3284,"bread,butter,jam"
3285,rice
3286,"coffee,sugar"
3287,eggs
3288,"bread,oil"
3289,"coffee,sugar"
3290,"coffee,sugar"
3291,"milk,oil,tea"
3292,rice
3293,"bread,butter,jam,milk"
3294,"coffee,eggs,tea"
3295,"milk,oil"
3296,"bread,butter,eggs"
3297,rice
3298,"bread,butter"
3299,"coffee,rice,sugar"
3300,"eggs,oil,tea"
3301,"jam,rice"
3302,"butter,coffee,sugar"
3303,"coffee,jam,rice,sugar"
3304,"eggs,tea"
3305,"bread,butter,jam,milk"
3306,rice
3307,"milk,sugar"
3308,eggs
3309,"eggs,rice"
3310,"coffee,sugar"
3311,"eggs,jam"
3312,jam
3313,"butter,coffee,jam,sugar"
3314,jam
3315,"milk,rice,tea"
3316,"bread,butter,jam,oil"
3317,"sugar,tea"
3318,"bread,butter"
3319,"rice,tea"
3320,"oil,tea"
3321,"eggs,rice,tea"
3322,tea
3323,"coffee,sugar"
3324,"butter,jam,tea"
3325,"bread,butter,jam,milk"
3326,"bread,butter,jam"
3327,"milk,rice"
3328,"eggs,jam,sugar"
3329,sugar
3330,"bread,coffee,oil"
3331,tea
3332,"butter,eggs,jam,milk"
3333,"eggs,rice"
3334,"coffee,sugar,tea"
3335,"milk,tea"
3336,"bread,butter,jam,tea"
3337,"butter,jam"
3338,"bread,butter,oil"
3339,"bread,butter,jam"
3340,"butter,eggs,tea"
3341,"butter,jam"
3342,"bread,butter,tea"
3343,"jam,milk"
3344,"butter,jam,tea"
3345,"milk,rice,tea"
3346,sugar
3347,milk
3348,eggs
3349,milk
3350,"eggs,jam"
3351,tea
3352,"milk,rice"
3353,"bread,butter,jam,rice"
3354,"butter,eggs,rice"
3355,"bread,butter,jam,sugar"
3356,"coffee,jam,sugar,tea"
3357,"bread,butter,jam,oil"
3358,"coffee,jam,sugar"
3359,"butter,milk,tea"
3360,eggs
3361,eggs
3362,"coffee,sugar"
3363,eggs
3364,tea
3365,"rice,tea"
3366,rice
3367,milk
3368,"butter,milk"
3369,"bread,butter,jam,oil,rice"
3370,jam
3371,"coffee,jam,sugar"
3372,"coffee,sugar"
3373,"milk,sugar"
3374,milk
3375,jam
3376,milk
3377,"bread,butter,rice,tea"
3378,"milk,sugar"
3379,"coffee,oil"
3380,"bread,butter,eggs,jam,oil"
3381,eggs
3382,"eggs,milk,sugar"
3383,"jam,sugar"
3384,jam
3385,"bread,butter,jam,tea"
3386,"coffee,jam,sugar"
3387,sugar
3388,"coffee,jam,milk,sugar"
3389,"coffee,eggs,sugar"
3390,"coffee,milk,sugar,tea"
3391,"eggs,rice,tea"
3392,"bread,rice,tea"
3393,coffee
3394,"jam,milk,sugar"
3395,"eggs,oil"
3396,"eggs,rice"
3397,"jam,oil"
3398,"bread,milk,rice"
3399,milk
3400,tea
3401,"eggs,rice,tea"
3402,"bread,butter,rice,tea"
3403,"eggs,rice"
3404,"eggs,tea"
3405,"butter,jam,sugar"
3406,"coffee,eggs,jam,sugar"
3407,"eggs,rice"
3408,jam
3409,"bread,butter,jam,oil"
3410,"coffee,eggs,sugar,tea"
3411,sugar
3412,"bread,butter,coffee,jam,sugar"
3413,milk
3414,"bread,butter,milk,rice"
3415,milk
3416,rice
3417,jam
3418,"bread,butter"
3419,"butter,coffee,jam,rice,sugar"
3420,"butter,jam"
3421,"coffee,jam,sugar"
3422,"jam,rice,tea"
3423,"butter,jam,tea"
3424,milk
3425,rice
3426,"bread,butter,milk,sugar"
3427,milk
3428,"butter,coffee,jam,sugar"
3429,sugar
3430,"bread,butter,eggs,jam"
3431,"coffee,sugar"
3432,"butter,jam"
3433,"coffee,sugar"
3434,"butter,jam,sugar"
3435,"coffee,oil,sugar"
3436,"coffee,jam,sugar"
3437,"milk,tea"
3438,milk
3439,"coffee,jam,rice"
3440,"coffee,milk,sugar,tea"
3441,rice
3442,"coffee,sugar,tea"
3443,"coffee,milk,sugar"
3444,"rice,tea"
3445,"butter,coffee,jam,milk,sugar"
3446,"butter,coffee,milk,sugar"
3447,"bread,butter,jam"
3448,tea
3449,"bread,butter,rice"
3450,"bread,coffee,milk,sugar"
3451,"bread,butter,coffee,jam,sugar"
3452,"butter,eggs,milk"
3453,"bread,butter,jam,sugar"
3454,eggs
3455,"coffee,milk,sugar"
3456,"oil,rice,sugar"
3457,eggs
3458,"eggs,oil"
3459,"bread,butter,eggs,jam"
3460,"butter,jam,milk"
3461,oil
3462,"jam,oil"
3463,"bread,tea"
3464,"bread,butter,jam,oil"
3465,bread
3466,"bread,butter,jam,tea"
3467,"milk,rice"
3468,"coffee,sugar"
3469,jam
3470,jam
3471,"butter,sugar,tea"
3472,"coffee,rice,sugar"
3473,oil
3474,sugar
3475,"butter,jam,sugar,tea"
3476,"coffee,milk,sugar,tea"
3477,"jam,rice"
3478,"bread,butter,jam"
3479,jam
3480,"butter,sugar,tea"
3481,"butter,jam,milk"
3482,"bread,butter,jam,milk,tea"
3483,oil
3484,"coffee,eggs,milk,sugar"
3485,"coffee,jam"
3486,"butter,eggs,jam,tea"
3487,"bread,oil"
3488,"coffee,eggs,sugar"
3489,"milk,oil,tea"
3490,"butter,eggs,jam,tea"
3491,"butter,milk,sugar"
3492,"bread,eggs"
3493,"jam,sugar"
3494,"coffee,sugar"
3495,"bread,oil"
3496,sugar
3497,"bread,butter,coffee,jam,rice,sugar"
3498,"sugar,tea"
3499,"coffee,oil,sugar"
3500,"butter,eggs"
3501,"oil,tea"
3502,"jam,oil,rice"
3503,"jam,rice"
3504,"butter,coffee,jam,oil"
3505,tea
3506,"jam,oil,sugar"
3507,"coffee,oil,sugar"
3508,"jam,oil"
3509,milk
3510,"butter,jam,sugar"
3511,"bread,butter,coffee,eggs,jam,sugar"
3512,oil
3513,milk
3514,rice
3515,"bread,butter,jam"
3516,"bread,butter,tea"
3517,eggs
3518,"eggs,jam,tea"
3519,"oil,sugar,tea"
3520,oil
3521,jam
3522,"coffee,jam,rice,sugar"
3523,"butter,sugar,tea"
3524,"bread,butter"
3525,sugar
3526,rice
3527,"jam,rice"
3528,rice
3529,"butter,eggs,tea"
3530,oil
3531,"eggs,jam,milk"
3532,sugar
3533,"eggs,milk"
3534,"bread,butter,milk"
3535,"coffee,jam,milk"
3536,"jam,milk,rice"
3537,"milk,rice,tea"
3538,"bread,butter,tea"
3539,"milk,tea"
3540,"coffee,eggs,oil,sugar"
3541,"bread,butter,coffee,jam"
3542,jam
3543,"butter,jam,rice"
3544,oil
3545,oil
3546,milk
3547,"bread,butter,milk,oil"
3548,"bread,butter,coffee,jam,sugar"
3549,eggs
3550,tea
3551,"jam,sugar,tea"
3552,bread
3553,"oil,rice,tea"
3554,"bread,butter,coffee,jam,sugar"
3555,"milk,oil"
3556,"butter,jam"
3557,rice
3558,oil
3559,"butter,sugar"
3560,"coffee,sugar"
3561,rice
3562,rice
3563,rice
3564,"jam,milk,oil"
3565,"butter,jam,tea"
3566,"oil,sugar"
3567,"oil,sugar,tea"
3568,jam
3569,"bread,butter"
3570,"butter,jam,milk"
3571,"jam,rice"
3572,"coffee,milk,sugar"
3573,bread
3574,"eggs,jam,milk"
3575,"bread,butter,jam"
3576,"bread,butter,jam,milk,rice"
3577,"bread,butter,jam,oil"
3578,"butter,oil"
3579,"coffee,sugar"
3580,"jam,sugar"
3581,"bread,sugar"
3582,"bread,butter,jam"
3583,"milk,oil,rice"
3584,milk
3585,"coffee,eggs,milk,sugar"
3586,"coffee,eggs,sugar"
3587,"eggs,oil,rice"
3588,"bread,butter,coffee,jam,oil"
3589,"coffee,tea"
3590,"jam,milk,sugar"
3591,oil
3592,"jam,milk"
3593,eggs
3594,"milk,tea"
3595,"milk,sugar"
3596,"jam,milk,tea"
3597,"eggs,milk"
3598,oil
3599,jam
3600,"bread,coffee,oil"
3601,"butter,jam,rice,tea"
3602,"bread,tea"
3603,"coffee,oil,rice"
3604,"milk,oil,rice"
3605,"eggs,oil"
3606,"butter,oil"
3607,"coffee,milk"
3608,"bread,butter,jam,milk"
3609,"butter,jam,rice"
3610,"oil,rice,sugar"
3611,"milk,tea"
3612,"bread,eggs,oil"
3613,oil
3614,"eggs,jam,tea"
3615,"butter,jam,oil,rice"
3616,"bread,butter,jam,milk,oil"
3617,tea
3618,oil
3619,"bread,butter,eggs,jam"
3620,"butter,milk"
3621,"bread,butter,jam,rice"
3622,"bread,coffee,rice,sugar"
3623,"butter,coffee,eggs,jam"
3624,"bread,rice"
3625,"butter,rice,tea"
3626,"jam,rice"
3627,"milk,tea"
3628,"jam,tea"
3629,"bread,butter,coffee,sugar,tea"
3630,"bread,butter,jam,sugar"
3631,"coffee,eggs,sugar"
3632,"milk,oil"
3633,oil
3634,"eggs,milk"
3635,"bread,butter,jam,tea"
3636,"butter,jam,milk"
3637,"jam,oil,tea"
3638,"bread,butter"
3639,"butter,jam"
3640,"eggs,tea"
3641,"coffee,rice,sugar,tea"
3642,"oil,sugar"
3643,"coffee,oil"
3644,sugar
3645,"bread,tea"
3646,"bread,butter,jam,sugar"
3647,"milk,sugar"
3648,"butter,milk,sugar"
3649,jam
3650,"bread,butter,jam,rice"
3651,milk
3652,rice
3653,milk
3654,"coffee,milk,oil,sugar"
3655,"oil,sugar,tea"
3656,"butter,jam,rice"
3657,"jam,rice"
3658,"coffee,sugar"
3659,rice
3660,"butter,coffee,jam,rice"
3661,tea
3662,"butter,eggs,oil"
3663,"coffee,rice,sugar"
3664,eggs
3665,"bread,butter,milk,tea"
3666,"rice,sugar"
3667,oil
3668,"jam,oil,rice"
3669,milk
3670,rice
3671,"butter,jam,milk,tea"
3672,rice
3673,"butter,jam,tea"
3674,sugar
3675,"eggs,tea"
3676,jam
3677,"bread,butter,jam,rice"
3678,"coffee,sugar"
3679,"coffee,oil,rice,sugar"
3680,"bread,sugar,tea"
3681,"rice,sugar,tea"
3682,sugar
3683,"oil,rice"
3684,"butter,sugar"
3685,"jam,milk"
3686,"eggs,milk"
3687,"butter,jam"
3688,"bread,butter,jam"
3689,"eggs,rice"
3690,"coffee,rice,sugar"
3691,rice
3692,"eggs,oil"
3693,"butter,jam"
3694,"coffee,oil,sugar"
3695,oil
3696,"butter,jam"
3697,"bread,butter,coffee,jam,oil,sugar"
3698,"jam,milk,rice"
3699,"coffee,oil,sugar,tea"
3700,rice
3701,"milk,sugar"
3702,"butter,coffee,eggs,jam,sugar"
3703,"bread,butter,coffee"
3704,"bread,butter"
3705,"eggs,oil"
3706,"butter,jam"
3707,"coffee,jam,milk,sugar"
3708,"coffee,milk,sugar"
3709,jam
3710,tea
3711,"oil,rice"
3712,"coffee,sugar,tea"
3713,"eggs,jam,oil"
3714,tea
3715,"eggs,oil,sugar"
3716,milk
3717,eggs
3718,milk
3719,eggs
3720,"milk,sugar"
3721,"jam,tea"
3722,jam
3723,"bread,butter,eggs,jam,milk"
3724,"bread,butter,jam,tea"
3725,"milk,tea"
3726,tea
3727,"bread,oil,rice"
3728,"butter,eggs,jam,milk"
3729,"bread,eggs"
3730,jam
3731,"bread,butter,eggs,jam"
3732,eggs
3733,"coffee,oil,sugar,tea"
3734,"jam,sugar"
3735,milk
3736,jam
3737,"butter,jam,sugar,tea"
3738,"bread,butter"
3739,"coffee,rice,sugar,tea"
3740,"eggs,sugar,tea"
3741,sugar
3742,"butter,eggs,jam,rice"
3743,tea
3744,"bread,butter,jam,oil"
3745,tea
3746,"bread,butter,rice"
3747,"coffee,oil,sugar"
3748,oil
3749,oil
3750,eggs
3751,"butter,jam,milk"
3752,"bread,butter,jam,oil,tea"
3753,"butter,coffee,jam,oil,sugar"
3754,butter
3755,"jam,oil,tea"
3756,"butter,coffee,rice,sugar"
3757,"bread,butter,jam"
3758,eggs
3759,"bread,butter,eggs"
3760,"sugar,tea"
3761,eggs
3762,"bread,butter,jam,sugar"
3763,"sugar,tea"
3764,"eggs,jam"
3765,eggs
3766,rice
3767,jam
3768,"bread,oil"
3769,"jam,milk,oil"
3770,"bread,butter,jam,rice,tea"
3771,"eggs,milk,oil"
3772,"eggs,milk"
3773,rice
3774,"coffee,jam,sugar"
3775,"bread,butter,jam,sugar"
3776,"coffee,sugar"
3777,"butter,jam"
3778,"butter,coffee,jam,oil"
3779,tea
3780,"oil,rice"
3781,"butter,eggs,jam,tea"
3782,eggs
3783,"butter,coffee,jam,sugar"
3784,"butter,jam"
3785,"milk,rice,tea"
3786,"eggs,rice,sugar"
3787,"milk,rice,sugar"
3788,"coffee,milk,sugar"
3789,"milk,oil,rice"
3790,"eggs,jam,sugar"
3791,"coffee,sugar"
3792,"jam,milk,oil"
3793,jam
3794,"butter,eggs,jam,tea"
3795,"bread,milk,sugar"
3796,"butter,jam,tea"
3797,"bread,butter,jam,milk"
3798,"bread,coffee,rice"
3799,eggs
3800,"coffee,jam,sugar"
3801,"butter,jam,oil"
3802,eggs
3803,"butter,jam,milk,oil"
3804,"oil,rice,sugar"
3805,"coffee,sugar"
3806,"jam,rice,tea"
3807,"eggs,rice"
3808,jam
3809,"rice,tea"
3810,"butter,jam"
3811,"coffee,rice,sugar"
3812,"bread,butter,jam,tea"
3813,rice
3814,"jam,milk"
3815,"rice,sugar,tea"
3816,"coffee,sugar"
3817,"coffee,sugar"
3818,"bread,butter,coffee,jam"
3819,"butter,coffee,jam,sugar,tea"
3820,"oil,tea"
3821,"bread,butter,eggs,jam,oil"
3822,rice
3823,"bread,sugar"
3824,"bread,butter,jam,rice"
3825,"butter,jam,tea"
3826,"milk,tea"
3827,butter
3828,rice
3829,rice
3830,"oil,rice,tea"
3831,"bread,sugar"
3832,"oil,rice"
3833,milk
3834,oil
3835,"bread,butter,coffee,jam,sugar"
3836,"bread,butter,eggs,sugar"
3837,eggs
3838,"butter,jam,milk"
3839,"butter,eggs,jam,oil"
3840,"bread,butter,jam,rice,sugar"
3841,"bread,butter,coffee,jam,milk,sugar"
3842,"eggs,milk,oil"
3843,coffee
3844,"oil,rice,tea"
3845,eggs
3846,jam
3847,"coffee,milk,sugar,tea"
3848,milk
3849,rice
3850,eggs
3851,"milk,oil"
3852,"bread,butter,jam"
3853,"butter,jam,milk"
3854,"bread,butter,jam,tea"
3855,"jam,tea"
3856,"butter,jam"
3857,"butter,eggs,sugar"
3858,"eggs,jam,oil"
3859,rice
3860,rice
3861,"butter,coffee,jam,sugar"
3862,"bread,butter,oil"
3863,"butter,jam,oil"
3864,"coffee,eggs,rice,sugar"
3865,"coffee,sugar"
3866,milk
3867,"coffee,jam,sugar"
3868,"bread,butter,eggs,tea"
3869,"bread,butter,jam"
3870,"butter,eggs,jam"
3871,"butter,jam"
3872,"milk,sugar"
3873,"milk,oil,rice"
3874,"bread,rice,sugar"
3875,"milk,oil"
3876,"bread,butter,jam,sugar"
3877,"rice,sugar"
3878,tea
3879,"rice,tea"
3880,"coffee,milk,sugar"
3881,jam
3882,"oil,tea"
3883,"butter,jam,oil"
3884,"coffee,jam,milk,sugar"
3885,"jam,oil,tea"
3886,"butter,coffee,jam,sugar"
3887,"coffee,eggs,sugar"
3888,"sugar,tea"
3889,"coffee,eggs,milk,sugar"
3890,sugar
3891,"oil,rice"
3892,jam
3893,"coffee,eggs,milk"
3894,"coffee,sugar"
3895,"bread,butter,oil"
3896,"bread,coffee,rice,sugar"
3897,"oil,sugar"
3898,"jam,oil,sugar"
3899,"jam,sugar"
3900,"oil,rice"
3901,"butter,coffee,jam,rice,sugar"
3902,"butter,jam,tea"
3903,"milk,tea"
3904,"oil,rice,tea"
3905,"bread,butter,jam,sugar"
3906,jam
3907,rice
3908,"butter,coffee,sugar,tea"
3909,"bread,butter,rice,sugar"
3910,"bread,butter,jam,oil,tea"
3911,milk
3912,oil
3913,"coffee,eggs,sugar"
3914,"coffee,oil,sugar,tea"
3915,tea
3916,bread
3917,"bread,butter,eggs,jam"
3918,sugar
3919,"butter,jam,milk,tea"
3920,"coffee,rice,sugar,tea"
3921,"coffee,jam,rice,sugar"
3922,"coffee,sugar"
3923,eggs
3924,"rice,sugar"
3925,"butter,eggs"
3926,sugar
3927,"butter,jam,milk"
3928,eggs
3929,"jam,sugar"
3930,"jam,tea"
3931,"coffee,oil,rice"
3932,"butter,coffee,sugar"
3933,"bread,butter,oil,tea"
3934,"rice,sugar"
3935,"milk,sugar"
3936,rice
3937,"jam,oil"
3938,"jam,oil"
3939,"coffee,rice,sugar"
3940,eggs
3941,"bread,butter,jam"
3942,"milk,rice,tea"
3943,"milk,rice"
3944,"bread,butter,jam,rice"
3945,"coffee,eggs,oil,sugar"
3946,milk
3947,tea
3948,"butter,jam,rice"
3949,jam
3950,oil
3951,"jam,oil"
3952,tea
3953,"butter,jam,oil"
3954,"bread,butter,eggs,tea"
3955,"eggs,jam,tea"
3956,"bread,butter,jam"
3957,"butter,jam"
3958,"milk,rice"
3959,"jam,tea"
3960,"oil,tea"
3961,rice
3962,"eggs,jam,oil"
3963,"bread,butter,jam"
3964,"bread,butter,jam,oil"
3965,butter
3966,"bread,butter,coffee,eggs,sugar"
3967,eggs
3968,"butter,jam"
3969,tea
3970,sugar
3971,"butter,sugar"
3972,"bread,oil"
3973,"butter,oil"
3974,"rice,tea"
3975,"bread,butter,jam,sugar,tea"
3976,"butter,coffee,jam,sugar"
3977,"coffee,eggs,oil"
3978,tea
3979,"sugar,tea"
3980,"butter,jam"
3981,milk
3982,"coffee,sugar,tea"
3983,milk
3984,"milk,sugar,tea"
3985,"butter,jam,rice,sugar"
3986,tea
3987,"eggs,sugar"
3988,"oil,sugar"
3989,"coffee,sugar"
3990,"milk,oil,sugar"
3991,rice
3992,"coffee,sugar,tea"
3993,"butter,eggs,jam,tea"
3994,rice
3995,"coffee,sugar"
3996,"coffee,eggs,jam,sugar"
3997,"butter,jam"
3998,"bread,butter,jam"
3999,"eggs,jam,tea"
4000,sugar
