area_sqft,age_years,price
1002.0,21,2982000.0
830.0,36,1674000.0
1572.0,33,3503000.0
805.0,3,3095000.0
577.0,23,1217000.0
1429.0,33,3602000.0
1494.0,3,4849000.0
868.0,25,2361000.0
1002.0,38,1353000.0
2173.0,26,6049000.0
844.0,11,2535000.0
1023.0,33,2201000.0
1613.0,7,4862000.0
1461.0,18,4323000.0
1764.0,10,5704000.0
1486.0,10,4781000.0
1057.0,38,1502000.0
1241.0,36,2648000.0
1007.0,24,2576000.0
1482.0,36,3689000.0
1378.0,14,4224000.0
769.0,9,2760000.0
1370.0,39,3003000.0
913.0,20,2202000.0
1225.0,27,3153000.0
1067.0,34,2196000.0
1299.0,5,4471000.0
400.0,17,705000.0
1356.0,32,3159000.0
702.0,12,1913000.0
1610.0,34,3965000.0
786.0,37,985000.0
1019.0,25,2783000.0
951.0,15,2768000.0
1290.0,26,3186000.0
1571.0,11,4863000.0
1275.0,10,4015000.0
1192.0,36,3001000.0
1258.0,37,2855000.0
1163.0,14,3457000.0
1219.0,32,2507000.0
942.0,20,2491000.0
1153.0,16,3380000.0
1715.0,37,4406000.0
1591.0,24,4206000.0
603.0,38,591000.0
1126.0,17,3131000.0
1272.0,6,4174000.0
1017.0,13,3135000.0
972.0,27,2149000.0
1186.0,3,4022000.0
1555.0,1,5134000.0
1579.0,13,4652000.0
1222.0,26,3346000.0
1501.0,13,5125000.0
1173.0,35,2820000.0
1345.0,13,3866000.0
1134.0,21,3312000.0
671.0,3,2425000.0
968.0,15,2810000.0
1340.0,12,4301000.0
1617.0,19,4853000.0
1325.0,21,3654000.0
1936.0,24,5728000.0
1534.0,7,4966000.0
1227.0,23,3492000.0
1054.0,39,2265000.0
2006.0,0,6243000.0
1131.0,19,3298000.0
815.0,21,2298000.0
1348.0,33,3222000.0
1012.0,11,3116000.0
1420.0,21,3952000.0
664.0,20,1632000.0
1526.0,23,4390000.0
1554.0,14,4500000.0
1080.0,33,2560000.0
865.0,2,3065000.0
1253.0,18,3837000.0
1616.0,34,3999000.0
996.0,15,3269000.0
1140.0,23,3118000.0
1616.0,2,5456000.0
1417.0,32,3398000.0
1162.0,21,2938000.0
1326.0,1,4238000.0
1269.0,28,2849000.0
1058.0,20,3280000.0
1153.0,7,4205000.0
400.0,24,1008000.0
1246.0,38,2465000.0
1513.0,27,4142000.0
1439.0,7,4424000.0
1051.0,34,1882000.0
1790.0,28,4588000.0
1684.0,31,3917000.0
912.0,17,2785000.0
1193.0,13,3510000.0
1048.0,23,2761000.0
912.0,20,2358000.0
1569.0,17,4706000.0
1561.0,32,3877000.0
965.0,2,3357000.0
1150.0,27,2890000.0
1347.0,25,3558000.0
1095.0,10,3470000.0
1545.0,17,4466000.0
1324.0,31,3055000.0
1327.0,21,3710000.0
670.0,30,873000.0
1626.0,1,5782000.0
408.0,17,742000.0
1176.0,18,3664000.0
1588.0,18,4445000.0
1235.0,0,4481000.0
924.0,27,2037000.0
1044.0,3,3719000.0
758.0,15,1630000.0
1634.0,5,5220000.0
1347.0,10,4301000.0
876.0,10,2444000.0
1830.0,13,5898000.0
1010.0,35,1729000.0
1336.0,13,4206000.0
554.0,30,511000.0
1177.0,31,2848000.0
1423.0,10,5013000.0
1239.0,23,3322000.0
918.0,26,2246000.0
1568.0,31,4315000.0
821.0,6,2675000.0
1677.0,3,5711000.0
1137.0,11,3393000.0
1174.0,22,3130000.0
1329.0,11,4114000.0
1347.0,6,4226000.0
1900.0,20,5439000.0
1266.0,34,3013000.0
654.0,8,2183000.0
1325.0,28,3212000.0
860.0,23,2315000.0
1037.0,2,3567000.0
1041.0,9,3304000.0
1234.0,14,3398000.0
1628.0,4,5027000.0
1228.0,4,3733000.0
1045.0,38,1989000.0
902.0,20,1993000.0
917.0,38,1702000.0
1033.0,5,3558000.0
1270.0,24,3468000.0
1234.0,3,4424000.0
1472.0,39,3332000.0
444.0,0,1834000.0
1458.0,22,4170000.0
1430.0,19,4324000.0
400.0,39,-339000.0
1592.0,31,4017000.0
1197.0,0,4534000.0
695.0,17,1576000.0
1306.0,34,3373000.0
770.0,6,2546000.0
1124.0,26,3044000.0
1394.0,8,4598000.0
1585.0,19,4773000.0
1552.0,39,3583000.0
1128.0,1,3953000.0
427.0,3,1647000.0
953.0,36,1458000.0
1293.0,5,4455000.0
1464.0,1,5049000.0
1242.0,5,4143000.0
819.0,2,3275000.0
1058.0,29,2567000.0
807.0,36,923000.0
1175.0,0,4143000.0
555.0,30,591000.0
1161.0,2,3999000.0
1468.0,19,4190000.0
803.0,34,1517000.0
1594.0,38,3876000.0
400.0,10,1371000.0
1416.0,3,4952000.0
763.0,35,1083000.0
1076.0,16,3182000.0
1297.0,19,3988000.0
1418.0,13,4394000.0
563.0,1,2322000.0
1270.0,19,3215000.0
568.0,26,1024000.0
1239.0,22,3230000.0
1090.0,39,2260000.0
1309.0,16,4149000.0
824.0,2,3064000.0
1074.0,13,2982000.0
774.0,25,1617000.0
1196.0,17,3466000.0
1453.0,25,3926000.0
1388.0,5,4870000.0
1119.0,17,3276000.0
1585.0,35,4022000.0
1377.0,4,4762000.0
1622.0,14,5342000.0
1324.0,32,2946000.0
1087.0,8,3640000.0
1364.0,24,3856000.0
1600.0,32,3873000.0
1121.0,34,2730000.0
1315.0,15,3810000.0
918.0,14,2109000.0
1565.0,35,3486000.0
969.0,6,3394000.0
521.0,10,1792000.0
1493.0,34,3728000.0
716.0,26,1836000.0
1669.0,39,4255000.0
960.0,27,2349000.0
741.0,32,1197000.0
847.0,2,2927000.0
1417.0,35,3509000.0
1008.0,30,2088000.0
1435.0,25,4112000.0
825.0,14,2348000.0
1500.0,18,4582000.0
1242.0,7,3948000.0
1235.0,8,3921000.0
2376.0,31,6425000.0
728.0,38,988000.0
1485.0,38,3652000.0
641.0,9,2082000.0
1055.0,19,2982000.0
813.0,36,1327000.0
988.0,18,2820000.0
1214.0,9,3842000.0
755.0,0,2766000.0
1397.0,8,4554000.0
872.0,26,1711000.0
1495.0,34,3757000.0
960.0,9,3049000.0
1127.0,37,2505000.0
1203.0,8,4226000.0
1129.0,13,3467000.0
1548.0,11,4595000.0
2257.0,11,7366000.0
1198.0,37,2889000.0
988.0,8,3197000.0
1212.0,33,2837000.0
1353.0,28,3278000.0
1015.0,9,3325000.0
2112.0,11,7126000.0
809.0,7,2883000.0
1316.0,20,3452000.0
763.0,10,2712000.0
1507.0,5,4952000.0
1754.0,24,4937000.0
1027.0,11,2974000.0
1286.0,29,3106000.0
970.0,23,2709000.0
1755.0,30,5024000.0
1425.0,37,3551000.0
1221.0,6,4128000.0
1136.0,17,2704000.0
1495.0,17,4594000.0
1014.0,33,1946000.0
1249.0,0,4545000.0
648.0,35,799000.0
1177.0,29,2834000.0
1386.0,14,3937000.0
817.0,31,1869000.0
1487.0,12,4764000.0
831.0,34,1552000.0
875.0,15,2357000.0
969.0,16,2591000.0
1384.0,14,4278000.0
1182.0,20,3410000.0
1677.0,15,5213000.0
400.0,1,1193000.0
1062.0,17,2906000.0
1698.0,6,5767000.0
949.0,30,2206000.0
1724.0,35,4142000.0
1112.0,36,2445000.0
2157.0,30,5642000.0
446.0,37,303000.0
1661.0,32,4368000.0
1755.0,17,5465000.0
1651.0,14,5029000.0
668.0,29,1143000.0
1597.0,12,4831000.0
411.0,16,976000.0
1263.0,31,2623000.0
1671.0,21,4513000.0
1549.0,31,3965000.0
1406.0,33,3410000.0
1434.0,14,4578000.0
1448.0,8,4614000.0
703.0,2,2964000.0
554.0,9,1436000.0
1230.0,13,3672000.0
1180.0,38,2279000.0
1037.0,2,3630000.0
1153.0,35,2422000.0
1370.0,11,4146000.0
1129.0,37,2456000.0
863.0,28,1986000.0
1271.0,36,3041000.0
1182.0,2,4159000.0
1062.0,6,3734000.0
1303.0,29,3114000.0
908.0,31,2055000.0
1256.0,6,3872000.0
1317.0,37,3029000.0
1289.0,32,3141000.0
1157.0,31,2876000.0
1200.0,26,2762000.0
1373.0,26,3617000.0
1859.0,30,4931000.0
1640.0,18,4822000.0
965.0,17,2338000.0
1216.0,28,3130000.0
400.0,13,1162000.0
997.0,9,3196000.0
1099.0,0,3685000.0
1392.0,30,3454000.0
1277.0,7,4346000.0
1643.0,4,5750000.0
1243.0,5,3990000.0
1382.0,3,4717000.0
746.0,12,2165000.0
1113.0,32,2475000.0
959.0,9,2871000.0
1532.0,5,5289000.0
761.0,4,2606000.0
678.0,36,568000.0
788.0,13,2491000.0
1153.0,4,4101000.0
1012.0,11,2829000.0
1402.0,5,4564000.0
1990.0,16,6107000.0
1108.0,24,2871000.0
766.0,20,2312000.0
1214.0,14,3678000.0
1452.0,36,3541000.0
1834.0,16,5942000.0
1005.0,15,2769000.0
1945.0,4,6857000.0
1293.0,2,4278000.0
1103.0,4,3667000.0
1283.0,8,3886000.0
1219.0,6,3562000.0
1216.0,11,3904000.0
699.0,13,2081000.0
975.0,26,2779000.0
634.0,32,1097000.0
1150.0,12,3869000.0
974.0,37,1898000.0
1436.0,23,4170000.0
1155.0,8,3512000.0
821.0,15,2294000.0
974.0,15,2870000.0
1111.0,39,2493000.0
1002.0,25,2575000.0
1636.0,15,5469000.0
855.0,38,1268000.0
834.0,15,2123000.0
1175.0,8,4138000.0
785.0,10,3245000.0
1251.0,38,3011000.0
1054.0,22,2638000.0
1197.0,2,3881000.0
1122.0,10,3687000.0
1318.0,36,2899000.0
1014.0,26,2579000.0
1306.0,36,3183000.0
946.0,31,2121000.0
847.0,5,3218000.0
1268.0,21,3256000.0
1538.0,4,5384000.0
945.0,1,3348000.0
951.0,19,2534000.0
886.0,21,2332000.0
1178.0,6,3829000.0
887.0,19,2590000.0
1193.0,12,3431000.0
1062.0,29,2426000.0
1544.0,2,5600000.0
1366.0,36,3379000.0
1056.0,13,2895000.0
1314.0,6,4206000.0
1519.0,1,5026000.0
1666.0,8,5138000.0
1728.0,34,3532000.0
944.0,12,2650000.0
1337.0,8,3967000.0
1203.0,31,2957000.0
1860.0,11,5999000.0
1681.0,33,4463000.0
963.0,13,2753000.0
1050.0,31,2333000.0
1027.0,30,2615000.0
837.0,11,2437000.0
1178.0,23,3161000.0
905.0,20,2076000.0
710.0,35,991000.0
990.0,0,3617000.0
964.0,10,3068000.0
443.0,31,9000.0
734.0,26,1635000.0
1039.0,1,3798000.0
825.0,10,2684000.0
1633.0,17,4768000.0
1551.0,15,4671000.0
919.0,33,1866000.0
1425.0,3,4724000.0
1209.0,13,3749000.0
432.0,33,-1000.0
987.0,17,2487000.0
1515.0,12,4652000.0
1154.0,1,3927000.0
1086.0,35,1965000.0
1476.0,22,3918000.0
1425.0,8,4558000.0
1416.0,7,4556000.0
858.0,12,2843000.0
1121.0,10,3771000.0
1061.0,15,3326000.0
945.0,22,2197000.0
537.0,30,763000.0
909.0,11,2499000.0
1164.0,0,3696000.0
400.0,5,1578000.0
1902.0,7,6023000.0
1430.0,37,3615000.0
1544.0,31,4020000.0
1730.0,22,4816000.0
1269.0,31,3222000.0
859.0,23,1908000.0
1896.0,13,5957000.0
977.0,20,2530000.0
1870.0,6,6394000.0
1661.0,24,4779000.0
940.0,8,3123000.0
1538.0,30,4130000.0
939.0,20,2513000.0
1373.0,39,2800000.0
1019.0,27,2263000.0
1373.0,32,3223000.0
861.0,31,1875000.0
870.0,9,2714000.0
1469.0,0,4888000.0
400.0,32,370000.0
1224.0,17,3782000.0
595.0,5,2212000.0
914.0,34,2085000.0
400.0,25,598000.0
989.0,26,2472000.0
1280.0,18,3723000.0
849.0,37,1735000.0
1206.0,10,3932000.0
1442.0,33,3567000.0
952.0,39,1840000.0
947.0,25,2322000.0
1013.0,37,1854000.0
948.0,12,2968000.0
1010.0,27,2409000.0
853.0,13,2595000.0
1521.0,35,3671000.0
1016.0,35,2036000.0
1019.0,21,2385000.0
1049.0,22,2756000.0
1266.0,27,3543000.0
1847.0,12,5668000.0
1027.0,7,3334000.0
1101.0,1,3911000.0
948.0,5,3269000.0
1062.0,17,2975000.0
1369.0,26,3747000.0
1261.0,8,3911000.0
1064.0,15,3234000.0
1153.0,39,2423000.0
1227.0,32,3001000.0
988.0,10,3066000.0
797.0,22,2146000.0
1126.0,25,2811000.0
1356.0,11,3864000.0
694.0,34,1216000.0
1614.0,24,4435000.0
1311.0,12,4080000.0
1092.0,22,2711000.0
1564.0,25,4216000.0
1252.0,19,3415000.0
1214.0,38,2373000.0
1133.0,32,2779000.0
702.0,0,2529000.0
1030.0,15,3109000.0
622.0,22,1439000.0
1601.0,14,5143000.0
1473.0,14,4523000.0
1568.0,18,4981000.0
1690.0,6,5471000.0
