n000,n001,n002,n003,n004,n005,n006,n007,n008,n009,n010,n011,n012,n013,n014,n015,n016,n017,n018,n019,n020,n021,n022,n023,n024,n025,n026,n027,n028,n029,n030,n031,n032,n033,n034,n035,n036,n037,n038,n039,n040,n041,n042,n043,n044,n045,n046,n047,n048,n049,n050,n051,n052,n053,n054,n055,n056,n057,n058,n059,n060,n061,n062,n063,n064,n065,n066,n067,n068,n069,n070,n071,n072,n073,n074,n075,n076,n077,n078,n079,n080,n081,n082,n083,n084,n085,n086,n087,n088,n089,n090,n091,n092,n093,n094,n095,n096,n097,n098,n099,n100,n101,n102,n103,n104,n105,n106,n107,n108,n109,n110,n111,n112,n113,n114,n115,n116,n117,n118,n119,n120,n121,n122,n123,n124,n125,n126,n127,n128,n129,n130,n131,n132,n133,n134,n135,n136,n137,n138,n139,n140,n141,n142,n143,n144,n145,n146,n147,n148,n149,n150,n151,n152,n153,n154,n155,n156,n157,n158,n159,n160,n161,n162,n163,n164,n165,n166,n167,n168,n169,n170,n171,n172,n173,n174,n175,n176,n177,n178,n179,n180,n181,n182,n183,n184,n185,n186,n187,n188,n189,n190,n191,n192,n193,n194,n195,n196,n197,n198,n199,coin_flip
0.1257,-0.1321,0.6404,0.1049,-0.5357,0.3616,1.304,0.9471,-0.7037,-1.2654,-0.6233,0.0413,-2.325,-0.2188,-1.2459,-0.7323,-0.5443,-0.3163,0.4116,1.0425,-0.1285,1.3665,-0.6652,0.3515,0.9035,0.094,-0.7435,-0.9217,-0.4577,0.2202,-1.0096,-0.2092,-0.1592,0.5408,0.2147,0.3554,-0.6538,-0.1296,0.784,1.4934,-1.2591,1.5139,1.3459,0.7813,0.2645,-0.3139,1.458,1.9603,1.8016,1.3151,0.3574,-1.2083,-0.0045,0.6565,-1.2884,0.3951,0.4299,0.696,-1.1841,-0.6617,-0.4364,-1.1698,1.7394,-0.4959,0.329,-0.2586,1.5835,1.3204,0.6334,-2.2035,0.052,0.6837,1.004,-0.6179,1.822,-1.3204,-0.6615,0.935,0.0491,2.0024,0.1885,-0.6332,-0.3776,-1.0911,-1.2777,0.6304,0.5812,1.2946,-0.7546,1.6891,-0.2874,1.5744,-0.4328,-0.7355,0.2498,1.0315,0.161,-0.5855,-1.3412,-1.4015,0.5027,0.9897,-0.1643,-1.0744,0.873,-1.2804,-0.7131,0.621,-2.2501,0.3864,-0.5816,0.1093,-0.0757,0.2021,0.6942,-0.7584,1.421,0.7261,0.8437,1.1649,0.7876,0.8441,0.0756,-1.4268,-0.135,-0.7695,-1.4227,0.2585,-0.5685,-1.0298,-1.043,0.2684,0.3587,1.3225,-0.0139,1.0418,1.4023,1.1502,-2.3653,1.2287,0.3396,0.4238,0.3712,0.3828,0.3194,-0.3589,-1.9016,-0.1089,-0.8037,1.0802,-0.2888,0.0835,-0.8496,-0.5106,-0.0115,-1.4854,0.3007,-0.1061,-1.1857,-2.3982,0.5131,-0.2976,-0.53,-0.2362,1.8165,-0.0498,0.0866,-1.4871,1.6473,0.9175,1.0669,0.0477,0.9167,0.3709,0.6132,-0.1522,-1.4739,1.0289,-1.935,-0.2399,-0.2045,-1.0429,0.6131,-0.2003,-0.4369,0.5198,-0.4766,1.389,0.3515,-0.4743,-1.9443,-1.3078,1.0868,-0.0506,-0.2831,1.6433,-1.2826,-0.5857,-0.4726,0.5863,0
-0.6635,-0.6134,-1.6051,0.7293,0.8061,-0.4764,0.1633,-1.2926,-0.4718,1.378,0.1357,2.3104,-0.7872,0.5803,-0.1955,0.5658,-0.0072,-0.5612,-0.8676,3.066,-0.0773,-2.0167,-0.6486,0.678,-0.5,1.3604,1.0024,-0.1523,-0.4722,-1.0048,-0.7,-1.4731,1.2044,1.5907,-1.2561,-1.1817,-1.7685,-0.9639,-3.1063,-1.1423,1.2969,-0.3457,0.8546,-0.489,1.7607,0.1992,-0.382,2.5524,-0.3245,-1.2212,0.2019,-0.0388,1.0663,-0.9216,0.8047,0.8527,-0.6677,0.1632,-0.8308,2.3458,-0.7041,-0.4531,-1.0658,-0.3461,-0.0059,0.7678,-0.6105,-0.1858,-1.4165,-0.8274,2.7558,1.0412,-0.7814,-1.3374,-0.9756,-0.0217,0.0347,-0.7444,-1.2866,1.4224,0.4517,-0.3746,-0.2207,-0.5295,-2.936,0.1157,-1.0705,-1.0027,-0.6403,0.7323,-1.1705,-1.4343,0.6399,0.7544,-0.9589,0.5624,-0.2916,0.3013,-1.261,0.8329,1.2033,0.6371,0.5583,-3.7723,0.2606,-0.0254,-0.147,-0.6306,0.0554,0.4121,-0.2638,-0.4633,1.2298,-1.1054,1.0302,0.1768,-0.8043,-0.29,-0.92,0.6751,0.3479,-0.5568,-1.1022,0.3017,0.9574,-0.1138,0.4184,-0.376,0.0676,-0.2913,0.294,-1.5098,0.6442,-0.2299,0.3586,-0.3403,0.3204,-1.0726,1.1892,-1.7035,-1.0392,0.2357,1.4628,0.2781,-0.2479,-1.4251,-0.1913,-0.0199,1.6906,0.6221,-1.5291,2.0268,-0.395,-0.8795,1.4748,-0.0498,-0.3674,0.2188,0.8449,0.9933,-1.3752,1.9985,0.9469,-0.3792,-0.8187,-0.969,0.1234,-0.648,-0.7649,0.8113,0.3646,-0.3946,0.7342,1.3674,-1.0945,-0.6033,0.9426,0.7189,0.2267,1.1624,-1.0882,-1.4791,-0.8665,0.1225,-0.7961,-0.4872,-0.975,-0.6204,-1.0048,0.3675,0.7949,-0.4804,-0.2073,-0.581,0.5313,0.0891,1.5942,-1.0955,0.3625,0.444,0
-0.3604,0.5835,-1.4385,2.1188,-1.342,0.9198,-1.1211,1.1509,-0.3848,0.1584,0.0533,1.1007,-0.3215,-2.9672,-0.7601,0.1837,-0.4405,0.7698,1.0153,-0.1478,-1.4896,1.3842,1.0831,-0.2992,2.1083,-0.3489,-1.1371,-0.1559,1.0778,-0.9375,1.9512,-0.8965,0.9544,0.5445,-0.1541,1.0805,-1.4998,1.3576,-0.0637,-0.5424,0.7492,1.0599,0.7698,1.9995,1.0807,1.2835,-0.5399,0.1065,0.563,-0.0177,0.3016,0.4261,0.8442,-0.1016,-0.3498,-0.8283,-0.8917,1.1725,-0.0845,0.7869,-1.2974,-1.9382,-1.0491,1.1466,1.0681,0.332,-0.8022,-0.1308,-0.2978,-0.345,-2.5061,-0.8579,-0.1901,1.5164,0.1607,1.4009,-0.3937,-0.2527,-3.8994,0.4633,0.5471,1.7638,-0.4868,0.0942,-0.7055,-1.1763,-0.7131,-0.345,1.3554,0.0022,-0.7905,0.1419,0.2176,-0.6762,1.1432,-1.8883,-0.2135,0.6651,-1.3384,0.3613,1.2929,0.4537,-1.6902,-0.7282,1.2323,0.2983,-0.0099,0.4412,0.721,-0.7085,-0.2904,0.1429,-0.544,-0.1335,1.2979,-0.9678,1.9267,1.8793,-1.7134,-0.141,0.3427,-0.7609,-0.7411,-0.2374,0.7392,-0.5113,1.8267,0.29,-0.1026,1.4493,0.6263,0.3693,-0.3311,1.814,0.8118,-0.2034,-1.5772,0.373,-1.1437,-1.7159,-0.2792,0.2815,1.2825,0.2825,0.806,-1.2259,-0.0225,0.1242,0.8622,0.1161,0.8041,-0.5042,0.358,0.4149,-1.2498,0.1755,-0.3204,-1.9041,0.9584,-0.3619,-0.8524,-0.3773,0.1382,1.5079,-0.1659,0.4724,1.3736,0.5336,1.0686,-0.4765,0.771,-0.058,1.0744,-1.0036,-0.7796,1.2687,-0.1961,-0.359,0.0776,-0.6895,1.3319,-1.2492,-0.1506,0.347,-0.1044,-0.8023,-0.8684,0.4254,-1.0305,0.6462,-1.5241,-0.555,0.0363,-1.2522,0.652,-0.0185,-1.0361,-1.5189,-1.5656,0.051,0
-1.1568,-1.3649,-0.2312,2.2775,0.2775,0.7629,0.2127,0.783,-1.3431,-0.4305,0.2614,-0.0179,-0.192,-0.6659,-0.2584,-0.7742,-2.4218,-1.1945,0.4757,1.5571,1.8136,0.0968,0.8934,0.908,-0.6923,-1.6979,0.0309,-1.7622,-0.3199,0.6081,-1.4201,0.0323,1.24,0.3615,0.5223,0.9067,1.733,0.1514,1.2295,-0.0642,-0.5462,0.3148,-0.6058,-0.5731,-0.6077,-2.2954,0.1055,-1.2638,-0.1073,1.45,-0.521,-0.542,1.3639,0.5463,0.9765,-0.3553,0.7481,-0.6862,-0.676,0.5962,-0.5984,0.7671,2.3917,-1.6862,-0.7522,1.1201,-0.1451,1.1611,-1.0101,0.3313,-0.1506,0.1404,0.3311,-1.22,-1.0741,1.3992,0.2932,0.1063,-0.0441,0.3565,-1.1559,-0.999,1.3045,0.1513,0.8503,-0.6057,1.3767,0.3453,0.4812,0.5487,-0.797,-1.8657,-1.0748,1.6305,1.3007,-0.3469,-0.3017,1.0366,-0.1684,-1.2993,1.2655,0.4772,-2.5163,-0.3132,0.1437,0.4812,0.1522,-0.6357,-0.1158,0.2948,-0.268,-0.3719,1.2521,-0.9466,-0.3495,-2.0313,0.541,0.8283,0.5485,0.9177,0.4407,0.3425,0.4739,-0.2673,1.1883,-0.3486,-1.4624,0.8498,1.8507,-0.9602,-0.1016,-0.6854,-0.3806,0.0461,-1.2418,-0.2777,-1.466,-0.5682,-1.1861,-1.0591,-1.7199,1.2194,0.5091,-1.9175,-0.5968,-0.6704,-0.6909,-1.4469,0.7544,-0.3959,0.4681,0.5268,1.3754,-1.8149,1.7386,1.2688,0.5731,2.3836,0.205,0.8215,-0.7384,1.1344,0.1678,-0.4512,2.1169,-0.3048,0.0089,-0.1973,-0.7557,0.5313,0.7384,0.3544,-2.3606,1.008,-0.3502,-1.2163,0.6033,0.5628,-1.0431,2.4724,-1.2096,-1.733,-1.1542,1.4208,-0.1759,-0.3721,-0.0622,-0.5966,-0.6903,-0.6412,0.708,1.0205,-1.0551,0.2392,0.7882,-1.0818,-0.5026,-1.0381,-1.291,0.1019,0
-0.7361,0.6311,-0.0294,0.4126,-0.2923,-0.635,-0.0907,-0.005,-0.7059,0.4266,0.7466,0.1581,1.7135,-0.6323,0.5206,-0.4087,0.2346,-0.8299,1.1151,0.176,1.1922,-1.2661,-0.4935,-0.8926,-0.5319,-0.6926,-0.1205,-0.0172,-0.041,-0.5555,0.1874,0.8756,-0.9023,0.0009,-0.0741,0.4684,-0.0639,-0.0157,-0.9911,0.0217,-0.9219,0.5157,-0.1032,0.0399,-0.8912,0.8038,0.6923,0.8615,2.2274,-0.0525,1.2034,-0.1238,0.3941,0.3653,0.2646,0.6583,-0.3039,0.0409,0.5353,1.7479,-0.8424,-1.8061,-0.4841,0.0899,0.175,0.0922,1.1828,0.976,-0.0493,-0.4695,-0.346,-0.3563,-0.2256,-1.5727,-0.461,-0.4249,-0.1889,-0.2543,0.672,-0.5319,-0.4386,0.5419,-0.2353,0.2165,0.6693,0.422,0.2502,-0.1964,0.6819,0.1755,-0.5049,-0.1508,-1.2181,-0.9616,-1.8829,-0.6799,1.3355,-0.5565,0.7875,-0.0034,-0.7005,1.3383,0.5822,-1.7518,1.0414,-1.0748,-0.1779,0.6681,-0.2999,1.1189,0.7613,-1.5769,-0.4724,0.2821,-0.575,-0.2163,0.7998,0.3168,-0.9206,0.1746,-0.6123,-1.2152,-1.1301,0.287,-0.0281,0.0054,-1.1462,-0.1839,-1.0372,-0.9264,-0.1651,-1.3834,0.6693,2.4869,0.4588,-1.0429,-0.2712,-1.5554,-0.3776,0.5073,0.5894,-1.0317,0.2991,1.1564,1.7551,-0.7008,-0.8642,0.0544,-2.9281,-0.531,-0.271,-0.4593,-1.5839,-0.2456,-0.7766,0.7575,-0.9185,-0.2823,-0.2329,0.5676,-2.5459,-0.3406,0.7596,-0.3617,-1.5269,0.3266,0.3367,-0.2705,-1.1598,-0.7407,-0.3138,-0.8755,-1.9202,-0.7693,-0.0617,-0.5071,-0.0756,0.0837,0.8966,2.2038,0.7318,-1.4043,-2.6569,-0.0945,0.0714,-1.1619,0.272,-0.7669,0.4027,-0.3255,0.3975,-1.7432,-0.4385,-0.1486,-1.4249,1.8823,-0.5408,1.39,-0.6643,-0.23,0
1.1839,0.3038,0.1921,0.2659,-1.3662,-0.3896,-0.9564,0.1974,-0.544,-0.0441,-0.0773,-0.0364,-0.0347,-0.6524,-1.054,-0.6644,1.0715,0.3742,0.587,1.38,-1.1794,0.51,-1.0751,-0.3343,0.4842,1.6143,-0.7822,-0.0948,1.1562,-1.4898,0.3621,-0.3083,-0.8817,0.1466,0.5949,-0.9121,0.38,0.1734,-1.2418,1.5534,1.0899,-0.8599,-0.5866,0.7708,-0.4954,-1.8397,1.0489,0.0088,1.907,0.3575,0.191,2.8745,-0.1719,-0.9518,0.2292,1.1358,-1.1651,-0.9083,0.4498,-3.1973,-1.0927,0.7955,-0.5867,-1.6265,1.9256,-1.4105,-0.5234,-0.3727,0.0831,-0.3695,-0.081,0.0575,-0.0867,0.0933,-2.3789,0.4411,-1.4045,-2.1666,1.3813,-1.2855,0.1799,-0.7726,-0.6785,0.4837,-1.0482,0.3727,0.3807,1.1644,-0.3362,1.0466,1.7207,1.5867,0.5861,0.4492,2.8495,2.2322,-0.7666,0.9236,0.602,0.0723,0.1533,0.4878,0.9374,0.2188,0.3398,1.3921,0.3177,0.545,0.9902,1.6333,1.227,0.3772,0.2078,-1.2236,0.2921,-1.0372,-1.024,0.6505,-0.1006,0.4722,-0.627,1.2012,0.1438,1.1877,0.6734,0.1652,-0.4785,0.0315,0.828,0.6977,-1.1956,1.0257,-0.2139,0.8153,-0.6975,0.6379,-0.7966,0.1294,-0.298,-0.2856,-0.5666,-0.1536,-1.7406,0.8766,0.9617,-0.4428,-1.3798,-0.6467,0.9476,0.6255,-0.3004,0.8973,-1.0415,-0.6126,0.4746,-0.0959,-0.5892,-2.5121,0.6712,0.3237,-1.7429,0.6003,-0.0144,0.2788,0.9452,-0.7399,0.7136,0.6839,0.7615,1.636,0.6587,-0.5616,1.7984,-1.1073,-0.4627,-0.9645,-0.1028,1.0822,1.2978,0.4635,-0.6094,-0.5536,-0.6032,0.9528,-0.9065,0.8645,-0.0326,0.1721,1.5117,-0.4753,1.6617,-1.4095,-0.8248,-1.5784,-0.7468,0.5829,0.7377,0.3068,0.2671,-1.1733,1
-1.3268,0.3039,1.3478,-0.3641,-1.2686,-1.5333,-0.6807,1.5795,-0.2077,-1.0379,-0.6095,-0.4835,0.2656,-0.66,-0.8899,-0.188,0.4687,0.717,0.5505,-0.4575,-1.6951,-0.7985,0.2841,-1.3336,0.2526,-0.59,-0.5822,1.1195,0.2187,1.3703,-0.9393,1.1307,0.9091,-2.995,-0.0883,1.5422,0.7781,-0.4413,-0.2328,-1.303,0.2063,-1.7932,-1.0153,1.1192,-0.0206,-0.3634,-0.1059,2.7419,1.0352,-0.7756,1.6667,-0.0888,0.7397,-0.5866,-0.9379,0.8019,-0.7689,-0.7813,0.8978,-1.1621,-1.4193,0.5451,-1.9599,-0.7517,-0.3656,-1.3453,-1.1174,0.6659,0.2925,-0.9457,0.5295,1.5193,-1.2824,0.0613,1.9767,0.6112,0.8134,-0.2002,-0.798,1.1434,0.6537,-0.0515,-0.4653,-1.7477,0.1559,-0.6917,-0.1319,0.671,0.82,0.719,2.2551,1.1651,-0.7461,-0.8183,2.3282,-0.6633,-0.0441,1.7449,1.7153,-0.0546,0.2419,-1.6351,-0.9083,-0.3653,-0.0057,-0.3233,0.1523,2.1927,0.4643,0.3087,0.0018,-0.1719,1.2329,-0.9913,-0.1256,-1.0958,0.0871,0.1191,0.9205,1.1977,0.6631,1.6223,1.5885,0.3154,0.3733,-1.9363,0.3202,-0.0051,-1.6885,-0.4314,0.9574,-1.2388,1.293,0.4748,-0.2284,-0.1423,0.8299,-1.4314,2.0408,-0.8134,-0.7653,1.2208,0.7901,1.3254,1.046,0.3764,-1.2764,-0.4728,0.1984,-0.0172,-2.0528,1.0444,1.7311,1.4641,-1.0179,0.436,-2.1265,1.69,-1.9399,0.4105,1.1626,1.2913,0.344,-1.4257,-0.1012,-0.2683,0.3684,0.9877,0.662,2.1216,0.6611,-0.3888,1.63,-0.3145,0.2819,0.1808,-2.2932,0.2768,0.2894,-0.2097,-0.1413,-1.2844,0.0825,1.5029,-0.1773,-0.5221,-0.6077,2.0171,-1.3552,0.8449,0.1114,1.9209,1.3113,-0.0883,-1.5415,1.4296,1.458,-1.1049,0.7452,-0.8008,0
-0.7762,-1.6093,0.9329,0.2711,0.4945,1.4525,0.6686,0.5846,0.7493,-1.0646,-0.0345,-1.2063,-0.8999,-0.0918,1.0619,2.0582,-1.0852,0.1733,-0.0709,0.5272,0.5824,0.3624,-0.9672,0.3947,0.8923,-0.5134,1.9782,-0.2349,-0.6339,0.2964,-0.2576,-1.3672,-0.0262,1.5957,2.0025,-0.567,0.9053,0.1325,0.2839,1.2674,0.8521,0.1543,-0.9287,-1.124,-0.064,0.3236,0.5032,0.782,0.9796,-2.4031,0.9034,-1.0474,1.1141,0.3366,0.6306,-0.5409,0.2827,-1.8672,1.0952,-0.3308,-2.5891,1.0615,1.6768,-0.8761,1.2127,-0.7498,-2.2665,-0.3579,0.3261,0.1336,0.1036,0.2964,0.2166,-0.216,-0.6014,-0.2658,-0.3517,-0.3029,-1.103,-0.5426,0.0822,0.3094,-0.064,-0.1837,0.5344,0.8145,0.6801,-1.7499,-0.4554,0.7057,0.5154,0.6798,0.3144,-0.8535,1.2226,-1.3596,0.9858,-0.0164,-1.4727,-0.3962,1.2038,-0.5884,-1.2106,-0.2888,-0.8181,-1.2506,0.4375,0.7982,-0.5517,0.5236,-0.387,-0.0997,0.1234,1.4933,0.5076,-0.9991,0.5158,-0.2212,-0.4664,-0.8398,-0.0263,-0.0601,-0.4022,-1.3911,-1.7072,0.128,0.1782,2.1831,-0.1787,1.0214,1.1952,-0.0611,0.0768,-0.4298,1.7752,-1.5084,-0.0396,1.3841,-0.1077,-0.5709,0.2329,0.527,0.5674,0.2816,0.7501,0.9457,-1.1069,-0.3789,0.8697,0.4886,0.2346,0.6725,0.9522,-0.858,-1.2269,-1.1537,1.8587,-1.0544,-0.2346,-0.1855,1.0311,-1.7383,-0.0393,1.2144,1.1149,0.4093,-0.2609,1.7577,-1.6719,0.981,0.5082,0.591,0.2658,0.2052,0.9308,-1.153,-1.2466,0.1625,0.0522,0.1637,1.5904,-0.5793,0.7513,0.3844,2.3666,-1.4022,-0.546,-0.4568,1.3206,-0.8199,1.6579,1.5981,0.8656,0.4374,-1.5562,0.1821,-1.4307,-0.3626,0.2031,-0.3089,1
0.9508,-0.1292,-1.5486,-1.0601,-1.2739,-0.3164,1.2476,0.5057,0.3395,-1.2854,2.3692,-0.0283,2.4169,-0.8674,-0.5678,2.5997,-1.075,0.4187,-0.3382,-0.8134,2.1611,-1.0041,0.8974,1.1043,-1.0118,-1.8972,-1.7806,-0.7996,0.2227,0.3354,-0.189,-0.1053,0.974,0.7682,0.3788,-0.617,0.7776,0.1812,-0.7478,-0.5769,1.2286,1.8454,-0.5297,-2.0781,0.5875,-0.9033,0.7325,-0.376,2.2296,0.1122,0.9029,-1.2151,-2.8193,0.1353,0.262,0.7203,-0.5538,-1.2918,-1.6005,0.5531,0.7103,-0.8758,-0.528,-0.7282,-1.8952,0.1991,0.846,-0.2233,-1.4225,-0.1983,1.3644,2.1299,0.2691,-0.7889,-1.9856,-1.5459,-0.0889,0.2258,0.2566,-0.263,-1.5432,-1.5765,0.1473,-0.8246,1.3048,-1.4589,1.6871,-0.6665,0.2232,0.2232,-0.344,-2.0135,-0.4824,1.5225,-1.2808,-1.8421,-0.2189,-0.4124,-1.2928,-0.7526,-0.4811,-0.4129,0.1628,0.7067,0.3871,0.3417,1.6801,1.0953,-2.9128,-0.3632,-1.5766,-0.6891,0.7711,-0.2012,-0.4284,1.317,-1.5038,-0.0938,0.5488,0.0241,-1.1633,-0.0226,0.8075,0.3572,0.3177,0.3074,0.1352,-1.2413,-0.3091,0.4308,-3.1145,0.7572,0.3374,-1.0842,-0.7464,-0.2038,0.4134,-0.374,1.167,0.4131,-0.7866,-0.4712,0.2276,0.7284,0.68,-0.0976,0.1495,-0.0251,0.822,-0.9862,0.6028,-1.8524,0.451,0.2562,-0.0004,-2.1326,1.5667,0.8984,0.0254,0.4587,-0.9394,0.5123,1.5601,-1.1781,2.6928,-0.4369,0.8274,-0.8261,0.3904,-1.2739,-0.659,-0.2286,-0.6558,-0.2414,0.976,-1.2771,-1.1958,0.0471,-0.5642,-1.0037,0.132,-0.5644,0.3361,-0.0398,-0.2012,-0.0682,1.0232,1.3141,-0.1596,-1.03,-1.5113,-2.2336,-1.176,-0.8523,-0.0525,-1.8805,1.4297,1.0636,1.2452,-0.5129,0
0.244,-0.9474,1.5498,-1.213,-0.5136,1.4234,2.4898,-0.0917,-0.4142,-2.5071,1.7105,0.3082,-1.8839,0.8714,0.6139,-0.3544,-0.5578,0.7301,0.2339,0.4868,1.2265,1.1932,0.7605,0.5853,-1.2782,-1.1155,0.8185,0.6472,0.5182,0.8403,-0.554,0.5649,-0.9889,0.0624,0.9293,-0.6769,1.9529,1.1341,1.3721,-0.2112,-1.3889,-0.6986,0.5517,-0.279,0.7214,0.1505,-0.5898,0.9342,1.3517,-0.7321,0.5119,0.1566,0.2809,-0.1041,-1.2527,1.4095,-1.0436,-0.8706,0.6563,0.1799,-0.796,-0.6575,-0.1587,-0.4361,0.6465,-1.1642,0.3633,1.5305,0.2014,-0.8883,-0.723,0.0437,-0.6242,1.2346,-1.8404,1.639,-2.025,-0.041,-1.083,0.8202,-0.774,-1.1331,-0.34,-0.411,-1.935,0.4545,-2.3926,1.1763,-0.3301,0.953,-0.6006,-0.7931,0.6517,-0.5841,-1.5476,-0.0871,-1.3771,-0.0129,1.3789,0.9627,0.0019,-0.1657,-0.3168,-0.6375,0.3551,-0.1579,-0.3817,0.27,-2.0184,1.9565,0.6301,-1.3938,0.115,-1.1291,-0.5393,-0.8951,1.0919,-1.9207,-0.3544,-1.6491,-0.0204,-0.3177,-1.4067,1.4397,1.5634,-0.5642,0.5219,-0.1488,0.2434,1.5321,-0.2686,1.7922,-0.2882,-0.0936,1.8893,0.2752,-2.0319,0.2248,-1.2819,-1.6626,-0.9426,0.3261,-1.1134,-1.4013,-0.3798,0.4046,-0.6964,-1.3064,-2.1727,-0.7762,0.8443,1.0021,0.7898,-0.1753,0.1294,1.2677,-0.8687,0.3641,-1.8709,0.6823,-0.451,-1.1556,0.7728,-1.1112,-0.8673,1.5368,-1.046,-0.656,-0.6833,0.7848,-1.8359,1.2504,-0.2434,-0.3169,-0.8967,-0.1455,1.4704,0.2129,-0.9325,-0.3474,0.5345,0.0853,-0.2573,0.6046,0.3611,-1.0777,-1.9149,0.5005,1.8574,-0.8207,-0.141,1.3541,1.7396,0.0652,1.2497,0.7506,-0.5558,-2.0188,-0.9094,0.3692,1
0.4193,-0.5022,-0.8577,-1.6003,-1.6803,-0.1221,-1.5747,-0.0151,-0.798,-0.4262,2.1254,0.0483,-0.3436,-0.1733,-1.4737,1.3391,0.8478,-0.532,0.2293,-0.6716,0.3963,-1.343,0.2675,1.5013,0.4463,-0.5901,0.9498,1.9505,0.7309,0.0972,-0.8022,0.4356,1.9223,-2.0169,0.9773,0.1478,1.5134,-0.1279,-2.1637,1.9914,-1.1594,0.8003,-0.1276,-0.0396,0.1376,-0.5459,0.1866,0.3077,0.8016,0.125,0.3187,1.3282,-0.902,0.0701,0.4783,1.0354,-0.0636,0.0993,-0.3449,1.2403,-0.3212,0.6853,-0.1019,0.0308,-1.2231,0.0567,-0.0296,-1.4836,-0.7404,-0.4539,-1.5287,-1.2172,1.4696,-1.03,-0.8567,-1.3958,1.2274,0.9182,0.3182,0.0842,-0.4919,-0.2844,-0.6742,0.6583,0.6922,0.9126,2.0489,0.7072,0.6345,1.0037,-1.542,0.0047,-1.5125,1.5773,-0.493,1.7731,1.0615,-0.5522,-1.6598,-1.124,1.0387,-0.3213,-1.4813,-0.2247,1.6927,1.6092,-0.4731,0.3081,0.6127,-1.4792,-0.5329,-0.4054,0.4041,-0.5103,-1.3974,0.3242,-0.642,-1.2279,-1.2254,-0.223,1.4511,-0.1745,1.0731,-2.2461,-0.8387,-1.258,-0.2746,0.7702,-0.5465,-1.2445,0.9477,-0.7621,0.2726,-0.665,0.5171,-0.3835,0.7952,0.621,2.2213,-0.0802,-0.9753,-1.1611,-0.5973,0.3753,-0.7138,1.519,0.2003,-0.977,-0.463,-0.6384,0.1783,-1.0254,1.282,-0.3563,-0.2373,0.9231,-0.7485,-0.0014,1.7922,0.4111,0.2938,-0.4764,-0.9942,1.7488,-0.1601,1.898,-0.6839,1.255,-0.2053,0.4168,1.2167,0.4415,0.8026,-1.5629,-0.4607,2.0447,-0.2291,0.3186,-0.1631,-0.6216,-1.4941,-1.1417,1.6826,-0.0791,-1.1888,-0.9041,0.8734,-0.9471,-0.6254,-1.1166,-1.2591,1.6491,-0.1409,-0.3215,-0.6014,0.7125,0.0615,0.2923,0.1369,-0.3573,0
-0.4809,-1.7349,-0.4918,2.1636,-1.2394,0.0044,0.3357,1.194,2.6583,-0.3968,-0.8771,1.0602,0.213,2.0064,0.7253,-0.6688,-0.1966,0.423,0.5007,-1.1341,-1.9242,-1.6038,0.6172,-0.1532,-1.8348,-0.5508,-1.937,-0.2632,-0.8654,-0.558,-0.0844,0.1826,0.0596,1.2917,2.401,0.852,-0.1896,0.752,-0.7273,-0.8258,-0.8712,0.2924,1.2385,2.2241,1.3243,0.6977,-0.6883,0.0766,0.5435,-0.1223,1.8629,-0.82,-0.7141,0.38,2.0068,-1.8127,-0.846,1.2879,-0.679,2.0591,-0.8215,1.0723,-0.0882,0.4596,-1.0359,-1.6062,0.7755,-0.5293,-0.9187,-1.1053,-1.045,1.3532,-0.9226,-0.5425,1.9667,-0.4323,-0.0057,0.3677,-0.296,-0.6881,1.2789,0.3198,-0.6295,-1.3853,-1.1577,-1.0245,-2.156,1.1739,0.1021,0.5367,-1.4189,-0.4851,-0.2401,0.0756,-0.2063,-1.2449,1.0918,0.7103,0.0749,1.0322,1.2081,1.3939,0.163,-0.3148,-0.4798,0.8912,-0.7015,-0.9135,0.5544,0.523,0.6365,-0.8492,0.3007,0.9153,-0.4798,-0.2681,-0.298,1.5192,0.9008,-1.3406,-1.5208,0.6501,-0.2131,0.5326,0.2657,1.0096,-1.6257,-0.5479,0.251,0.2345,-0.9481,-0.5272,-0.5858,0.0447,0.7006,-0.2755,-0.1531,-2.0942,-1.0611,1.853,-1.7147,1.3644,-0.2979,-1.9632,1.4577,1.2841,-0.5032,0.8673,-0.3559,0.0509,0.1663,-0.231,0.5244,0.3857,-0.5229,0.296,-0.5206,0.1338,-0.4969,0.0973,1.6006,-0.6539,-1.4631,1.5941,0.2924,-0.6506,-0.2496,-0.9138,0.9378,0.7133,0.6286,0.2202,-2.05,-1.187,0.2844,-2.6549,-0.0793,-1.0253,0.6333,-0.1966,1.0589,0.3377,0.1137,-0.9733,0.6277,2.3793,-1.7104,-1.0237,1.6641,0.5118,-0.2959,0.782,0.3325,-0.6526,-0.6683,0.8553,0.3433,1.0777,0.6538,-0.614,1
1.5241,-0.9232,-0.4533,-0.7828,-1.4012,0.6226,-1.0529,-0.6842,0.9428,0.8652,-0.6214,-1.308,-0.1043,-1.5979,-1.0104,-0.3878,-0.1581,-0.5552,-0.1453,1.382,0.6271,1.3792,0.896,0.232,-1.2138,-1.3361,-0.0206,-0.4086,-0.9345,0.4097,1.2241,-0.0681,0.0858,-0.547,-0.6879,1.9737,-1.2564,-0.1612,-0.4471,-0.1099,1.0463,0.9938,-0.1401,1.1235,-0.7665,0.3557,1.7795,-0.5776,0.2051,1.4986,-0.8425,0.0643,-0.3148,-1.1169,0.4043,-0.8441,1.6558,0.0207,-0.2101,0.0409,0.1028,-0.1992,0.0572,-0.5748,-0.4994,0.527,-2.1364,-0.7995,0.0086,0.3424,-0.3905,0.1362,-0.3495,-1.8607,0.9405,0.268,-0.9574,1.475,0.6775,-0.6255,1.1066,0.539,0.8289,-0.6018,-0.5566,-0.8225,-0.5411,-2.3131,1.0838,-1.1804,0.5697,-1.2982,0.1168,-1.1924,-0.0199,-1.5997,-0.5919,0.6596,0.2139,0.171,-0.8584,-2.1965,-0.893,-0.511,1.4792,0.5695,0.3165,-0.5819,-0.7293,0.6406,-0.3721,-0.3369,1.9179,-0.9818,-0.2816,-0.2497,-0.6513,-1.4116,1.2724,-1.4124,-0.9076,0.2563,-1.2437,-0.1558,-0.2566,-0.2368,-0.1401,-1.4084,-0.5495,1.2845,1.1639,-0.5808,1.0849,-0.9399,-1.364,-2.0173,-1.113,0.4599,-0.3255,1.6616,0.8394,-0.3542,-0.2233,-0.2159,0.9991,-0.3842,-0.0145,-0.7354,1.2988,-0.3491,-0.6468,-1.5201,0.9662,-0.5917,-0.0704,-0.4104,-0.1865,-1.9825,-0.7846,-1.0836,2.1784,1.3469,0.4381,2.4868,1.2773,-1.3447,-1.2852,0.2679,-0.0694,0.2115,-0.8249,1.8455,-0.3511,1.1202,1.4594,-0.5852,0.5764,1.593,1.4582,0.7518,0.4397,0.0789,1.2688,0.5831,0.1243,-0.4727,-1.3527,-0.1735,1.8645,-0.4836,-0.6412,-0.2407,-0.2129,-0.5592,0.6432,0.3258,1.1829,0.6015,0.1865,-2.1031,1
0.1971,-0.6531,1.0777,0.0734,-0.7626,-0.5432,-1.2015,-0.5475,0.3152,1.1788,0.5199,0.8097,0.8911,-0.3236,1.4531,-1.3517,0.1234,-0.5258,-1.9654,1.659,-1.9977,0.6894,1.7932,-0.2031,-0.1154,-1.8988,-0.2498,1.4509,-0.5221,-0.9744,-2.3157,1.2857,0.4118,-0.302,1.0428,-0.5307,-0.334,2.124,-0.8963,0.2903,0.2235,0.0974,0.0063,-1.3067,-0.1375,-0.2425,-0.6689,-0.8335,-1.0017,-0.8094,0.4091,0.0365,1.6555,0.6033,-0.5951,-0.5391,-0.173,-0.35,0.0037,1.9412,-0.152,0.132,-1.1916,-1.5005,-0.1356,-0.4173,0.2017,1.357,-0.5105,-0.6846,0.9785,-0.4357,0.0575,-0.1057,1.8792,-1.6831,-0.8209,0.6508,1.1601,-1.0291,1.1788,-0.471,-0.7263,-0.6301,0.3538,0.4846,-0.8748,0.206,-0.3821,-1.1928,1.6918,-0.9675,0.1025,-1.1649,-0.4314,0.0909,0.1614,-1.0238,-0.1199,0.3499,1.4842,0.7982,1.0729,0.633,-0.6671,-0.3284,0.9065,-0.6874,-1.1213,-0.0438,-1.818,-0.7824,-1.1395,-0.4125,1.3123,2.3192,0.5931,-0.9606,0.7311,0.4205,-0.6024,0.8811,-0.4836,-0.5794,0.0574,0.6855,-0.3683,0.3552,-1.8294,0.2923,-0.4784,-0.5229,-2.5258,-1.4492,-1.7455,0.6055,-0.9219,0.2733,0.6589,-0.5464,-1.0275,1.2105,0.2619,-1.2327,0.4804,-0.6638,0.4649,0.8262,-0.8169,0.4916,-3.0115,0.5471,-1.9601,2.5256,0.3542,-0.6135,1.1333,-0.7844,0.1192,-0.2849,0.0012,-0.5595,0.4381,-0.7398,0.1125,0.6285,-0.5955,0.8356,0.4857,-0.2955,-0.514,-0.0488,-0.4528,-0.5138,-0.1327,-0.2122,0.1068,1.4198,0.9118,0.8496,0.5173,-0.6038,-1.0607,-0.2276,1.1862,1.1992,-1.458,-1.7741,1.6749,1.425,-0.6266,-0.0772,0.05,1.1032,-0.488,0.5918,0.2738,0.3006,1.054,0.1467,1
-1.2813,0.9024,-0.487,0.8978,0.2647,-0.978,0.2551,-0.635,0.2702,-0.4043,1.0101,-0.7117,-0.3676,-0.6999,-0.7939,-0.2698,0.2142,0.5607,0.051,-0.4551,-1.5591,0.9421,-0.5076,0.4007,-1.0651,1.5142,0.6916,-0.8887,0.3481,1.3427,-0.1766,-1.7013,0.4568,1.8474,-1.5972,1.0248,-0.2329,-0.0912,0.1917,0.0123,0.8628,-1.1646,-0.086,-0.9356,-0.5107,2.9726,-0.846,0.4489,0.3063,-1.92,-1.1472,-1.8162,-0.1529,-1.3147,-0.8973,-1.5351,0.6732,0.5969,1.4864,-0.1759,0.7381,1.1296,2.092,-1.2496,-0.8103,-0.981,-1.3866,0.7144,0.7281,-1.3978,-1.0857,0.3137,-0.4917,0.229,-0.1691,1.06,1.1267,-1.8298,1.3563,-0.4818,-1.134,0.6029,-0.9797,-1.2572,-0.345,1.3612,-1.8179,-1.0413,-1.6915,-1.2047,-0.1486,-1.3198,0.3104,0.1058,0.7222,1.92,-0.9885,-0.4809,-0.6043,-0.4522,0.4034,0.5998,-0.506,1.3317,-0.2716,-0.1159,-0.8899,0.668,0.7457,0.0028,-2.153,-0.2439,0.5933,-0.4173,-0.0967,0.5126,-1.8194,0.7947,-1.8937,0.0955,0.575,-0.5019,0.4671,0.4939,-0.5317,-0.4244,0.8039,0.3065,0.6005,0.4108,-0.5693,-1.057,-1.0214,-1.336,-2.0088,-0.59,-0.9008,0.0643,-0.2283,0.3731,1.1258,-0.9809,-0.2502,-0.3807,-0.8736,-1.193,0.0596,0.2636,-0.2773,0.5624,0.3118,1.0117,0.0433,0.1532,1.1208,-0.4316,0.462,0.9953,0.9027,0.8318,0.6251,-0.2821,0.9844,-0.5029,-0.4202,-0.2123,0.5421,1.6095,1.3213,1.2744,0.6918,0.1556,-0.8675,-0.5832,0.1399,1.7072,0.5786,0.3729,0.5816,-1.3402,-0.6602,0.5165,1.0236,-0.5931,0.559,-1.8824,0.5044,1.4277,-0.2,-0.615,2.6754,0.0496,1.3836,-0.6494,-1.1883,-1.5295,0.9961,-1.6576,-1.9955,-0.6133,0
-0.3885,-0.2754,-1.2401,-0.8073,0.0571,-1.9327,0.098,0.6059,1.3733,0.4557,1.1574,0.3012,1.4945,0.1277,2.0874,0.5998,-0.5573,0.1847,-1.7417,1.2111,-0.2733,1.2328,2.2094,0.0104,0.0383,-0.151,0.3731,2.2164,1.2841,0.2414,1.0605,-2.058,0.1239,-2.8295,1.1243,-2.1688,0.5477,-0.9028,2.5591,-1.2646,-0.3288,1.6926,0.4437,0.2073,-0.2298,0.0945,-0.7496,-0.1656,-0.0437,0.7309,0.0812,0.8467,-1.4869,1.4107,0.4578,1.6395,0.5322,-0.1015,0.1412,-1.1535,-0.2261,0.1863,0.1347,-1.6364,0.4908,-1.0033,-0.2147,0.8513,-0.7063,-0.1251,-0.4401,0.5403,-1.1522,-1.5512,-2.0743,2.176,0.6779,1.6182,-0.374,1.1225,-0.4452,-1.2628,0.847,-0.2944,0.2599,0.4189,0.5915,-0.2128,-2.3095,-1.188,0.5655,1.9469,-0.0352,1.3798,-2.3767,1.4901,-1.1356,-1.0135,-0.2998,0.2967,-1.1977,0.9961,-1.4422,0.136,-0.8838,0.2134,-2.0176,-0.9793,-1.2491,0.9097,-2.2397,1.7309,-0.5133,0.1898,-2.5475,-0.797,0.8376,1.5004,-0.991,1.1327,0.175,0.642,-0.2125,1.515,-1.7076,0.6424,1.5377,0.7691,-0.2867,0.5175,0.2614,-0.2753,1.0696,1.3428,-1.3607,1.8585,0.0517,-0.1707,0.9264,-0.7672,0.4682,-0.3275,-0.0349,0.3874,0.0211,-0.3282,1.2052,0.5737,0.4993,0.8849,-2.0893,0.9093,2.307,-1.0343,2.5181,-1.7901,-0.6975,0.6743,-0.5977,-0.8901,0.153,0.4373,0.8744,-0.2722,-2.0286,0.5726,1.2954,-0.4613,0.7867,-1.3632,-0.7224,-1.1864,0.096,-1.1715,1.6563,0.5124,0.0436,0.7158,1.2775,0.3888,-0.8366,0.0873,-0.4363,0.5386,-0.3871,0.0709,1.0501,-0.7986,-0.1477,-0.2334,-0.6095,2.5589,1.1694,-0.6587,-0.6422,0.3413,1.2665,-0.1025,0.8525,-1.7471,1
0.4044,1.3253,0.1624,-0.6354,1.1113,-0.9834,-0.2822,0.614,-0.9079,2.6512,-0.1895,-2.0124,1.104,0.3624,-0.0367,0.4928,0.6432,-0.1011,0.6947,0.3981,0.9608,-0.4757,-0.3772,0.6363,0.7092,-0.0158,0.1039,0.9614,-0.8444,-1.1941,0.8012,0.3923,-0.6982,-0.2807,-0.7545,-0.5177,1.3266,0.0538,-1.1088,0.5274,0.5299,-0.0598,-0.0674,0.5057,0.7712,-0.0966,-0.564,-0.2272,0.9806,0.7738,-0.4207,2.8412,2.5113,-1.0522,1.0299,-0.9963,0.0442,1.5538,0.774,-1.1938,0.5179,-2.4529,-1.5861,0.0353,-0.8256,1.5773,0.1335,1.2776,0.1176,0.1695,0.1728,1.9665,1.6176,-1.1186,-0.2599,1.686,-1.5059,1.839,0.6344,-1.0206,-2.2219,0.06,1.7432,0.2345,0.5543,0.4868,-0.2457,0.3972,-0.6277,-0.5732,-0.9237,-0.374,-0.3746,0.1867,-0.3456,-1.6574,-1.1055,-0.268,0.5291,-0.2895,0.3908,-1.5386,1.1893,-0.4613,-0.8059,0.0388,0.4507,-0.226,0.66,-1.7661,-0.1001,0.861,0.4796,-0.2836,0.3255,1.7567,-1.1293,0.262,0.1262,0.698,-1.1412,1.6018,0.8716,2.3188,0.0806,-0.6019,-1.7968,-0.472,-1.2689,-2.0112,-0.8662,-0.2616,-0.1669,2.5849,1.5593,0.1961,0.7206,-0.377,-0.4137,0.4985,-0.1114,1.6011,0.7523,-1.0348,-1.4902,0.1591,1.2044,-1.0455,-0.9294,2.4026,0.0301,-0.3314,2.4885,-0.2937,-1.1289,0.0837,-1.2486,-1.5851,0.9654,-0.557,0.4911,-1.1073,-0.2402,-1.2294,-0.9435,1.7514,0.7505,0.6825,-0.0206,-0.3471,-0.0259,-0.4299,0.5162,-0.0933,0.1983,2.6774,-0.0022,-1.0871,1.5942,-1.0305,-1.0347,1.8126,0.447,-1.0085,0.1012,1.418,-0.9041,0.2166,2.4452,-0.1258,-1.6671,-0.3782,-0.2783,-0.5184,1.7534,0.2129,0.0423,0.5618,0.1604,-1.9262,0
0.6815,0.5537,0.3949,0.7401,1.121,1.3931,-1.5965,-0.7557,-1.0167,-0.455,0.3686,-1.7854,0.669,-1.5142,-0.9936,-1.2198,-0.4932,0.3211,-2.0576,1.5615,-0.9653,2.1639,-1.539,0.8637,0.5695,-0.233,-1.4319,-0.4683,1.2896,0.8582,0.8602,1.4923,0.4867,-0.0619,0.8729,0.6974,1.3777,0.4777,0.6114,1.0124,0.0003,-1.0843,-0.035,0.0995,1.1277,0.6532,-0.5004,0.2313,-0.2981,-0.4938,0.8142,-1.0445,1.0639,-0.3429,0.4322,-0.3999,-0.6623,-0.63,0.8452,-1.6977,0.1178,-0.6436,-0.507,1.8234,-0.7011,-0.7371,-1.5468,-1.8702,-0.2414,-0.6854,0.6909,0.2026,-0.9102,1.4685,1.0995,0.019,0.7836,1.7129,0.3936,-0.5471,0.1172,0.1737,0.2776,1.1458,0.3177,-1.6521,-0.8005,-1.0665,0.3545,-0.2686,0.3527,-0.4944,-0.7283,1.0173,0.403,-0.2393,-1.6629,-1.2866,-1.1844,-0.0612,-0.9586,1.07,0.7424,-0.1649,-0.8517,-0.5026,0.2911,0.021,-0.2123,1.1729,-0.3496,-0.138,0.554,0.2708,1.0808,-0.4923,-0.7787,0.6579,0.1275,0.7919,0.7218,0.707,-0.9751,-0.0968,-0.5396,-0.467,0.1233,1.5159,2.0885,-0.8229,-0.0408,-0.8049,-0.7798,-0.2703,-1.6217,0.3595,-1.1276,-0.1749,-0.7985,0.6795,0.8003,0.6045,-0.0602,-1.6095,-1.0597,0.4423,-0.61,-0.3208,0.5141,2.1129,-0.7455,0.4316,-0.571,-1.1262,-0.3448,-0.253,-0.436,0.5085,-0.2896,-2.0623,0.5275,0.4806,-1.4353,-0.6762,-0.4822,0.6778,-0.2508,0.9506,-0.7577,0.8521,0.0016,-0.3712,0.8333,0.7961,0.5753,-0.1283,1.0466,1.1937,-0.3111,0.1075,-1.5163,-0.6818,0.9736,-0.9554,0.334,-0.0381,1.6436,0.1394,-1.8771,-0.4227,0.4223,0.6075,0.4644,1.2704,0.2527,-1.8937,-0.6396,0.2114,-0.6842,0.348,1
0.2837,1.6127,-0.7056,-1.202,-1.2547,-0.4758,0.5004,-0.1565,-0.6893,-1.1085,-0.2353,0.62,1.1153,1.2485,0.7103,0.304,-0.6237,0.3111,1.4838,0.108,0.7453,0.0024,0.4736,-0.926,-1.2808,-0.9834,-1.9477,0.8598,2.3836,-0.2087,-0.7939,0.3557,1.5946,0.0905,1.2842,-0.0095,0.2328,-1.5164,0.3497,-0.9304,-1.0474,-1.5666,0.6007,2.2853,-0.7208,-0.2696,-0.3606,0.4411,0.9835,-0.0367,-0.4002,-1.7974,0.6327,0.0793,-1.8078,-1.1741,-0.9862,-0.4459,-0.8976,0.7776,-0.9513,-0.5051,-1.0465,0.6908,-0.4311,0.0053,0.5527,-0.0103,-0.1419,0.7521,0.3747,0.1159,-0.3848,0.1631,-0.7192,1.4956,0.2838,0.4503,-0.6413,-0.2232,0.6903,-1.9492,-0.2706,-0.6418,-1.134,0.6804,-0.7679,-1.0394,1.0011,-1.8789,1.0335,1.0661,-2.0445,-0.228,0.2868,1.0178,-0.5306,-0.1658,0.7446,-0.9017,0.5821,1.1051,-1.0487,0.2994,0.078,-1.0504,0.1517,-0.2577,-0.7938,-0.3612,-0.977,0.3982,0.4096,0.7565,0.1004,0.211,-0.5591,0.6516,-0.625,0.5646,-0.4578,-0.7743,0.3897,1.6346,0.856,-0.4494,-1.3895,-1.5029,0.2803,0.1638,-1.93,-0.1589,1.077,-0.0256,-0.0324,-1.1602,0.6896,-0.7067,-0.5703,1.1462,-1.0132,-0.2025,-0.0101,0.3852,1.5378,-0.0183,0.5221,-0.0923,-1.6741,1.1123,0.7324,1.2014,-1.0521,0.1419,1.9013,2.2047,0.0754,0.2961,-0.96,-0.2059,-0.7655,1.0458,-0.4033,-0.0914,0.7944,-0.132,1.0397,-0.1684,0.7488,-1.0115,-0.0171,-1.4755,-0.8629,-0.7381,1.9329,-1.0587,1.9382,0.6603,0.4619,-0.7292,0.8141,1.8872,0.9789,0.3978,0.0762,0.6908,0.1592,-0.2073,0.8703,-0.3314,0.8874,2.1042,0.9602,-0.4823,-0.187,1.0606,-0.8237,1.8683,-0.1951,0.1386,0
0.422,3.2572,-0.0875,-0.5723,-0.4037,0.6575,1.6964,-1.0172,-0.3525,-0.2193,-0.3861,1.501,0.8857,1.4164,-0.4797,-1.0968,-0.0511,-0.7476,0.215,1.0597,-2.1866,0.7385,2.1418,-1.226,0.3215,-1.1779,-0.8729,0.1142,1.8246,1.609,0.1138,1.0268,-2.7656,-0.3522,-0.2509,0.5736,-0.7837,-0.8851,-0.9229,0.5695,0.3748,-0.3664,0.9367,-0.141,-0.6274,-0.6942,-2.0941,0.1643,0.6945,0.4982,2.6612,-0.3518,-1.2898,1.7877,1.5659,-0.7842,-0.059,-0.4899,0.5411,-0.3369,0.7701,0.9834,1.983,-0.4124,0.7746,1.0426,0.2422,1.6231,0.4428,0.1434,2.1272,-0.7698,1.1948,-0.7344,0.5985,0.8171,0.9565,1.4529,-0.6648,-1.246,0.2126,0.3257,-0.0788,2.495,0.1287,-1.278,-0.7133,0.4741,-0.0907,1.1881,0.8923,0.9223,0.8635,0.8202,-0.1167,1.5654,1.1302,-0.6959,0.4481,1.0431,1.4514,0.4793,0.8663,-1.9473,-0.2503,0.009,-1.0163,-0.0014,-0.2604,-1.16,0.5644,-0.66,-0.3895,0.9699,-0.6454,1.4007,0.4714,-0.8321,-1.4519,0.0813,-0.7321,-1.1805,-1.2713,-0.5185,-0.4758,0.1616,-1.251,-0.5291,-0.6228,-0.7542,1.3019,0.2716,2.1467,0.7917,0.371,1.2559,1.1715,-1.6201,-0.804,-0.2257,0.2855,0.2814,-1.5434,0.3775,0.4475,-0.8993,-1.1684,0.5703,-0.4427,0.8499,1.0125,0.3762,-1.4341,-0.8908,-1.8298,-0.5094,-0.8898,1.5635,0.6449,-0.2486,-1.2203,1.8056,-0.8769,-2.0155,-0.7521,-1.4408,0.8167,-1.0266,0.5123,1.5055,-0.92,-0.1179,1.909,-0.268,-0.2566,-0.3115,-0.7501,-0.7938,1.0455,1.2401,-0.9017,2.0067,1.6478,-0.3089,-1.6551,-1.0218,-0.2027,-0.2418,1.7185,-1.2781,-0.1146,-0.1929,0.822,-0.2339,-0.2803,-0.0189,-0.4626,0.5503,0.551,-0.8705,0
0.852,0.3289,-0.1169,0.9782,1.2854,-0.7659,-0.3605,0.1071,1.662,0.3995,0.236,2.0044,-0.2376,0.9785,-0.6763,0.0971,0.915,-0.7164,-0.6582,-0.1315,1.4996,-1.651,-0.5939,0.9913,-2.1955,1.8917,0.1642,2.0049,-0.9479,0.8276,-0.6512,0.2849,-0.7398,-0.6353,-1.7169,-2.8346,-0.056,2.363,-0.2928,-0.4865,0.4895,-0.6701,-0.5145,-1.262,-0.9286,1.0777,-0.8518,0.2023,-0.3695,-0.8692,0.3105,0.8266,-1.2225,0.3489,0.7862,-0.3062,-0.0798,0.005,0.2036,-1.1279,-0.5158,0.4135,-0.7587,-0.0865,-0.0727,-0.7796,0.1331,1.3077,-0.793,-0.6155,-0.1604,-1.2072,-0.6019,-1.4835,-1.8666,0.3349,0.8375,1.7368,-0.161,0.9556,-0.2947,-0.7346,0.6451,-0.2513,0.6584,0.2925,-0.9759,-1.101,-1.036,-0.6594,0.9075,-0.1125,1.4227,0.5456,-0.1778,-0.8563,-1.9648,1.0849,1.3045,-0.2334,1.7488,-0.0645,-0.0239,1.1405,0.0124,-0.4543,-0.3587,-1.7185,-0.0781,-0.02,1.2188,0.644,-0.7457,0.8063,0.2932,1.5661,0.9036,-0.1037,1.0437,-0.3731,-0.9591,0.2421,0.5569,1.0455,-0.0291,0.0581,0.7251,-0.0725,1.6103,-1.4859,-1.2662,-0.2758,1.108,-0.0919,-1.3548,0.7766,-1.1244,1.2831,0.9046,1.5054,1.254,1.0953,0.7156,-0.3096,-0.1011,0.0141,0.1978,-0.5376,-0.7306,1.42,-1.171,1.0799,2.0361,-1.0167,1.3908,-0.114,1.4661,-0.5616,1.2957,-0.6871,-1.308,1.7698,-0.8332,-1.2707,0.035,-0.3137,1.1911,-0.865,-0.4359,0.7913,-0.7192,1.0346,1.0753,1.9861,2.101,-0.7228,-0.7156,-0.9133,-0.0167,-0.1258,-0.2167,-1.1484,1.3006,-1.4823,-0.5376,0.8003,0.6273,-0.207,0.9518,-0.3301,1.982,1.0484,-0.7487,0.858,-0.219,0.3852,1.2236,-0.8253,1.4055,-0.2666,0
1.0941,0.4428,-0.5512,-1.3589,-1.2242,0.2973,-1.0873,-0.4946,-0.2464,-0.6412,-0.447,0.6072,1.119,0.4668,0.6452,0.5344,-0.4387,0.1854,-1.6905,0.0811,-0.4276,1.2375,-1.858,-1.07,2.2793,0.7349,1.3828,-0.7887,-1.4538,0.4824,0.1602,0.5443,1.5467,0.8543,-1.5474,-0.5102,-2.2065,0.547,-0.4652,-1.2708,0.3595,-1.1054,1.0083,0.7171,2.2346,-0.7527,0.9545,-0.451,-1.2039,1.8582,-1.0614,1.6506,-0.3554,0.7245,-0.427,-0.7732,-0.9003,-0.4173,0.2461,1.4014,-0.7937,0.0285,-0.2694,-0.0843,-1.0231,-1.3805,-0.4689,-0.0323,2.405,1.4984,-0.405,-1.2949,-1.7096,0.9433,1.2039,2.0768,-0.2626,0.3894,-0.3427,1.4248,0.9286,-0.7745,0.1691,-0.9992,0.1112,-1.4155,0.1963,1.1927,1.264,-1.2392,0.0511,-1.3352,1.0918,0.4071,-1.1348,-0.9135,0.5593,-1.6987,0.0688,0.3619,-0.66,-0.2655,0.0904,0.5778,-1.2487,-0.5618,0.8009,-2.6111,0.9804,1.3375,1.8969,-2.3597,-0.4591,-0.6475,1.4513,0.6674,1.0244,0.7351,-1.524,0.4201,-2.1778,0.4419,0.2012,-0.1804,0.2385,0.7149,-0.7816,0.3585,1.4561,0.3957,0.2307,-0.0145,-1.2978,1.4285,-0.4124,0.0402,-0.2983,-0.3556,-0.5898,-0.7043,0.9323,1.3658,0.2421,-1.1552,-0.0662,2.2206,0.3124,-0.1959,-0.8191,0.5302,-0.2393,1.2841,1.0867,0.5141,0.0753,0.5387,0.3156,-0.2338,1.3299,-0.0927,-0.5348,-1.6777,-0.2149,-1.5337,0.7627,-0.8061,-0.9152,-2.2644,0.2761,-0.3029,0.7,-0.928,1.0229,0.7386,1.6396,-0.4549,1.1292,-0.816,0.1055,-0.2359,1.3897,0.4368,1.9604,0.4001,0.1796,-0.0651,0.275,-0.7159,-1.0651,-0.5302,-0.358,-0.5093,2.188,-0.1746,-0.29,1.264,0.9073,-0.7224,0.861,1.0204,0
-0.8249,-0.131,0.7201,0.9125,-0.736,1.2052,0.5543,-0.9071,-0.2344,1.8419,0.3989,-1.8854,-1.2365,1.5165,-0.0491,0.1737,-1.1627,1.5439,-0.1111,-0.6001,-0.12,3.0137,0.0326,0.3768,-1.4305,-0.627,-1.8593,0.9588,-0.6788,-0.4466,0.1273,0.3654,2.0625,0.0255,1.0582,-0.7119,-0.9919,-0.7117,-0.057,0.2597,1.0575,0.9224,-0.5625,0.2968,1.0815,-1.3353,-0.6736,-1.2707,0.6088,-0.0228,-0.8704,0.5099,-0.3562,0.987,-0.1954,0.3308,-1.3887,0.4531,-0.3786,-1.6918,-1.8111,-0.9736,0.7836,-2.1188,1.1759,-0.1739,0.234,0.7539,-0.791,-0.0285,-0.1453,-0.589,0.8558,0.1226,0.7557,0.8597,0.4008,0.7733,-1.1238,-1.3091,1.4529,-0.3782,0.6514,1.0976,0.3676,0.8077,-1.2136,-1.3141,-1.1575,-0.608,-2.6048,-0.4034,-1.852,0.9966,0.4325,0.4861,-1.937,-0.3923,1.4548,-0.7131,0.8577,-0.8874,-0.1533,2.647,0.6704,1.3156,-0.0487,-1.5346,-1.4522,0.8297,0.3004,1.4555,-0.4761,0.3559,-0.6954,0.6648,-2.0821,0.0375,-0.8869,-0.1295,1.0146,0.3873,0.6269,-0.7937,-2.6719,-1.1259,0.2617,-1.1692,0.371,-1.8417,-0.1568,1.3322,0.5027,-0.8495,0.6791,-0.1332,-0.6241,1.1249,0.3798,-1.9597,-0.641,1.5428,-0.1152,1.9799,0.7536,0.9486,-1.6653,-0.4774,1.5084,1.3731,0.1962,-0.6636,-0.8978,-0.2723,-0.1069,-0.9807,-0.9736,0.5668,1.2675,0.4148,0.1167,1.366,-1.2017,-0.1626,-0.3972,-0.5237,-0.9595,1.0003,0.5914,-0.2318,1.5317,-1.4939,-0.1874,-0.9364,1.6769,-0.1797,0.3117,-0.3536,1.0992,0.548,0.4863,0.1571,0.8593,0.5134,0.6213,-1.4277,1.2207,1.0912,0.6947,-0.2807,0.0441,-1.0687,-0.4776,2.0042,-0.1129,-0.5472,0.2984,-0.1155,-1.0568,0.4984,0
-0.4246,0.065,1.1971,0.2765,1.3529,0.5483,-0.6574,-0.7528,0.0963,-1.0234,0.461,1.5076,-0.2093,-0.111,1.9184,0.8929,0.5772,0.9735,0.18,1.5779,0.9455,-2.3445,0.7645,0.412,-1.5075,1.1455,-0.0458,-0.551,-2.0653,-0.0133,0.0114,0.6278,0.2509,-0.0181,-0.7623,-0.3082,0.5638,-1.6806,-0.5057,-0.0008,-0.0377,0.6802,1.8202,-0.3158,-0.232,-0.3901,-2.129,1.2081,0.3377,0.7086,0.0394,0.8589,-0.2286,0.7094,-0.6121,1.2217,-1.1476,0.7067,0.2702,0.8338,-0.2553,-0.6955,-0.5251,-0.2709,-0.1325,-0.9459,-0.2938,-1.8427,-0.3831,-0.1765,1.9566,1.5876,1.2292,0.7679,-0.0297,-1.6889,-0.3323,-0.409,-0.7271,0.9022,-0.2495,-0.7824,-1.6381,1.3805,0.9778,-0.0432,0.4364,-0.0992,0.7464,0.3378,-0.4326,-0.6073,-1.2609,-0.3381,1.1522,-1.7691,0.4657,0.459,-0.6081,-1.5748,-0.6043,-0.5991,0.5668,0.5017,-0.2791,0.586,-0.818,0.0399,1.1162,-0.32,-0.0758,-1.3508,-0.188,0.4829,-0.4746,1.4597,0.6536,0.0791,0.9495,1.2328,1.2489,-0.9856,-0.6951,0.0253,-0.7314,1.97,-1.8767,0.2029,-1.469,-1.0801,1.2947,-0.1158,0.1214,0.4737,-0.4713,0.5943,0.6081,0.0101,-0.3598,0.2148,0.9586,-0.1547,-0.0792,-1.327,0.8779,-0.6241,0.9291,0.5266,1.2737,0.4289,-0.8818,2.3492,1.2462,0.021,-0.6603,-1.0514,1.559,-0.224,0.3417,0.8608,0.3219,0.5443,-0.1176,0.7332,1.0383,-0.0862,0.3567,-0.3297,0.2814,1.3574,0.3911,-0.3507,-0.0486,-1.0578,-0.2558,1.2952,1.5717,-1.7271,0.7315,0.2249,-1.6826,0.4311,0.3896,0.6557,-1.2512,-0.4761,0.4382,-1.5965,1.4943,0.3607,-0.4638,1.3496,1.2116,-0.3736,-0.9269,0.7871,2.7306,0.2544,-0.3522,-1.1066,0
0.7883,-1.2604,0.6344,0.5224,0.2528,-0.2524,2.0893,0.08,1.8444,0.6244,1.375,-0.4521,0.5232,0.0633,-0.1933,-1.2025,0.1202,2.2336,1.8191,-0.1258,1.9539,0.1955,-0.7941,-0.0501,0.5189,0.7702,0.2095,0.0377,0.6327,0.1387,-1.0038,-0.1223,0.0141,-0.441,0.4566,0.1542,-0.6339,1.2937,-0.3764,0.2531,-0.1089,-0.7338,0.5605,0.2478,0.7354,1.9169,0.0764,-0.1982,-2.8616,0.5379,-0.6557,-0.7412,-0.5656,0.4584,-0.2685,-0.2514,-0.3063,-0.0272,-0.3174,-0.718,-1.0702,0.9431,0.4868,-0.0367,-0.6604,1.719,-0.4037,0.6709,-1.201,1.0798,0.6971,-0.8777,0.0832,-1.0264,-0.3181,-1.2823,0.1904,1.0143,-0.6519,-0.3892,0.3128,-1.7814,0.1237,-0.4742,0.0284,-2.7331,-1.0764,-0.3353,0.7572,-1.3287,-1.3444,-0.3246,-0.525,0.231,-0.78,0.0509,-1.0392,0.0395,0.8857,-0.6043,-0.5109,1.3861,-0.8692,-1.0881,-1.6329,-0.8695,-0.1408,-0.4872,2.15,-0.8445,-0.9704,-0.1482,1.1384,-0.4762,0.1346,0.1633,-0.4568,-0.0749,-1.2034,-2.5571,-0.4701,0.8519,-0.081,-1.071,-0.3073,1.2584,-1.0112,0.0371,0.0689,0.8729,-0.6645,1.1498,-0.4782,0.6932,1.0378,1.7021,1.7546,-0.983,1.4363,-1.5261,-0.5321,0.2648,-1.3233,0.0616,0.4914,0.8687,-0.1742,1.2446,0.0487,0.8378,1.0109,1.8502,-0.1015,0.5644,-0.0951,-0.179,-0.8386,0.9985,-0.9469,-1.2167,-0.1634,-0.5492,2.2855,0.2608,2.2054,-1.4094,-0.7161,1.3556,-0.6325,-0.6763,0.531,-0.701,-0.7035,0.7735,-0.284,0.1385,1.1467,1.2458,0.8585,1.9949,-0.3634,-0.9219,1.8193,0.38,-0.2639,-2.1307,1.0622,0.85,-0.7221,0.3981,0.9285,-1.3339,0.7538,0.2238,-0.9054,-0.3993,-0.4109,-0.6934,-0.3504,-1.8898,0
-0.18,1.8087,0.345,-0.6964,0.4768,0.6568,0.4975,1.0885,-0.9967,1.0162,-1.1805,0.1644,-1.5957,0.2545,-1.7223,0.1888,2.8586,-1.7719,0.1073,0.2042,-0.0454,0.6053,-1.3969,1.6079,0.5038,0.691,-0.0746,0.8308,-1.3625,0.9147,-0.6039,0.3577,0.7212,0.7211,0.8765,0.4381,-1.3305,1.0781,0.3231,0.2916,-1.3829,-0.0307,0.4909,0.4397,0.18,1.1252,-1.0491,-1.2966,-1.9173,0.2534,0.53,0.1983,0.1415,-2.0417,0.477,-0.3112,1.7401,-1.2444,-1.102,0.3517,-1.8569,-0.7915,1.4045,0.4404,-0.4039,1.7851,0.4119,0.2718,-0.5383,1.3015,-1.6701,1.2576,0.9585,0.0422,2.0256,0.2771,0.3497,-0.8507,-0.4666,0.6164,0.6064,0.3267,0.2986,1.2831,-0.2306,0.3793,-1.534,0.8519,-0.2697,1.6155,0.6157,0.4667,-1.7991,-1.4977,-0.1094,-0.6546,-0.5316,-0.3683,-0.854,0.8701,0.4163,1.5801,-1.0092,2.1182,-0.5524,0.1944,1.9516,1.0887,-1.5427,0.8586,1.5363,0.4426,0.6637,-0.962,-0.0324,-0.4919,-1.3373,-0.8054,-0.4444,-0.84,-0.7675,-0.6962,1.3859,1.455,2.4153,-0.7663,0.3557,0.1206,-0.5593,-0.7934,0.9146,0.9664,2.0495,-1.1223,1.4224,-0.5186,-1.0391,0.8929,-0.0585,1.6292,-1.8082,1.1558,-0.9623,-0.7324,-2.0604,0.6028,-0.3988,1.2503,0.2765,-0.975,-1.037,-1.1216,-1.326,0.5003,-1.1016,-0.6106,0.0031,-0.2754,0.0709,0.7011,0.4863,-1.1046,-0.0139,-1.4863,-0.3001,0.4313,-0.3527,0.4373,1.3975,1.4035,-2.1971,-0.6852,-0.1283,1.0619,-0.3894,1.7332,0.6119,-0.8869,-0.8762,-0.7738,-1.6527,-0.2773,1.3978,0.4212,1.2102,-0.6108,-0.8271,-0.4164,-0.9061,1.9646,-0.2835,1.0166,0.3222,-0.5622,1.0164,0.5737,0.3799,-0.0154,0.2759,0.5643,1
1.7335,-0.2761,-0.4501,-1.145,-0.1183,0.3575,1.8021,-1.0942,-2.0808,-0.541,-0.2669,-0.724,2.2779,-2.8665,-1.1225,-0.5392,0.4484,0.7839,0.0505,0.5872,-0.3255,-1.6832,0.0036,-1.102,-2.2864,-0.8622,-0.4163,-0.0277,0.0026,0.1112,1.5697,0.2741,0.2606,1.4467,1.1598,-0.8336,0.3937,-0.7919,0.0442,1.5269,0.1274,-0.3516,-1.3247,0.3905,-0.0901,0.8304,0.7393,0.774,1.1784,-0.1427,1.3722,-1.6628,1.1549,-1.0738,-1.765,-0.221,-0.2863,0.912,-0.7751,-1.2054,0.129,0.4805,-0.8353,0.1255,-1.1958,0.1263,-0.0307,-2.4956,0.4755,-0.1908,-0.9842,1.8793,0.4682,-0.4454,-0.6157,0.2601,0.8581,0.1279,0.5633,-0.9517,-0.2143,1.0329,0.1169,0.6051,-0.284,1.303,-0.6529,-0.8042,-1.3171,0.297,-0.1356,0.8417,-0.4737,-1.5766,0.0424,-0.8952,-0.6544,1.056,0.4524,-0.4613,-0.039,-1.1954,-1.3703,0.5503,1.1494,0.3985,-1.0519,-0.1275,-0.097,-0.0622,-1.3334,0.463,-0.1994,-1.124,-1.8526,-1.2201,-0.7858,0.2261,0.7709,-1.5616,0.6658,0.7929,-0.7601,-0.7699,1.8607,-0.242,0.5958,-0.3542,-0.2964,-1.4843,-0.2258,-1.1825,-0.9618,0.4846,-0.5543,2.1564,-0.2646,0.8084,0.3681,-1.4642,-2.2491,-1.6825,-0.2022,1.0729,-0.65,0.1523,0.1651,2.6453,-0.5523,-0.5241,-0.0611,0.1282,-2.3107,-0.0234,-0.6066,-0.1544,-0.9862,0.803,1.0581,0.5471,0.8726,-0.8912,-0.8716,-0.6169,0.7005,0.9413,0.9045,0.1673,0.2834,0.8248,-0.6955,-0.3589,0.3946,1.5682,0.6264,-0.0322,-0.4969,0.1422,-2.734,0.7156,0.4865,-0.8528,0.3368,0.062,-1.0308,1.3704,0.1744,-1.0418,2.1704,-0.0452,-0.6721,0.7476,0.8913,0.3146,-2.9071,-0.0548,-0.0741,-0.1067,0.623,0.2495,1
-0.2423,-1.4624,0.6763,-0.2503,0.1612,1.1601,0.8505,0.1905,-0.8965,-0.8487,-1.2993,-0.5549,1.7781,-0.0957,-0.0313,0.0683,0.5766,1.1906,-0.209,0.8059,3.1041,-2.5151,-0.3052,-0.0728,0.0343,0.1963,-0.6567,3.145,-0.3021,0.2252,-0.2215,0.5337,0.531,0.3098,1.4147,-0.14,1.0099,-1.4723,1.0192,0.5404,0.5772,0.1404,-0.3264,-2.3444,-0.5666,-0.2513,-0.7682,0.4161,-0.3709,0.5384,-0.5916,0.4597,0.0859,-0.1598,-1.1208,1.3006,-0.3739,-1.2302,1.3383,-0.8457,-0.8903,0.1615,-1.4327,-0.6641,-1.8005,-1.8991,-0.0124,-0.2105,1.2541,1.8044,0.2733,0.4117,-1.1883,-0.4547,0.0985,0.9825,0.6107,-0.1689,-0.1871,-0.8192,-1.4112,-0.907,-0.0658,0.2215,-0.2194,0.2889,1.808,0.2157,-0.3066,-0.1113,-2.0155,0.5568,0.2295,0.2441,-0.8898,-0.8079,-1.411,0.0419,2.8421,0.4457,2.0412,-0.8045,0.15,1.0247,1.2071,-1.7635,-0.4819,0.9795,1.6458,-0.6889,-0.8042,-1.4355,-0.1614,-0.7468,1.7017,1.4088,0.1893,1.343,0.7499,0.0517,0.7292,0.739,0.025,-0.6284,-0.223,0.2141,1.3439,-0.6278,-0.1586,1.1968,-0.5009,0.945,-1.0283,-0.3466,-0.2409,1.441,0.0891,-1.2521,-1.2526,1.9677,0.5396,-0.4534,0.8396,-0.6784,0.3825,-0.6333,0.1295,-1.1865,0.3862,1.0516,-0.181,0.5905,-0.7605,-0.2571,0.1983,0.8349,0.0687,-0.4974,-1.147,-0.1377,-1.1604,0.8034,-1.7846,0.2301,-0.2481,-0.2908,-0.0282,0.6352,0.3096,-1.3428,1.0528,-1.0261,-0.236,0.5773,-0.1211,-0.9155,-0.7402,-0.4819,1.4576,-1.3377,1.0492,-1.3325,-0.5285,0.4887,-0.7853,-0.096,-0.3005,-0.9584,1.6435,-0.1742,1.5383,-2.1231,1.082,-0.0188,-0.1315,1.1161,0.9103,1.2445,0.8265,-0.2508,1
-0.4464,-0.5182,-1.1647,1.0097,0.8002,0.3267,-0.4077,-0.7922,-0.4072,-0.2229,0.5144,0.6437,-1.5708,0.0859,0.1541,0.3056,-1.0555,0.2401,-0.3257,0.5081,0.3592,0.6926,1.4852,0.4798,0.5744,0.9374,-0.8273,-0.5033,-0.0291,-0.323,1.6099,0.0495,-1.2219,-1.6539,2.6591,-0.0114,1.0021,0.6663,1.7736,-0.0548,-2.3785,-1.2537,-0.2098,-0.582,0.6196,-0.4799,1.8862,-0.6265,0.4078,-1.5082,1.0019,-1.5849,0.1082,-0.1664,-1.2863,-0.8762,0.4156,-0.672,0.57,-0.4786,0.2788,-0.6176,0.7947,-0.4357,-1.2181,0.2832,1.0045,-0.676,-0.1063,-0.3598,0.9664,-0.6695,-0.8247,-0.7053,0.806,-0.1846,0.8759,-0.2162,0.0119,-0.9056,-0.1197,-1.5505,0.1236,-1.0112,0.0323,0.1375,0.561,-0.0971,-0.4581,2.2177,1.3202,0.3825,-1.0225,0.4878,-0.9013,0.9288,-0.2939,-0.1283,1.7275,1.2934,0.4787,-0.2362,-1.195,0.962,-0.0466,-0.0448,-2.0422,-1.0965,-1.9954,0.0673,-0.1187,-1.8301,-0.059,-0.8954,-2.4398,0.5181,1.9082,-0.6504,0.6233,-0.0336,-0.4088,2.1321,-1.1793,0.6628,-1.2985,-1.1026,0.7158,-0.995,-0.017,-0.5427,0.2176,-0.7253,0.4812,-0.9267,-0.0344,-0.3566,-1.133,-1.3727,-0.6251,-2.3767,2.3102,0.9139,0.4273,1.7102,-2.216,0.7007,-1.577,0.3321,-0.0629,-1.6283,0.6636,1.1311,0.2715,0.178,0.164,-1.3356,-0.056,0.7085,0.3017,1.5606,0.1941,-0.9057,0.4125,0.6517,-0.4691,0.6008,0.8189,-0.5855,0.8067,1.0148,-1.1865,-0.0279,0.7742,0.0998,0.7846,-0.4489,-1.2471,0.1275,-1.972,0.275,1.4937,0.3876,-0.4139,-0.6139,-0.0353,2.0664,0.7887,-0.1129,-0.3574,0.2038,1.8523,-1.0107,-0.6914,-0.5319,-0.0626,0.3307,1.9454,0.695,-1.6443,-1.3843,1
-0.2446,0.0528,0.3835,-0.6642,-0.2545,-1.1561,-1.0196,-0.0741,0.9903,-1.2923,1.0743,-0.2589,-0.8701,0.7207,-0.2917,0.1832,-0.1915,-0.1763,-0.1889,0.5278,-0.8281,1.2761,0.899,0.7161,0.3991,0.2211,1.2482,0.8616,0.2638,0.397,1.5849,1.6371,1.4588,-0.1626,1.4768,-0.2368,0.8987,0.6131,-0.0333,0.6862,0.8047,-0.24,0.1498,-0.9377,2.5469,-0.7645,0.4752,0.131,1.0403,-0.4934,1.0062,1.3843,0.3446,-0.3241,0.6258,-1.15,0.1658,1.318,0.2137,-2.237,-0.7178,-0.0404,-0.4095,-1.9037,-1.2339,0.7934,0.0487,-2.6347,0.9848,-0.2315,-0.1131,-1.2999,0.4676,-0.7235,-0.3285,-1.1547,-2.1785,1.3122,-1.0941,-0.7885,-0.0663,0.7045,-0.5827,0.4911,1.8236,0.4004,-0.6566,1.1511,-0.8734,-0.4299,0.551,0.4274,-1.558,2.044,0.6157,1.3204,0.007,1.4895,-0.5783,-0.0561,-0.0382,0.7573,-1.3694,0.8722,-0.3472,-0.5785,0.2897,-1.9601,0.5972,-0.8389,0.4111,0.5179,3.1382,-2.6641,-0.907,1.9521,-0.9776,-0.1966,-0.2623,-0.6318,1.9619,-0.0003,-0.4378,1.3755,-0.4809,-0.1205,-0.1935,1.8342,-0.4434,-1.3281,0.6566,-1.0101,-0.6898,0.2966,-0.3443,-1.2523,-0.0254,-1.1375,0.1303,-1.1749,-0.3697,1.7869,-0.8639,0.0188,1.0559,1.1042,0.6524,-0.0425,1.17,-0.4043,2.0593,0.2106,-1.5655,2.4644,-0.4585,0.4436,0.9236,1.0358,-0.7394,-0.5292,0.086,2.9834,0.4706,-0.0409,0.2459,0.9576,1.7867,-0.1202,-0.615,-0.5934,-0.5834,0.8907,0.4978,0.713,1.7519,-0.2232,1.0988,0.4639,-0.4518,-0.4856,-0.3155,0.0963,0.9494,1.0292,0.3189,1.0577,0.2684,0.3506,-0.1229,2.0025,1.6339,-0.4913,0.871,0.2403,-0.2268,0.7402,0.1805,0.1598,-0.2263,-0.0936,1
-1.3519,-0.6626,-0.0818,0.8794,1.6041,0.3597,-1.1862,-0.73,0.4286,-0.4939,-1.1002,-0.3075,-0.0146,0.4106,-0.9251,-0.1414,0.6348,0.6902,1.1357,0.5267,0.1122,2.1419,-0.0479,1.6465,-0.5203,1.159,-1.4511,0.7523,-0.6498,-0.3159,-0.2593,-0.6066,-2.7605,1.96,-0.3844,-1.382,1.2112,1.6661,-0.0664,-0.2088,-1.2279,0.3959,-1.0085,1.919,-0.1616,0.5334,-0.875,-0.5896,0.3847,-1.0784,0.8473,-0.8045,0.308,-0.917,0.9066,-1.4471,-0.071,-0.1148,-1.9059,-0.794,0.1245,-1.095,-0.2853,-2.7203,0.0605,-0.9545,-1.1795,-0.8005,-0.4061,-0.5598,0.3089,0.8868,0.4414,-0.2425,1.2171,-0.9536,-0.4312,-2.9911,-0.0244,-0.5187,1.1326,-0.48,-0.6132,2.2944,0.418,-0.7887,-1.5759,-1.3433,1.12,0.0117,0.5156,0.3276,-0.6709,-0.5897,0.7784,-0.2829,-0.3597,-0.2854,0.0656,1.3354,0.3675,0.905,-1.0557,-0.9814,1.2465,0.455,0.3017,-0.1994,1.5688,0.3681,-0.3895,-0.3955,-0.2789,0.8868,0.6418,0.556,1.9086,0.4661,0.0912,0.703,0.6089,-1.6558,-1.0165,0.7732,0.8747,-0.2433,-0.4363,-1.3069,0.1517,0.3317,0.6725,-0.3902,-0.5663,0.9917,-0.1117,0.1146,-1.6249,-0.4749,1.3151,1.338,-0.2512,0.4739,0.0695,2.0809,-2.5533,-0.0756,-3.2722,0.7484,1.5725,-0.1073,0.1531,0.5125,1.2003,-2.1315,-0.3456,0.3157,-0.3833,-0.6598,-0.8991,-0.2891,0.2379,1.1629,0.1008,-0.908,0.1291,1.0618,-0.5413,-0.085,0.7745,-0.6157,-0.1492,0.0259,0.5098,-1.9508,0.2447,-0.4167,-0.0881,0.9987,0.5487,2.246,0.5118,-1.9541,-0.6078,0.3791,0.0979,1.2592,-1.8474,0.4278,0.1292,0.2147,-0.1909,-0.2595,-1.4351,1.8048,-0.9708,0.9976,-0.2134,-0.1655,1.8721,-0.1954,1
1.1469,-0.1155,0.5868,-0.3925,-1.0187,-0.718,0.8032,0.4602,0.3466,-0.1976,0.2268,0.8948,0.1893,0.2089,-1.3978,-0.6181,-0.6829,-0.8772,0.2504,1.8109,1.3482,0.5437,-0.9793,0.6057,1.6386,-1.0834,-0.7941,-2.6205,-1.5413,1.9454,1.9513,0.8057,0.412,-0.5475,0.8506,-0.1808,1.9951,0.9914,1.0502,0.179,-0.6158,1.2135,-0.3898,-1.3147,1.2497,0.8363,0.0115,0.4948,2.5848,-2.3427,-0.0704,0.4506,-0.2721,-0.8194,1.5319,2.317,1.007,1.3238,-0.6859,-0.2519,0.3788,0.8586,-0.252,1.37,0.3876,0.9193,1.6114,0.6377,-0.8726,-1.2169,-0.5967,-0.0819,-0.046,-0.4235,0.2954,0.1074,0.5673,-0.437,1.139,-2.2827,0.3451,0.0874,0.6007,1.7881,0.9243,0.2204,-0.4125,0.6754,-0.2158,-0.428,1.1715,0.282,0.418,0.0265,-0.831,-2.0356,0.5049,0.6854,0.2289,-1.0713,-0.4672,-0.0579,-1.44,-0.1454,0.2018,-0.0118,-1.181,-0.3281,-0.6969,-1.261,-1.35,-0.0793,-0.7495,2.031,0.1168,0.284,-0.0444,-0.6541,0.8033,0.5249,0.6057,0.4199,-1.7921,0.5715,-0.2247,0.0258,0.9768,-0.284,-1.2611,0.4648,2.0691,-1.2756,0.3352,-0.3642,1.2369,0.0047,-1.2978,-2.0314,1.447,-0.0211,-0.7475,-0.1829,-0.0017,-0.8061,-0.2234,0.7241,-1.2549,1.081,-0.6327,0.2477,1.4823,-1.0186,-0.0319,0.4432,0.9259,-0.8123,1.4485,-1.9392,0.2342,-1.0756,-0.1651,0.7907,-0.2615,1.0177,0.1966,0.6446,0.5204,-2.1222,1.6276,-1.5257,0.2208,0.3268,-1.6609,-0.25,-0.5717,-0.8724,0.3067,0.2302,0.0818,0.2095,-1.3578,0.4144,-1.1852,-0.4224,-0.5528,-1.3901,0.5741,1.5821,-0.3232,0.6946,-0.7804,0.5534,1.652,0.7568,-1.0628,0.1036,-0.3604,-0.2738,1.9039,-0.5568,1
-0.7732,0.6807,-0.8545,-1.0914,-2.0697,-1.3156,-0.6442,-0.6745,0.4549,0.1779,1.4871,0.5276,-0.2969,0.1086,2.2212,0.2071,0.8209,1.4215,-0.5132,0.8163,0.4788,-0.314,1.486,-0.852,-0.2632,-0.3145,-1.323,1.094,-0.2157,-1.2368,-0.6239,-0.772,1.404,0.6363,1.2148,0.2104,0.4572,-0.9155,0.6867,-0.3597,0.4947,-0.1326,-1.0679,1.536,-0.384,2.1586,0.1715,0.1146,0.6161,0.7141,0.701,0.0644,0.5506,-0.7136,-1.1787,1.7922,0.5971,0.1022,-1.4772,1.3154,0.0228,-1.2935,-0.3216,0.7966,0.2612,1.1947,-3.3716,1.1448,-0.5302,0.3839,-0.3117,0.5741,0.7442,1.1089,0.2094,0.7636,0.5115,-0.6345,-0.0245,1.189,-2.0644,1.5093,-0.125,1.0075,-0.1733,-1.4322,-1.5537,-0.6441,-1.4087,0.81,-1.5112,-1.8491,0.865,-0.237,-1.0188,-0.7131,-0.2191,-0.1128,-0.4345,-2.6063,-0.9252,-1.4295,-0.2628,0.3177,-0.1028,-0.3077,-0.2357,-1.9722,0.7353,0.6844,0.6347,0.1941,-0.9314,-0.3782,-0.3055,-0.9007,1.4873,0.38,1.6143,0.9669,0.2541,-0.2928,0.1095,-0.4964,-0.9339,-0.9779,0.3061,-1.2656,-0.1788,-1.4256,1.2206,-0.1252,-0.2207,0.2523,-0.4099,-1.3582,-0.4699,1.4676,0.2993,1.1328,2.5074,0.2579,-0.1773,1.2835,0.0747,-1.0323,-1.3267,-0.6993,0.2603,-0.341,-0.3837,-1.1721,-0.484,0.0728,-1.8276,-0.8378,2.1596,1.1023,1.2933,-2.0545,-0.1315,0.4801,-0.054,0.866,0.3962,0.5775,1.0327,-1.7332,0.3448,-1.1701,0.4389,1.3132,-0.08,-1.5937,-1.3706,-0.0464,-0.6298,1.6047,-0.2922,1.8447,-0.0112,-1.1083,2.2303,-0.2966,1.4965,1.4811,-0.1481,0.6967,0.9876,1.3902,-0.2614,-1.0762,1.1678,0.595,-1.8598,1.0716,-1.3746,-0.3525,-0.587,-0.2756,0
-0.0286,-0.9294,1.0311,0.5634,0.6462,1.2791,1.2668,0.2098,0.2005,-0.5609,0.4144,-0.2914,-1.7334,0.4577,-1.0243,1.4882,1.8584,0.7613,-1.0335,0.0963,-1.0117,-0.7474,-0.8962,-0.1183,0.1049,-0.0723,0.3117,-1.0159,1.1279,1.0575,-0.6125,0.4301,-0.6438,-0.833,-0.0536,0.9464,-0.2419,0.2828,0.291,-1.335,-2.8449,-1.4294,-0.6077,-0.8067,-0.9532,-1.8153,0.2217,1.0446,1.3646,0.5614,-0.7645,0.523,-1.8517,0.8816,0.8725,-0.8659,0.289,0.3107,0.1393,1.802,0.1425,-1.2054,-1.1883,1.1226,-1.5963,0.1953,-1.56,0.5711,-0.1286,1.0049,-1.4842,-1.4962,-0.2973,-0.5623,1.2036,-0.1154,0.0419,-0.3078,1.3371,-2.2134,-0.1929,-1.3789,-1.6473,1.8836,1.2791,0.9873,-0.8379,0.4992,0.4799,0.034,0.6693,1.1377,0.7451,1.2896,1.1022,-0.2582,0.6007,-1.1608,-1.6067,1.0804,-0.8933,0.3096,-0.6989,0.0371,1.3191,1.2526,-0.1379,0.5181,-0.2297,0.5055,-0.986,0.9233,0.4053,-0.75,1.1784,-0.3821,-1.3022,-0.0217,0.259,0.7806,-0.1405,1.1118,0.4163,-0.7215,-0.179,1.4585,-1.8035,1.2642,-0.674,0.8606,-0.4582,0.8774,0.6994,-1.8385,-1.7598,-0.4291,-1.1425,-1.0518,0.7961,-0.5523,-0.6908,-0.5349,-1.1144,-0.5588,-0.8931,1.678,1.3492,0.0759,1.1993,0.6781,-0.1759,-0.0283,-0.149,1.6965,1.0066,-0.389,-1.0,-0.9157,0.1296,0.5354,0.3343,-0.8712,0.2255,0.8083,-2.044,-1.0665,-1.0833,-0.5198,-0.2182,-0.768,0.0066,-2.7968,0.1154,-0.8599,1.6675,-1.6132,-1.3317,-0.9249,1.1983,-1.4362,0.1189,1.0737,0.2292,-1.4025,-0.0747,-0.1296,-0.3683,-0.7997,0.6562,0.2089,0.9719,0.8695,-0.8015,-0.6029,1.7722,-2.1978,1.2903,1.5969,0.0196,0.5889,0
3.0677,-0.8352,1.1437,0.6159,-0.4979,1.0492,0.7717,-0.5166,1.2798,-0.4517,-0.0121,0.3168,1.8118,1.3865,0.9759,-0.2437,1.1292,-1.7305,-0.8303,1.0687,0.8151,1.5485,1.5721,-0.1483,-1.1015,-1.4728,0.5195,0.5199,2.3201,-0.1997,0.9614,2.3165,0.8861,2.3653,1.2837,-0.6704,-1.2208,0.1898,0.9779,-0.3106,1.2753,0.4032,-0.1088,-0.0912,-0.2336,-0.0915,-0.1327,0.526,-1.2981,-0.5269,-1.056,-1.7941,-0.091,-2.7066,-1.4437,-0.6542,-1.6792,-0.0551,0.9597,-0.2014,-1.2144,0.9317,0.5747,-1.2757,0.7629,-0.009,0.0455,-0.3633,-0.5834,-0.8533,-0.0113,-0.6514,-0.4695,0.4861,-0.3043,-1.3722,-0.9663,0.8949,1.6116,-0.0707,-0.3936,-0.4028,0.2914,0.019,2.4438,-0.145,-0.1229,0.5586,1.1141,-0.4091,-0.7411,0.0446,0.1992,-0.0527,1.8569,0.6292,1.3236,1.1689,-1.5204,-0.664,-0.18,0.0812,0.2435,-0.8786,0.4945,-0.976,0.625,1.3663,0.2733,0.3076,2.2712,0.1369,-0.6631,-0.9006,-0.5048,0.4016,-0.6538,0.9424,-0.5915,-1.1357,-0.5728,0.4013,-0.2411,0.5191,0.5145,2.0006,1.8797,0.4127,0.9575,0.244,-0.6445,0.9412,-1.5187,3.1317,-0.5065,-0.5288,-0.2287,-0.4756,-2.1151,1.6051,-0.888,-1.0933,-0.6886,0.3964,1.2489,0.2833,1.843,1.2784,-0.0816,-1.0035,0.9543,0.0939,0.3779,0.6259,0.2188,-0.3094,-0.9203,1.4645,0.6197,0.6684,-0.6271,0.6897,-0.9454,-0.7244,1.5287,2.0134,0.8589,-1.8779,0.5827,-1.0454,0.7066,1.45,-0.1116,-1.7765,-0.2922,-1.074,-0.0883,-0.4527,1.5096,-2.2807,-0.6814,-0.4199,-0.6998,-0.1272,0.3782,1.847,-0.0202,-1.9216,-0.1613,-0.4248,0.9514,-0.2568,1.2581,-1.4287,-2.3019,0.5482,1.2106,-0.6429,0.5039,-0.2633,0
2.0507,1.0,0.2918,0.1857,1.5974,0.1836,0.2219,0.1097,0.502,2.4096,-0.2683,0.7841,-0.9267,0.3294,-1.665,1.5744,0.9876,0.1035,-1.212,2.1891,1.8733,-1.1088,-0.6967,-0.6545,-0.5761,-0.3635,0.2366,-1.1989,0.9892,-0.0811,-0.0291,1.4044,1.2255,0.0786,-0.4096,0.4174,-0.2868,1.0883,-1.2883,-0.4555,-0.4402,-0.2442,0.0367,-0.4405,-1.2733,-0.0177,0.9126,-2.1959,0.1291,0.1816,1.0012,-0.577,0.0161,0.6129,-0.431,-0.2795,-0.3151,-1.3358,0.5838,0.4171,0.0723,-0.8698,0.366,0.2102,-0.5477,-1.456,0.4514,-0.0022,0.7053,-1.1917,-2.5086,0.336,-0.1999,-1.2154,-0.524,-0.402,-0.81,0.6739,-1.7354,-1.9501,-2.2385,0.3414,-3.1845,0.2018,0.3208,-0.132,0.0878,0.7808,-0.5054,-0.0081,1.9135,-0.3595,-0.2829,0.7471,0.2987,-0.0439,0.2069,-0.6437,0.0524,1.0016,0.2305,-1.1616,-0.9472,-1.5595,0.2698,1.0495,-0.6242,1.4669,-0.5124,-1.5867,-0.6316,0.2782,0.0959,-0.0362,-1.4306,0.4146,-0.5874,-1.3497,0.2099,0.1605,0.8885,-0.3292,2.4284,1.0646,0.7997,-1.5552,-2.1607,-0.0059,0.8448,1.2492,-0.9509,1.7314,-1.2867,-0.7588,-0.7471,0.6983,-0.4104,1.2346,-0.7333,1.5738,0.1213,-0.5682,-0.0383,0.7959,-0.5759,-0.808,0.9761,1.2258,1.3419,-1.273,0.3668,0.6338,-1.5587,0.4534,0.6429,1.8743,-1.1151,-0.067,2.5859,-0.8795,-0.52,-0.4943,-1.498,0.8611,2.4295,0.6464,0.9237,-1.3888,-0.254,-0.7875,-1.2261,-1.6656,0.6636,-1.0368,0.6767,0.5644,0.3184,-1.0895,1.4286,0.7862,1.6193,1.3352,0.4342,1.4406,0.3138,-0.2694,-0.6673,0.1054,0.1118,-1.7225,0.2587,1.2868,-0.5291,2.3419,-0.7827,0.4531,1.2335,1.2207,0.5744,0.2101,0
0.5877,-1.2871,-0.3396,-0.9546,0.5601,1.6269,-0.4832,0.0786,1.8879,-0.0853,0.3153,0.237,0.3347,-1.653,0.8839,0.6124,-1.8658,1.9494,-0.1022,-1.3563,-0.1125,0.7661,-0.6672,0.617,-0.164,0.8705,-0.0608,0.4919,0.818,0.2848,0.6833,0.0351,0.3522,1.4622,-0.4714,0.4808,-2.2543,-0.0751,0.7969,0.4573,-0.8293,0.1014,-0.183,0.6952,0.581,-0.7765,2.2304,-1.0168,0.9693,-0.3247,0.9335,1.6613,1.0487,0.2311,0.346,-0.3224,-0.3281,1.0818,-0.2008,0.4448,1.4708,0.5136,-1.0003,-0.9798,-1.3094,-0.991,-0.8119,0.4756,-0.9094,-0.5134,-1.8331,-0.9834,-0.2197,0.0934,1.1906,-0.1121,1.5506,-1.9087,1.0474,-0.3094,1.048,1.244,0.572,-0.8457,0.2795,0.9067,-0.6766,0.6475,0.9683,0.1634,-1.0501,-0.6711,-0.1897,0.9088,-0.1504,-0.8407,1.2262,0.7004,1.1161,-1.3469,-1.2435,0.581,0.198,-2.4234,0.2168,-0.8055,0.9621,0.7717,0.467,-1.1565,0.9085,-2.0756,-0.9918,-1.7724,-2.7579,-0.9553,0.1884,-0.4298,1.0896,-1.9777,-0.7383,-0.9302,0.2783,-0.7029,0.5034,0.0752,0.615,-2.4864,0.0072,-0.8882,-0.034,-0.8686,0.8005,-0.6981,0.9461,0.3032,-0.2186,0.1246,-0.8182,-1.4111,-1.3945,0.9064,-0.872,0.2296,-0.5058,0.2372,0.4666,0.2988,1.3901,-1.3138,-1.5677,1.1956,-0.964,-0.5124,2.4451,0.9075,-2.761,0.7779,0.2929,-2.1038,1.0294,1.0585,-1.0168,0.3643,0.6656,-0.95,-0.3718,0.7722,0.6716,-0.2107,-1.3004,-0.9329,0.3786,-0.8051,1.3912,-0.1356,-1.4156,-3.2617,0.0304,0.6318,-0.2556,-0.2982,-0.7878,-0.6849,-1.0487,0.9947,-0.4469,0.2795,0.3815,2.317,-0.2474,-0.0465,1.1827,1.1191,1.2573,-0.091,-1.5181,-0.654,-2.6112,-1.6506,1
2.1105,0.8756,-0.5371,-0.6713,-0.9719,-0.9421,0.3302,0.818,-0.1666,1.2298,-2.5179,0.9556,1.865,0.6483,-0.7487,-0.4565,-1.3177,-0.96,-1.8105,0.2352,-0.4448,0.3829,0.6099,0.2135,-0.8914,-0.9448,0.1607,-1.0437,0.4314,0.6097,-0.0597,0.1172,-0.2499,0.611,-0.4459,-0.1306,2.2792,-0.9527,-0.255,0.589,-0.4807,0.2749,0.1665,0.4289,0.6622,1.9574,0.8334,0.778,1.0436,0.2616,1.8338,-0.642,-0.1295,0.6743,0.0259,-0.579,-0.4759,-0.0651,-1.1403,-0.6848,-0.3154,-0.7501,0.8346,-0.5847,0.6319,-1.5417,0.0975,1.6052,-0.6495,1.6947,1.7077,0.3971,-0.1649,0.7328,-2.1354,0.1828,1.0063,0.3663,-0.2645,0.3928,-0.4213,-0.4394,0.4777,-0.1496,-0.3189,-1.5185,1.2867,-1.0896,-0.7752,0.1685,-0.1065,-1.3743,-0.5364,-0.2451,1.1929,-0.7971,-0.955,0.2035,-0.5434,-0.9414,0.4848,-0.1609,-0.0371,1.0915,0.0524,-0.4484,-1.5594,-1.242,-0.4712,-0.4923,-1.3055,-0.4156,-0.3637,-1.647,-0.6261,-1.5724,-1.6419,1.0741,0.5665,-2.0858,-1.1765,-0.137,-0.5035,-0.0518,-0.0537,0.3782,-1.5963,-0.1008,0.289,-1.3163,0.1758,1.1519,-0.5474,0.2778,-0.0788,2.7092,0.9828,-0.296,-1.861,0.473,-0.2768,1.7622,1.7953,1.4656,0.3991,-1.2517,1.0544,-0.0145,1.3679,-0.3028,-1.6215,-1.8017,-1.1118,0.9574,-1.4784,-0.0342,-0.7131,1.3535,0.0576,-0.9707,0.132,1.2762,0.3521,0.262,-1.5479,0.9858,0.1649,0.9573,-0.2757,-0.5757,1.4116,-1.1469,-0.8011,0.204,-2.2812,-0.1051,1.3295,-1.1347,-1.5495,-0.426,1.2258,-0.553,-1.6736,0.9197,-0.1773,0.1824,2.7381,-0.2772,-1.7834,0.8762,1.3661,0.1162,0.5993,0.4096,0.6011,1.8333,-1.6473,-0.1917,0.4857,1.1385,0
-1.6297,0.1049,-0.2945,-0.9745,1.3872,0.7272,1.2484,1.0724,0.3024,-1.0437,-1.5802,0.2058,0.0031,-0.9827,0.0276,-0.5229,0.3807,2.2716,0.1459,0.5947,0.5762,1.7832,-0.358,-1.0394,-0.4057,-1.0423,0.8402,0.0932,-1.4949,0.561,-1.5932,-0.8541,0.538,-1.6401,0.7716,-1.0578,-2.1109,0.5248,0.7021,-0.3943,0.3257,-1.2011,0.6701,1.9294,-1.0969,-1.0629,-0.5305,1.3835,-0.8484,-0.072,-0.5322,-0.6988,-0.6941,0.6298,-0.4399,1.985,-0.6002,1.5915,0.9748,-0.9559,1.0866,0.7934,-0.2887,-0.2325,0.8392,0.0624,0.6665,0.5799,1.3235,-0.4348,-0.9032,1.3542,-0.6663,1.3498,-0.1179,-0.6963,0.7417,0.6753,1.4825,-1.0153,2.144,-0.225,-0.2064,0.044,0.4716,-0.4057,-0.2762,-0.3894,1.443,-1.4826,-0.994,-0.2434,-0.1559,-1.2741,-0.7712,-0.5384,0.7319,0.4217,0.9813,-0.5961,-1.1655,0.7535,-0.6004,-1.2676,-0.692,0.0158,-1.9616,-0.4313,1.0911,-0.5129,0.6995,1.4005,0.3256,0.0268,-0.0077,2.2046,0.3071,0.6026,0.963,-0.3965,0.8866,-1.974,0.4346,0.6115,0.1602,-0.6524,-0.1759,1.3733,0.6056,0.4485,-0.1269,-1.1505,-0.7704,-0.329,0.4158,1.1738,-2.2695,-0.93,0.1466,1.8632,-1.3937,-0.4431,1.2905,0.5985,-2.0834,-2.0303,-0.7384,-1.5992,-0.1067,1.1154,-0.0884,0.2082,-1.2814,-0.8196,0.6427,0.5232,0.9976,0.529,1.2836,-1.597,1.1965,-2.5268,0.5816,2.1684,-0.3943,0.4456,-0.1508,-1.0904,-0.1526,0.3959,0.1331,0.557,-0.2082,-1.6392,1.4116,-0.0679,-1.2512,-0.8536,-0.8164,-0.328,0.0633,-0.7175,-1.9097,-0.6206,1.6309,0.1243,1.1517,-1.1591,0.0925,-0.1831,2.3431,1.633,-1.7044,-0.478,1.2021,-1.1204,-2.3042,-0.1555,0.6847,0.0479,1
-0.2853,1.2927,0.2836,-0.7166,-0.4204,-0.4254,0.8573,0.353,-1.6304,0.5171,-1.281,-0.4348,1.3945,-1.6724,-0.7372,-0.4624,-1.2243,1.1785,-0.5616,0.0181,-0.1886,0.8614,0.4055,1.1302,-1.0667,-0.3324,0.9004,0.5699,0.6452,0.1816,-0.7725,0.2237,-0.2055,0.4093,-0.727,-0.9373,-0.2666,0.9594,1.2492,-0.811,0.5586,0.3882,-1.8452,-0.5834,0.8404,0.9061,-0.9854,-0.1362,-1.0117,-1.3333,-0.5647,0.6529,-0.9046,-0.2488,-1.5784,-0.2848,-2.1277,-0.017,2.0491,-0.084,-0.5184,1.1133,-0.7156,1.2633,0.0668,-0.3047,1.2627,-0.7836,0.4255,-0.6847,-0.8838,1.5983,-0.1484,-0.3541,2.0683,0.6763,2.0465,1.23,0.8953,-0.8126,1.3356,-0.619,0.9233,0.189,1.2936,0.9803,-1.0466,0.9614,-0.4196,0.6336,0.2799,-0.2066,-0.1123,0.5873,0.8776,1.0463,-1.0605,0.1994,0.9321,2.6826,-0.2904,-0.1,1.5281,-0.5139,-0.408,1.5459,0.8409,0.7466,0.0722,-1.1481,0.0559,-0.0933,-1.7485,-0.1726,-0.1366,0.5523,-0.2769,0.7494,-0.4432,1.4694,2.3897,-0.8095,1.2315,0.8464,1.0009,-0.18,0.1511,0.4084,0.2264,1.4992,2.3085,-0.5187,-1.2065,-0.9354,1.4794,0.4964,0.1218,-1.4444,-0.2676,-0.3005,1.7244,0.0614,1.13,-0.4122,0.7767,-0.1933,0.7649,0.9863,-1.3912,1.334,1.8855,1.6741,0.2055,1.0161,0.3136,-0.2742,-0.8057,-0.6489,0.245,0.0276,1.1093,-0.5996,0.866,-1.6207,-0.3884,-0.2534,0.8343,1.7775,-1.1531,-0.9367,-0.3854,-3.3513,1.0337,-0.0493,1.8598,-0.9684,-0.1515,-1.5694,-2.3756,-0.7309,1.2535,-1.2556,2.2638,0.7967,-0.4,-0.5132,1.1995,-0.5697,-0.2856,1.7145,1.0412,0.109,-0.0519,1.6183,1.003,1.1735,-1.4544,0.6699,0.9458,0.4395,1
0.5838,-1.396,-0.0357,-2.6322,0.7864,-0.4896,0.2008,1.0128,1.0014,-0.0945,0.7526,-0.8153,0.9496,0.7283,-0.0362,-1.0862,-0.5085,0.0749,-0.0272,-0.7743,-0.0237,0.6339,-0.9244,-1.0125,-0.9874,0.0466,0.8031,1.2779,0.3427,-0.4576,-1.1995,0.5461,0.2004,-0.2689,1.6154,-0.7826,0.6165,-1.1038,0.3724,0.5364,-1.1692,2.4128,1.2494,-1.5976,0.2255,0.6146,1.0542,-0.4541,-0.7613,-0.7216,-0.6162,-0.2157,-0.4641,0.3021,-0.9208,-0.2378,0.2205,0.7632,0.8877,1.2321,0.0001,-0.2165,-0.0708,-1.0458,-0.8543,-1.6664,-1.0447,0.049,1.5966,0.8808,0.1009,-0.7711,1.064,0.5285,-0.1925,0.9191,-1.1218,0.1941,0.7663,-1.6412,-0.2808,-0.2284,-1.6193,0.0558,-0.253,-0.7741,-0.7741,1.2503,-1.0407,1.1782,-0.1906,0.5589,-0.5193,1.0136,-0.6304,0.9047,1.1476,-0.9804,0.7013,-0.67,1.1138,0.7368,-0.5682,0.1322,0.2789,-1.2972,1.8633,-0.0687,0.8251,1.3065,-1.0471,-1.229,-1.1753,0.7534,-0.1926,1.0134,0.9587,-0.029,1.5626,0.3751,-0.7884,0.8605,-0.4066,0.5905,-0.5732,0.9544,0.001,-0.0495,-0.4426,1.96,-0.0206,1.6206,-2.9175,0.1307,-0.1663,0.4289,0.9491,-1.0299,2.3854,1.0888,0.3613,0.0468,0.3089,-0.8846,-0.2706,-0.3219,-0.5272,0.8191,-0.3184,0.4825,1.0768,0.7812,1.3876,-0.1364,0.495,-0.6286,-0.9904,0.3108,0.3067,-0.2247,0.6584,-0.608,-1.3368,-1.1959,-0.0031,0.5421,1.1942,0.4692,-0.5382,-0.7812,-1.8945,-0.1945,1.5764,-0.1576,0.7105,0.5572,0.7839,1.1359,1.3329,0.028,-1.9858,1.0811,0.3228,0.2895,0.3409,-0.3859,-1.3714,-0.471,1.3356,0.092,0.2545,-0.0259,1.091,-0.7532,0.4114,-0.3236,1.0901,-0.853,1.9504,0.6956,0
1.4554,0.7579,-1.2095,0.4388,0.7351,0.9088,0.147,1.4317,-0.5176,-0.0168,0.9853,-0.4835,-1.2778,2.3213,0.7259,-1.3462,0.7311,0.0948,-0.1707,-0.26,0.2445,0.9909,-0.138,0.314,0.7254,0.7344,-0.7122,-0.8845,-0.2899,-0.948,-1.6214,0.3727,1.1129,0.2924,-0.9031,-2.8438,0.0824,0.1078,-1.5511,1.4804,0.8704,0.26,1.3673,-0.4954,0.6024,-0.0198,0.1605,2.6814,0.8331,-1.3735,-0.3415,0.956,-1.476,-1.0111,-0.9145,-0.2599,1.1053,0.7671,0.2552,0.4486,1.2887,-1.3878,0.0785,0.4191,-0.2286,-0.569,1.2384,0.0155,1.218,1.1818,-0.6711,-0.0324,-0.3381,-0.1603,-0.4845,-1.2598,-2.2058,-1.5431,-0.3044,0.7432,-1.1557,-0.125,0.3246,-0.3322,-1.5089,-0.5693,0.3512,-0.0202,1.4342,2.0728,1.7647,-0.1425,1.9728,-1.037,0.3986,0.5654,-0.1312,-0.2092,-0.0789,0.7821,0.2457,0.4006,1.1069,-1.6611,0.013,-0.1006,-1.7707,-0.2415,-0.3118,-0.972,-0.1416,-0.8884,-0.6182,0.676,-0.9241,-1.3803,0.7046,0.8721,-0.1059,-1.0,-2.0319,-0.8099,0.9733,-0.0959,1.416,-0.6821,-1.0592,-1.9507,-2.3844,-2.7931,-1.8734,1.4282,0.7002,-0.1499,-0.0425,1.0389,0.9124,-0.9204,-0.4631,-1.0413,-0.4236,1.0959,-0.0874,-0.4461,-1.0494,-1.6277,1.456,-0.8917,-0.5437,1.0679,1.5656,-0.432,1.0924,2.5734,1.6972,-0.4687,1.1258,-0.7317,-0.1553,0.3458,-0.7834,-1.4273,-0.5225,1.0163,0.7055,0.4705,-0.2135,0.3822,-0.0955,-0.2401,-0.9687,-0.9274,-0.6803,0.7648,0.6252,0.9666,-2.9399,0.023,-0.615,-2.9802,-0.7367,0.4876,-0.1487,-0.2852,-0.1513,0.3292,-0.5225,-0.5065,-0.9085,1.2819,0.4574,-1.2016,-1.3381,0.6599,0.1767,-1.3526,-1.6802,-1.8507,1.1419,1.1776,1
0.8826,-0.6138,-0.8337,-0.744,-2.5163,0.9531,0.9236,-0.5833,-0.9302,0.7763,-0.5123,0.3335,-1.377,1.7478,-0.5331,-2.6173,0.7051,1.2932,-0.5159,1.9237,1.5343,0.6239,-0.061,0.9795,0.1303,0.783,-0.3357,-0.1549,0.0318,1.0407,-0.3718,-0.8861,1.2816,-0.7424,1.7105,-0.1764,-0.6381,-0.8028,0.327,-0.0399,-0.6801,1.0317,0.2058,0.2347,0.7846,1.215,1.0853,-0.0131,0.1702,1.5943,-1.4141,1.0891,1.0103,-0.6114,-1.61,0.343,-0.3074,0.5758,-2.0196,0.9978,1.6551,-0.9117,-0.9935,1.7527,0.7519,0.1597,1.059,-0.3214,-0.593,1.5955,-0.3627,0.5752,-0.5948,-1.9509,0.9003,1.0092,-0.8725,2.2472,1.7687,-0.6036,-0.1593,0.6404,0.4082,-0.7816,0.2181,0.3079,-2.3962,0.0154,0.1821,-0.9411,-0.2425,0.7989,-0.766,-1.7941,-1.5577,-0.1677,1.3133,1.5433,-1.5087,-0.6935,-0.1725,0.5498,-0.5602,0.42,-1.1619,-1.4169,-0.9561,0.2,0.1894,-0.6553,-0.8036,0.5746,-0.6511,-0.7571,0.9234,-0.4493,-1.7565,0.4657,1.361,-0.1828,0.5418,0.2671,1.732,-1.7999,-0.4707,0.7332,0.2423,0.8793,-0.0542,0.4503,0.4236,0.7477,0.6014,0.2857,0.5605,1.0672,-0.3016,-0.8557,1.2484,-0.8519,0.5137,2.2349,0.4931,0.5734,2.279,-0.4756,0.2223,1.0702,0.738,0.3145,-2.1765,-0.4335,0.4311,0.3052,-0.3677,0.4056,-0.5084,2.0957,0.3023,-0.5497,-0.7931,0.4682,0.6512,0.4433,0.8703,-2.5596,0.1711,1.1602,1.2417,0.2465,-0.6451,-0.602,1.4315,-0.352,-0.4105,-2.617,-1.3188,-0.5903,-0.3285,0.1854,0.3299,0.7744,0.3027,-0.0689,-0.0354,1.1908,0.5542,-1.6922,-0.0804,0.3833,0.5515,-1.5834,-0.1771,0.5322,-0.7042,-0.4362,-0.543,0.7997,-1.0146,-0.9115,0
-1.2216,2.1267,0.6757,0.0654,0.3563,2.4685,0.2381,1.7546,-0.7268,-1.1648,-0.3304,0.2732,0.6157,-0.0794,1.1698,1.1806,1.9419,-0.3508,-1.1592,0.3764,-0.3938,0.2981,-0.7709,0.6572,0.9987,0.7917,0.8596,0.639,-0.0348,-1.7792,-0.7307,0.2961,0.8849,-1.7203,1.8359,0.1034,1.1585,-0.759,1.3452,-0.8456,2.0752,-0.5243,1.4826,-0.1334,0.6536,1.0608,0.7134,0.2573,-0.5203,0.7534,0.6665,-0.8748,-0.1048,-1.2642,0.1749,-0.4783,-1.0008,-1.1906,0.9335,-0.7371,0.3508,-2.2873,0.6402,-0.5715,1.3018,-0.7305,1.219,-0.1512,-0.7168,0.8768,0.7542,-0.5475,0.3862,-1.0946,-0.6914,0.0619,1.4248,-2.0816,-1.6063,-1.8379,-2.0867,0.828,-0.6412,-0.9002,0.4659,0.5597,0.6353,1.6837,-0.7503,-0.2945,-0.628,1.0683,-0.237,-0.5031,0.2291,0.1047,0.8394,0.923,-0.1682,-0.3175,-0.6608,-0.3277,2.2616,0.1694,-0.6401,1.2317,-0.2287,-2.5621,-0.3497,-0.2028,1.2866,1.4902,0.7131,1.3527,-0.5254,-0.78,-0.1248,0.033,0.2423,-0.1338,0.2207,0.469,-0.5635,0.7057,-0.162,-0.3457,-0.0556,1.3662,0.9907,0.6968,0.0404,-1.7055,0.33,-0.9252,-0.1365,-0.1058,-0.1906,-0.2921,-0.5415,1.0566,0.1915,0.1335,0.4788,0.4197,-0.067,-0.6593,0.5162,0.6782,-0.2663,1.2433,-0.9686,0.6792,-2.5852,0.363,0.6753,-1.0667,-0.8636,-0.5301,-1.1978,0.7118,1.7879,-0.6908,0.5142,-0.7786,-2.8194,-0.6674,0.2133,-0.7788,-0.1467,0.7527,-1.0889,0.5247,-0.1864,0.0732,1.2375,0.1606,-1.0005,0.2055,0.0222,-0.0054,-0.7309,0.5423,1.8372,-2.189,0.9453,1.6767,0.9684,0.5389,-0.8613,-0.385,0.9127,-1.1632,0.243,0.9245,0.0886,0.0774,-0.2973,-0.6344,1.9449,1.2417,1
0.9223,-0.1916,-0.0698,1.0275,0.8141,-1.008,0.0464,-0.1129,-1.4,0.1086,0.2482,-0.4677,-0.7464,1.8371,-0.2667,-0.0374,-0.4493,-0.8825,0.9321,0.7401,-0.7588,-0.1432,-0.6494,-0.5983,0.6998,-0.6461,-0.4123,0.2481,-0.2345,0.339,0.7895,0.3565,1.6055,-0.003,0.3545,1.2348,-1.5418,-1.0778,-0.2686,0.413,0.8239,-1.0067,0.2471,-0.3825,-1.0606,-0.3279,0.0166,-0.9843,0.5849,-2.404,0.1124,0.8729,0.2161,-0.5478,-1.4207,-0.4983,-0.4503,-1.6471,0.2802,0.6908,-0.6053,0.1204,0.8317,1.2183,-1.109,0.956,0.2897,0.1214,2.1368,-0.0766,-2.2084,0.7925,-0.2396,-0.0515,-1.0259,0.1413,1.4536,1.064,-0.0454,-0.1553,1.114,0.8598,1.5991,-0.2029,0.3777,0.1597,0.2038,-0.1316,0.5548,1.3262,-0.4049,1.0132,-0.6063,1.4938,0.5209,-0.8345,-1.8889,-0.3171,1.2743,-1.0984,0.1803,-0.3391,-0.0391,0.4373,-0.2983,0.7792,0.5355,-0.5943,1.629,0.069,-0.9711,1.5008,1.5405,0.619,2.321,-0.7692,1.0102,-1.2668,1.6096,0.6691,0.9769,-0.8491,-0.0378,0.0724,-0.0826,0.093,0.8978,1.6359,1.4262,0.8385,-1.0418,-0.0893,-1.4813,0.4554,1.7952,0.7367,0.5944,0.2173,-0.4812,2.0873,1.3093,-0.3745,-0.307,-0.5596,0.9731,-0.2114,-0.4373,2.1546,-0.2866,1.2341,-1.0432,-0.2276,-0.1654,1.074,-0.3656,1.376,-0.4169,-0.2074,1.0357,-1.0409,0.0582,-0.4272,0.0691,0.6519,0.3169,1.2426,0.8617,-0.5129,0.3452,-0.2421,-1.0293,-0.422,0.5396,-1.9291,0.4222,1.2456,0.3789,-0.9736,1.3595,0.2993,1.3884,-0.5057,1.4745,-0.7712,1.1991,-1.4672,0.6927,0.7693,-0.5755,0.9845,-0.1775,-0.4768,0.1124,0.2272,2.08,1.9145,1.2557,-0.6982,-0.2869,-1.3972,1
-1.2319,0.6837,0.1907,-2.1116,0.9859,0.7315,1.0052,0.3873,-1.6465,0.9071,0.6037,1.1154,0.2726,-0.8508,0.7272,0.5884,0.4854,-0.124,-0.2371,-1.922,-1.109,-0.0122,-2.4286,-1.5302,-0.2097,0.787,1.0571,0.392,0.6275,1.4233,2.4494,0.3638,-0.5016,0.1965,-1.2831,-0.1594,0.9115,1.2051,0.9488,0.2647,1.2309,1.4335,0.6509,-0.5636,-0.4178,0.1389,-0.6789,0.7348,2.3733,-0.4616,2.3114,-0.9245,0.1927,0.0411,0.2182,0.5206,-0.9038,-0.2049,2.3738,-0.9944,0.7783,0.1551,0.926,0.3327,-1.1229,-0.7806,1.0424,1.3264,1.0295,-0.0359,0.3244,0.69,-0.8805,0.9332,-1.5309,1.5313,-0.3096,0.9062,0.7198,-1.4425,0.086,-0.626,0.3458,-1.2998,0.9824,1.0894,-0.2547,2.8356,-1.1782,-0.5925,0.0465,-0.1844,-0.6225,1.1947,0.1574,-0.6762,-0.4226,-2.5941,1.8232,-0.9702,0.1504,0.2597,-0.4258,-0.6392,-1.1458,-2.3363,0.8952,0.4922,-0.7214,0.1795,-0.3306,-0.4638,-0.2283,1.1154,0.2777,-1.0873,0.8292,-0.7333,0.6307,0.6053,-3.1081,0.266,-0.7224,-0.1683,1.9034,0.4925,-0.0074,-2.0385,1.6369,-0.0911,1.0375,0.0426,-0.4079,-1.5526,0.4535,-0.9733,1.1759,1.4916,-1.0241,-1.2558,-1.1865,-0.7446,-0.1035,-0.8638,-2.0345,0.1445,-1.4886,-1.1798,-0.1972,-1.3977,0.1835,0.6318,0.5192,0.9026,1.1589,-0.1039,-0.5393,-1.1129,1.0158,-1.5,0.9312,-0.8286,-0.0237,0.3228,-1.6766,0.7534,-0.6665,-0.9581,-0.4642,0.0738,0.8493,1.0581,0.3291,-0.4413,-0.1786,0.0441,-1.0233,-0.4982,-0.1123,-3.4078,-0.2146,-0.7536,1.2702,0.5813,-1.7318,0.3362,-2.2243,1.5291,-0.9664,-0.1435,1.0583,-0.6625,-0.4166,-1.0951,1.198,1.9318,0.0301,-0.6132,0.1294,-0.196,0
0.4316,0.226,0.5384,0.3076,-0.6096,-1.5995,-0.9132,-0.055,0.9683,-0.5378,0.5484,-0.8117,-0.498,-0.1196,1.4382,-0.1901,0.5201,-0.2095,-0.2423,1.3818,0.831,-2.2772,1.0541,0.0706,-1.1443,-0.1354,-0.3162,-0.194,0.9005,-0.8485,0.1591,0.4085,-0.3384,-0.6614,1.0987,0.755,0.9721,-0.0031,1.1681,1.6737,-0.438,-0.4765,1.2863,0.4587,1.2894,0.6244,0.2091,0.1587,-0.1984,0.4451,-0.1149,-0.6597,1.4897,-0.3062,0.6263,-1.2777,-0.2729,-0.5195,-0.7848,0.067,0.8868,0.0748,1.438,0.1767,-0.3528,0.7091,-0.5554,-1.2485,0.5528,-1.2029,-0.5042,-1.4528,0.5166,-1.3173,0.7608,0.0184,-1.1912,-1.3329,-0.3652,0.6101,0.6,2.3953,2.2649,-0.2887,0.0753,-1.3381,-0.7441,-1.3155,0.2436,-0.1064,1.062,0.4214,-0.9902,-0.088,-1.563,0.2181,0.0891,-1.2588,0.4968,0.5286,1.8201,-0.6559,0.4968,0.0676,1.8602,1.2301,0.7268,0.4536,-0.4716,-0.6282,-1.4691,-0.7104,-0.0196,0.076,-0.1939,1.837,0.9526,-1.6436,-0.381,0.8222,0.3483,0.4669,-0.814,0.0383,2.8529,-0.2,-0.4731,-0.33,-0.2964,1.4362,-0.5284,0.9156,0.383,-0.5793,-1.0077,-0.6522,0.7361,-1.0217,3.4818,0.9217,0.8045,1.1491,0.3079,0.9859,0.0484,1.3903,-1.9031,0.1279,-1.3006,-0.7537,1.0183,0.7448,-0.5345,-0.5463,-0.7357,0.0945,-0.2481,-1.3743,-0.3902,0.6535,0.065,0.4069,-0.1488,0.5526,-1.2809,-1.0201,-0.6604,1.1352,0.9837,0.3389,0.6677,0.3716,2.7218,-0.2049,1.8292,0.1827,0.2526,-0.8136,-0.2707,0.7033,-1.1312,-0.3485,-0.0865,-0.5912,0.8165,0.793,-0.1152,0.5984,0.7175,-0.1313,-1.4025,1.871,-1.075,1.0283,2.2469,0.7318,1.7585,-0.335,0.1712,1.538,1
-0.6172,-0.9787,0.0105,0.3196,0.1912,-0.62,0.8209,-0.0429,-1.3963,-0.4179,0.2922,0.5182,1.2849,-0.8757,-1.1564,0.3854,-1.4158,-0.1466,-0.2883,1.0017,0.5334,0.7752,-0.8582,-1.6522,0.3654,0.4171,1.9641,-0.2298,-1.4581,-0.2907,1.066,-0.3022,-0.7795,-0.2604,0.8366,-1.2342,-1.2222,0.6236,1.9253,-0.2158,1.2633,-0.9801,-0.6031,-1.5935,0.5192,-0.6718,0.5973,0.9147,-0.1806,0.9549,-1.1883,1.6871,-0.8379,-0.3418,-0.5526,0.0761,-0.8856,0.8018,0.2456,3.0088,0.5763,0.4687,1.2296,-0.6885,-0.7091,-0.3256,-2.5265,0.4373,-0.9899,1.4353,-1.4416,0.0276,-2.8585,-2.5535,0.7719,0.7027,-0.8552,0.665,0.3591,2.0239,-0.748,-0.1636,0.6024,0.0404,2.4181,1.1755,-0.1919,1.7041,-0.3448,-1.4915,0.8115,0.5741,-0.0866,0.632,-1.5776,-0.6408,0.0365,0.6702,0.4209,0.6474,0.1919,-1.1139,-0.3555,-0.4666,0.4442,1.0221,-0.7786,-0.5391,-0.0804,1.3846,0.4886,-0.6705,0.1518,-1.1645,1.2915,1.2193,0.8949,-0.5601,-0.0469,-0.8102,1.7019,-0.2118,0.3106,0.5572,-0.5248,0.5388,0.6075,-0.4231,-0.2847,-0.5602,0.96,0.9064,0.6276,0.7921,0.7795,0.4633,-0.162,0.8537,0.5959,0.5479,1.0724,-0.5035,-1.6795,0.12,0.6505,0.1771,0.8788,-0.2635,0.5939,-0.1797,-0.1111,-0.4381,1.4572,1.682,-0.5637,-2.4708,-1.5149,0.3944,0.6967,-0.3782,-0.4839,0.2966,0.8844,-0.2249,-0.5387,0.4221,0.5494,0.3092,-1.0892,1.1159,-0.0803,-0.8155,0.1801,-0.8112,0.5415,0.9324,-0.3777,2.6071,-0.2062,0.706,-0.5624,0.4873,-0.8148,0.3168,1.6301,-1.2942,-1.401,-0.7872,0.1396,0.8208,0.2713,0.9775,-0.1514,-0.7562,0.2218,-1.1128,-0.4035,-0.1928,-1.2653,1.1005,0
0.548,-1.6194,0.7976,-0.34,-0.4112,0.0779,-0.3411,1.3645,-0.7964,-1.3105,-0.8258,0.1438,-2.2312,-1.1637,-1.259,-2.2627,-0.3127,-0.4522,0.2966,-0.1662,-1.09,-0.9353,0.8816,-0.9999,0.7495,0.2016,-0.5832,0.0981,-0.8226,1.0875,-1.6505,-0.1812,-0.872,0.3763,-0.5348,-0.5506,0.4124,-0.7782,1.301,-0.2726,-0.0743,-0.2093,-1.9925,-0.3779,-1.7679,0.6511,-2.5102,-1.0584,0.3239,1.6604,0.8126,-0.2355,-0.3974,0.5391,0.3311,-1.561,1.6469,0.8569,0.5812,0.013,-0.4375,0.7804,-0.2554,0.0526,0.6955,0.6848,0.481,0.397,-1.0717,-2.1484,2.4205,-0.1222,-1.3069,0.6399,-0.4861,0.542,0.3115,-1.0815,-0.9571,-1.2071,0.7693,-1.0696,0.0427,0.8025,-0.0695,-0.2445,0.6262,0.1278,-1.7285,0.6618,-1.1292,1.1775,0.6383,-0.4962,0.9354,-1.1668,1.5897,-1.6675,0.2223,0.1238,-1.7538,1.7251,0.2776,-1.4801,-0.0882,0.4584,0.6505,0.7635,-1.5482,-0.1739,1.7752,0.5795,-0.1636,0.3638,-0.7754,-0.2898,0.0054,-0.3408,1.1562,-0.5984,1.0569,0.778,1.2031,-1.32,0.045,0.6211,0.9398,-0.188,-1.5849,1.5548,0.1344,0.4136,1.0441,-0.7174,1.7824,-0.9716,1.0905,-0.4657,-0.1627,-1.2005,-0.2833,0.9873,-0.929,0.3044,0.0418,-1.2992,-0.9544,0.1209,-1.0026,-1.3869,1.5553,-2.0726,-0.159,-0.9447,-0.0384,1.6731,0.0678,0.2303,0.7658,-0.0072,1.4389,0.6503,0.6468,-1.4427,0.8775,-0.8578,-0.6485,-0.4631,1.1952,0.6161,0.745,0.2894,1.2122,-0.0258,0.7874,0.5776,0.4912,0.4364,0.471,0.8182,-0.106,-1.4641,-0.2894,0.1542,0.3497,0.1074,0.6483,-0.5223,-0.2193,0.4697,0.5049,0.2728,0.5449,-0.6983,-0.8939,-1.2733,2.0227,1.1387,-0.5633,0.3588,0
0.5716,-1.1816,0.179,1.0301,-1.071,1.154,0.0877,-0.2416,-1.6748,1.6056,-0.7502,-1.2983,-0.8085,0.5828,-2.5149,1.1782,-2.5657,-0.258,-0.6083,1.6907,0.9773,0.0384,0.6025,-0.5002,1.225,0.2035,0.5902,0.1618,0.8434,0.1735,0.0997,1.8282,-0.0257,1.5541,-0.5568,-0.4818,0.5084,-0.6423,-0.241,-2.652,-0.609,-0.5761,2.1402,0.1954,-0.0995,0.0956,-1.0231,0.2875,0.4589,0.8522,-0.7294,0.4736,-0.4306,0.8586,0.2888,-1.2574,0.8128,-1.6245,-0.0254,0.7554,-0.0536,-1.0079,-0.482,-0.4989,0.8673,0.6103,-1.2332,0.86,0.8274,0.1796,-2.0566,0.8917,0.3921,0.8492,-2.3037,-0.6712,0.1477,-0.8544,2.5432,-1.3202,0.5759,1.2985,1.8074,0.752,0.5871,-0.589,-0.2701,-2.167,-1.0291,-0.2763,-0.1303,0.95,0.5404,-1.0014,1.0342,0.3658,-1.8933,-2.0608,-0.4123,1.1109,0.2366,0.6068,-0.8692,0.0105,-0.7869,0.2415,0.5121,-1.5378,-1.8184,-2.1935,0.045,0.9769,0.1653,0.1607,0.0776,-0.801,0.9417,0.5919,1.3266,1.7362,0.177,-1.0107,0.0399,0.019,-0.8819,-1.3965,0.5028,-0.1676,0.0864,-0.8642,-0.5639,-0.0965,-0.7036,-0.6271,-2.4326,0.9711,0.0318,0.3666,0.1042,-0.7027,1.272,0.5702,0.509,-0.075,0.1695,0.6097,-0.1589,-0.0216,-1.5919,0.461,0.4,0.7274,-1.6843,0.2399,-0.0731,-0.8248,-0.4521,-0.4782,-0.5012,0.7475,0.2035,0.6337,0.6451,-0.3531,-0.358,-0.8912,0.4396,-1.1143,0.7324,0.8956,0.1269,-0.9603,0.423,-0.1816,0.9071,-0.7035,0.4334,-1.1999,0.6593,0.3464,0.7343,-0.5628,0.6424,-0.3281,-0.7048,-0.8808,-0.4975,-0.4648,1.5777,0.0456,0.1047,0.4799,0.6118,-0.4594,-0.1766,1.338,-0.4438,-0.4164,-1.2663,1.0312,0
0.4894,-1.3365,-1.1138,-0.453,1.6798,-1.03,2.4266,0.0365,-0.9186,-1.1383,0.889,-1.4856,-0.2815,0.6334,-1.3592,0.1008,-1.1841,0.9142,-0.8613,0.5466,1.3695,0.6066,-0.0974,-0.0381,-0.8671,-0.0848,1.0002,0.7067,-1.0426,1.3979,-0.9277,-1.1655,0.0409,0.9142,0.3529,-2.1901,0.5237,-0.8285,0.0299,0.6852,1.5075,-0.1761,-0.1269,0.0145,0.7642,-1.4951,-0.7725,-2.0975,1.3444,0.0288,-0.4039,1.0794,-0.5849,-0.064,0.8734,-0.4495,1.0391,1.0205,-0.2201,0.0046,0.5189,-0.5776,-1.3319,0.2419,-0.6016,-0.6519,-0.384,-0.9907,-0.4977,-2.0434,0.9709,-0.1006,-0.7234,-0.7041,0.5199,-0.0807,0.1076,-1.6483,-1.1231,0.5173,0.0933,2.0199,-0.5731,0.5825,-1.4195,-1.6212,-0.5858,-0.8577,-0.8584,0.1874,-0.0995,-0.1272,1.2214,0.2221,-1.4066,0.8501,0.6612,-0.6216,0.7457,0.6446,-0.5856,-0.3363,0.8775,-1.5149,-0.3074,-1.3423,-1.5009,0.3087,2.7077,2.6506,2.2264,-0.1387,-1.6807,1.8543,-0.8556,1.7,-0.1893,-0.0954,0.1947,0.2425,0.386,-1.9836,0.7656,-0.1942,0.4486,-0.0748,-0.4492,0.8219,0.5402,0.5225,0.2626,-0.8785,0.0891,-1.1414,0.8853,-1.6554,-0.6807,-3.2389,-1.2936,-0.1135,-0.5373,-0.573,1.5375,-0.0977,-0.7962,-0.6213,0.5992,-0.4757,-0.6241,0.6041,-0.0556,-0.9686,0.6533,0.2645,0.0343,0.9053,1.4238,0.8229,0.5986,-0.2606,-0.8059,1.607,-0.3472,-0.263,0.7688,0.8868,0.3292,0.6995,0.6717,0.0268,0.2894,1.2121,0.6849,0.6539,-1.3783,0.0259,0.5003,-1.5361,0.7559,-0.0477,0.3002,-0.535,-1.9012,-0.8634,0.4236,-1.3318,0.6166,-0.5448,-0.6664,0.2114,1.0413,0.0689,0.862,-1.4515,1.6355,0.1856,1.3043,0.875,-0.1387,1.6884,0
-0.619,0.5966,2.1428,-1.4222,0.0528,1.7544,2.0695,-1.494,-0.3534,0.0833,-0.4959,-1.0049,0.9186,1.4845,-0.4524,0.7324,1.0035,1.1765,-0.3508,-0.6925,-0.3193,1.7453,-0.0972,-0.7717,-1.1435,0.6282,0.4337,-0.8617,0.5795,-0.6682,-0.4619,-0.1958,-1.6161,-0.67,-1.3481,0.1928,1.234,1.6182,1.1197,1.321,-0.2106,0.9628,1.3284,-1.9868,-0.5534,0.048,2.7936,0.437,-2.2292,-0.7623,1.3066,0.7473,0.6476,0.6716,1.0927,-1.2028,-0.3003,-1.3192,-0.1105,-2.3194,0.7923,0.3182,1.2261,2.9144,0.299,-0.8993,0.2381,1.2166,0.7147,0.2724,-2.1636,0.8639,-0.7859,-1.5504,0.2964,1.0751,-0.6947,-0.6661,-1.197,0.6317,-1.4198,-1.1888,-0.8795,0.3462,1.3748,-0.6927,-0.9552,-0.3478,0.3033,0.8101,0.2703,-1.4179,-1.2521,-0.867,-0.0773,0.4748,1.3655,-0.2942,0.38,1.0522,-1.2679,-0.5833,0.5599,0.0105,-2.9289,-1.4262,-0.2579,-0.1423,-0.9335,0.9974,-0.332,1.4135,-0.4946,-1.4366,-0.4568,0.373,-1.294,2.9277,-1.8825,0.2779,1.9543,0.4163,-0.6645,-2.1331,-0.1399,1.4181,-1.2746,0.6335,1.4714,0.8519,0.9624,-0.0096,0.5794,-0.9736,0.406,-0.1692,-1.549,0.1553,-2.3479,-0.2928,-0.7444,-0.1657,-0.8999,0.9002,0.0202,0.0366,-0.4419,0.5859,1.0322,-0.0159,-0.8108,-0.4284,0.3507,-1.7025,-0.0817,-0.0735,-0.2376,1.3987,-0.1763,-0.5218,-0.3036,-0.2538,-1.6611,2.0495,0.8425,-0.0469,-0.7934,-1.1565,-0.0955,-0.8109,-0.4938,1.1428,-0.3676,-0.0507,1.0642,-0.534,0.0665,-0.3723,1.7376,-1.6749,-0.0692,-0.1123,-1.6503,0.3014,1.4256,1.0891,0.9951,0.0289,-1.5104,0.4231,-1.3133,-0.1021,0.9383,-0.6695,-0.695,-1.3491,-0.8061,-1.2161,0.4815,0.8141,0
-2.938,0.329,-1.6325,1.1894,0.1385,0.5883,0.4494,0.2717,-0.0061,0.9009,0.5967,0.581,1.7266,-1.2762,0.2619,-0.7462,-0.8825,0.0323,1.1113,-1.1744,-0.3068,-1.1417,-1.5846,0.1346,0.4437,1.8985,-0.9464,-0.6427,-0.8388,1.1435,-1.0966,-0.7427,-0.2563,0.2796,0.4717,-0.2185,-0.5588,0.7743,0.3951,-0.7891,1.6856,1.533,-0.0777,-0.9246,1.4231,1.4131,0.1426,-0.635,1.4451,-0.9069,1.3174,-0.434,-0.2981,0.2174,0.4194,-2.6042,0.3274,-0.2947,-0.9812,-0.4073,-1.8606,-0.2219,-0.9173,1.0875,-0.3236,1.0501,-0.4249,-1.0946,2.3619,-0.7104,-1.71,-1.6494,-0.2962,0.8003,-1.5904,1.4965,1.6145,3.9455,1.7041,0.8434,0.4171,2.0374,-0.3772,0.1661,0.8658,-2.2276,-0.8172,-0.0636,-0.6015,0.6914,1.7127,0.7341,-0.0154,0.5913,-0.9286,0.364,-1.8726,1.0161,-0.9765,0.5557,0.0452,1.363,-1.2181,-0.253,0.8312,0.7388,-0.9928,0.6579,1.3278,-0.678,1.0073,-1.3483,-0.4973,2.1712,0.0179,-1.1536,0.8733,0.4868,1.0475,-0.4113,-0.0193,-0.969,0.3475,-0.0503,0.5859,-1.0878,0.8791,0.2969,-0.3759,0.6524,-0.2397,0.7818,-0.6229,-0.3403,-0.4123,-0.7435,0.42,0.7204,-0.8752,2.4501,-0.0899,-1.7846,-1.2987,-1.1848,0.1802,-0.751,-0.4482,0.6124,0.5749,-0.7101,-0.8821,1.1487,-0.3171,-1.8688,1.4285,-0.1676,0.0571,-0.8655,-0.4521,0.1733,-0.2042,1.2422,1.0626,-1.7586,-0.9443,-0.1602,-0.3773,1.0647,1.8143,-1.0901,-0.0924,-1.34,-0.2368,0.9244,1.802,0.7169,0.1174,-0.3917,0.0038,0.0166,0.5966,1.2921,-0.6272,-1.9053,0.5053,0.8566,-0.8782,-0.2604,0.975,-0.4483,0.4102,1.0654,0.9459,-0.5167,2.0349,-0.0571,0.5015,-0.4562,1.4424,1.9557,1
0.3489,2.071,-0.3069,-0.1975,-1.43,1.5348,-0.6682,2.0867,-0.3112,1.5394,1.0584,-1.0187,-0.3707,0.6926,1.0424,1.0338,-0.2301,-1.1296,0.1914,-0.8521,-1.9598,-0.8675,0.4378,-0.3239,-0.8857,-0.1981,-0.0275,1.2977,-0.5242,1.0988,0.6759,-0.545,-0.9213,-0.0555,-0.1209,-0.2067,-1.4623,-0.7896,-0.9167,-0.0285,-0.2747,-0.3938,0.4962,0.2263,-1.3861,0.091,0.3987,1.0802,-0.2906,0.1528,0.8912,-0.9457,-0.8498,-1.102,0.4395,0.919,0.5917,0.0286,-1.5186,1.1355,1.1684,-0.202,-0.6454,-0.1979,-0.7187,0.108,0.0124,0.2254,0.2102,-0.9055,-1.1356,-0.1784,0.1985,-0.5378,-2.4857,-0.153,0.0285,1.1094,0.4522,0.4549,-0.0713,0.0606,-0.6698,0.7581,0.9395,3.0608,-0.6273,3.1941,-0.7218,0.1258,-0.5837,0.6377,0.7001,-0.4765,-1.0484,-0.6498,0.5262,-2.8922,-1.5054,0.1563,1.3301,0.4728,-0.1134,0.4859,0.0924,0.206,-1.271,-1.0894,-0.9312,0.3116,-0.7636,0.2263,-0.6229,-0.8397,0.2376,-0.8724,0.372,0.1407,0.65,0.4389,-0.5078,0.7999,-0.0775,1.5864,-0.2582,-0.3703,-0.443,1.4287,-1.2906,0.1608,2.3579,1.7591,0.1087,0.1806,1.1826,0.6425,1.1968,-0.1676,1.0645,-0.6788,-1.4751,0.1226,0.3655,-0.3056,1.0401,1.2302,-0.2087,0.0061,-1.2993,-0.5661,-1.137,-0.162,-0.6528,-0.4288,1.1464,-0.2078,0.9521,1.5532,-0.5784,0.6567,0.5579,-0.6832,-1.8165,1.7779,2.1856,-0.4618,1.43,-2.3713,1.1092,0.2703,-1.3352,-1.1431,-0.1559,0.9184,0.8844,0.0623,1.1135,-0.3165,-0.6533,0.2177,1.0652,-0.1359,-0.1522,-0.3136,0.252,-1.7615,1.7888,0.3438,0.5048,1.8433,1.2009,1.7324,-0.0766,-0.0262,0.446,-1.4987,-0.9479,-0.2877,-0.9997,0.9124,1
-1.3713,0.4736,-0.7808,-0.4575,1.2445,-0.2964,0.9964,-0.4941,0.329,-0.8305,-1.857,-0.8694,-0.5141,0.0883,0.1489,0.6873,-0.6648,-0.026,-0.4416,0.9242,0.3355,0.9636,-1.2817,0.8497,-0.2996,0.6626,-0.7825,0.4432,-0.2095,-0.7407,-1.1799,1.5596,0.1858,0.4297,-2.4022,-0.7596,0.5161,-0.6772,-0.7477,0.1035,-0.8652,-0.7361,-0.8913,0.2577,-0.709,1.1287,-1.4961,0.4045,0.5747,-1.7007,-0.2217,-0.8518,-0.9294,1.2189,0.3107,-0.7599,-1.0567,0.5113,-0.5407,0.4292,1.0144,0.1204,-0.4558,-1.2599,0.2978,0.7876,-2.7708,-0.0422,0.333,-2.6305,0.2631,-1.3077,0.5024,1.6058,-1.3134,-1.0129,-0.2997,-0.5737,-1.5466,0.0667,-1.1583,0.222,-1.3748,1.0305,-0.1644,-1.5466,-0.7847,0.5735,-0.1923,1.2171,0.5907,-0.6515,1.3171,-0.9685,-0.6159,0.5879,1.3847,-0.4361,-0.6741,0.5981,-0.2627,0.0509,0.7723,-1.0345,-0.5901,0.052,0.9978,-0.0971,-1.1783,-0.1337,-0.1131,-1.5168,0.5053,-2.2541,0.6602,-0.7791,-1.939,0.8971,-0.3672,-1.0608,-0.2061,-0.6359,-1.0923,0.8056,-0.6585,0.4202,0.277,-0.2706,-0.2645,-1.4706,-0.5998,-0.4237,0.8827,0.7327,0.7739,-0.5617,-0.212,0.1021,1.0984,-0.4559,0.7551,2.1237,-1.7266,0.5947,0.7784,-0.8647,-0.0687,-0.8956,0.182,-0.0958,-0.4579,0.2186,0.9506,0.3643,0.3269,0.9959,-1.4086,0.3118,-0.7311,-0.256,0.267,1.2979,-3.0758,0.5952,-1.1727,0.1528,0.9532,-1.4516,-0.5308,0.4305,-0.5099,-1.3294,0.0178,-1.0785,0.2214,0.1997,-0.9468,0.3412,-0.4437,0.6276,-0.3721,-0.3749,0.3476,1.6251,0.2353,1.5357,-0.3683,0.7837,0.8646,0.2907,1.0622,0.2753,0.7873,0.1796,-1.0356,-0.0194,-0.7403,-1.9322,1.1587,-0.3953,0
-0.2836,-0.5106,-1.4874,-0.5973,1.2444,-0.872,0.112,-0.5919,0.2424,0.5145,1.8336,-0.2393,0.8418,-1.3055,0.2773,0.756,1.7197,-0.5657,-0.8744,-1.2407,-1.4222,-0.5948,-1.0648,-0.4271,-1.4531,1.2733,0.4161,1.1504,0.0257,0.138,-1.8047,-0.5853,-1.779,-1.3398,0.1655,-0.2674,0.2403,0.3293,-0.1851,3.1175,-0.4184,1.0303,-0.0616,-0.1079,1.0678,1.1495,-0.6618,-0.2027,0.7778,0.2038,-1.3619,-0.2518,-0.1736,-0.5666,0.597,-1.1559,0.1533,2.0734,0.7179,-1.1545,-0.9285,-0.1721,0.1874,0.5292,0.4999,0.1955,-0.3169,-1.4708,0.4848,1.0587,0.5368,2.0257,1.7479,0.8586,-1.7018,-0.217,1.0447,-0.4418,0.9689,0.4459,0.4021,-0.3135,0.3998,1.9124,0.8619,0.6323,1.3083,-0.3528,0.1421,0.4848,-0.28,0.7136,-1.8055,-1.554,-0.1031,-0.2939,-0.1872,0.576,0.8234,0.7452,0.388,0.3353,-1.4853,-0.7949,0.2462,0.7699,-0.742,0.2067,1.6426,2.1228,0.7383,-0.9683,0.5987,-1.0024,1.3039,0.0316,0.5867,0.0948,0.0926,1.567,-1.0173,0.1149,1.1234,1.3155,0.0132,-0.9063,-0.7618,0.2894,0.1538,-0.1166,1.0543,-0.1376,-1.082,-0.8583,-0.9194,-0.6006,0.1641,-0.7215,-0.6768,-0.0818,-0.9997,2.5397,0.4709,1.5044,-0.9799,0.335,0.3789,1.1122,-0.0341,-1.8865,-0.0339,-0.3344,-0.8528,-1.5458,1.2255,0.399,0.1418,-0.6162,0.0601,1.7402,1.8039,-0.0658,-1.2177,-0.9889,0.2222,0.5791,0.6117,1.4551,0.1409,0.7321,-0.486,0.6789,0.247,1.336,-0.2747,-1.2042,0.8545,-2.5625,-0.0011,0.9433,-1.319,-0.6218,2.7228,-0.3656,0.5473,0.6012,-0.4871,0.0082,0.2302,1.4672,-1.4991,0.5372,-0.5938,1.1,-0.4246,-0.6316,-0.2501,-0.2247,0.9369,-0.1978,0
-0.2986,-0.8857,0.3,-0.4656,0.7152,-0.3462,-0.0605,-0.0481,1.2092,-2.5302,0.6441,0.9014,0.1866,-0.6272,-0.3933,-0.3178,-0.8024,-0.3964,-0.7168,-0.0039,0.3814,-1.0549,-1.9098,0.9598,-0.4443,0.5714,-0.2787,-1.0098,0.3868,-0.6606,-0.4561,-1.9932,-1.9916,1.1894,-0.779,-0.6451,-0.4172,0.287,-2.8692,3.1561,0.2169,1.7345,-2.1103,-0.232,-0.9147,0.4839,0.4553,-0.7525,-0.2156,-0.4604,1.5199,0.7177,1.0939,-0.2822,0.899,1.1641,-0.8878,0.8907,0.2569,1.9348,0.0421,-0.1482,-0.8373,1.0403,-1.1602,-0.2279,-0.9001,-2.1001,0.2857,0.4443,-0.4486,1.1225,-0.6491,1.764,1.0704,-0.6046,-2.5956,-0.2924,0.9202,1.1862,2.1634,0.5953,1.2743,-0.1773,-1.5605,-0.2827,0.613,-0.2154,-1.2621,0.2687,0.5127,-0.247,0.6004,-0.3008,-0.7061,1.1057,0.789,-0.2801,0.1604,1.8068,1.0823,-2.0483,-0.021,-0.5413,-1.8271,-1.8214,-0.3531,-1.2215,-0.9435,0.6658,-0.1093,-0.3126,0.6622,-0.6793,0.0601,1.1034,0.5023,-0.7453,-0.7806,-0.7011,-0.5058,1.7206,1.3395,0.5826,0.6276,1.3143,0.4151,-1.3575,0.7879,-0.8755,0.7069,0.7462,1.4455,-0.3323,-0.8395,0.2741,1.4437,-1.8568,-0.5494,0.6457,0.4393,0.2337,0.0628,0.4098,-0.4912,0.4806,-0.7172,0.1233,-1.4671,-1.0106,-0.0673,-0.3243,-0.8203,0.1425,0.7223,-0.7114,0.9288,0.368,1.3093,0.1622,-0.5137,0.5112,0.3229,-1.1542,-0.6798,0.6954,-1.4895,-1.6271,1.2789,-1.1364,-0.3526,-0.3848,-0.1733,-1.5384,-1.0276,0.7788,-0.1218,-1.0107,-0.0599,-0.0828,0.9232,0.266,-0.0644,-0.6693,0.6284,0.0457,0.707,-0.5233,0.7048,1.4181,-0.0956,-1.2103,0.9894,0.0168,-0.5166,-0.0002,-0.6521,-2.8355,1.9317,1.9296,0
1.4573,0.7987,0.0669,0.8638,-0.0117,0.4952,-0.1047,-1.5583,-0.1357,-3.2045,1.6632,1.0021,0.0735,-1.4046,0.1281,-0.6627,-0.7392,-2.2878,1.1981,-0.1318,0.237,-0.117,0.0131,0.8547,0.8644,-1.7246,0.6029,0.3988,-0.9617,-0.5664,-0.053,0.7165,0.1434,2.2262,-0.8485,0.3805,0.6197,0.6907,1.3303,-1.5715,2.2593,-1.4645,-1.5598,0.1531,-0.3469,1.7933,-1.1553,0.9493,0.3842,0.5654,-1.3483,-0.5792,-1.4581,-1.6699,0.2648,0.7447,-0.3031,-1.5666,-0.6866,1.128,0.1403,0.5604,-0.1305,1.178,0.2753,-0.6383,1.3533,0.7126,1.2429,-0.7762,-0.6593,-0.0479,-0.5246,-0.6789,0.4883,0.154,-0.0077,-0.8051,0.6557,0.7873,-1.4102,-0.5279,0.4482,1.0531,0.3137,2.9142,-1.3902,-0.3236,-1.3254,-0.6309,-1.9147,-0.7414,-0.8728,1.1135,-0.9124,0.6573,-0.0488,-0.3812,-1.9083,-1.0577,0.5934,1.7363,0.8249,2.0733,1.3417,-0.459,1.3344,2.0121,0.7313,-0.8412,0.5048,1.6602,-0.4406,0.664,1.1228,0.9544,0.217,0.3796,0.8651,0.3622,-0.8121,0.9592,-2.2118,-0.7743,1.7026,-0.9614,-0.903,-0.2157,-0.2846,1.6788,-0.4693,-0.1511,0.3353,1.8843,1.1979,1.0077,-0.6195,-0.732,-1.1504,0.7332,-0.6391,-0.205,0.2962,1.9021,1.7137,0.2057,1.0308,-1.784,0.5024,-0.9897,-0.7039,-1.2286,0.7236,1.6248,1.1767,-1.341,-0.6731,0.2327,0.1279,0.1005,-0.2318,-0.8796,1.1486,-0.8798,1.1634,0.3371,0.1026,1.0016,1.576,0.75,-0.7344,-0.0331,-0.1112,-0.5701,0.0493,-0.1968,0.8691,-0.9806,-1.3666,0.2464,0.3821,1.2181,-0.4397,1.2426,0.4386,0.3723,-0.5366,-0.9184,0.5732,-0.908,1.4023,-1.265,-0.9794,0.1017,-0.0739,0.5462,1.0078,2.1513,1.6304,-0.7179,0
-0.3146,-0.5428,0.1716,-1.1704,-1.1602,0.0488,-0.1843,0.3607,0.5554,-1.7735,0.1126,-0.071,0.8072,0.0975,-0.7145,-0.5693,-0.206,-0.0373,-0.327,-0.3336,0.0489,-0.1695,-0.3642,2.2397,0.9088,-0.0656,0.1087,0.2292,-0.8369,-0.563,-1.5028,-0.9069,0.4414,-1.7653,0.1407,-0.192,-0.9184,0.9997,0.1961,-0.3934,0.9908,0.6129,-0.4414,-1.6743,-0.2985,-1.1672,0.4046,1.1312,1.5906,-0.4142,0.8731,-0.5124,0.0454,1.1159,0.111,0.5534,1.1222,-0.2862,0.7248,2.5332,0.1583,-0.0564,0.8156,-0.2189,0.7721,0.614,-0.3801,-0.0717,0.9327,-0.5301,-1.6882,-1.9122,0.2647,-0.8441,-1.3186,-1.5464,-0.2001,-0.0872,0.5305,0.2517,1.815,1.0178,0.005,1.0992,0.3816,-1.2932,0.6371,1.2244,-0.3953,0.3877,-0.0833,0.8192,0.4042,1.5716,-1.326,1.9285,0.0797,-0.1799,-0.6669,0.3866,0.8177,0.618,-0.1122,-1.7677,-0.0804,-0.4792,-0.0435,-1.1025,0.02,-1.1961,-0.2555,0.0528,0.3706,0.6796,-0.1828,-2.9578,-0.2634,-0.8179,-0.6009,0.4687,1.1199,1.7398,0.2743,0.2393,2.1016,-0.6655,0.4156,1.4952,-0.3585,-0.0964,-0.8738,-0.6809,1.3481,1.3436,-0.9831,0.2588,-0.6394,-1.605,0.1995,-0.7771,1.3772,0.3815,0.522,1.4489,-0.5639,1.2932,-2.9481,0.211,1.1142,0.7712,1.765,-1.2558,-0.7878,0.7962,0.0008,-3.1655,-0.8194,0.9158,-1.6281,2.5297,-1.0234,0.4975,0.4114,-0.3223,-0.6253,0.012,-1.677,0.3961,-0.4441,-1.5842,1.2039,0.2015,1.063,-0.4524,-1.955,1.0925,-0.4354,-0.3854,-0.7883,1.8152,-0.139,0.0593,2.8006,0.0349,-0.0212,-0.586,-2.139,-0.0486,1.7684,-0.3601,1.8426,-0.1221,0.0941,-0.7074,0.7242,1.3343,0.5609,0.5456,0.0266,0.446,0
-0.9022,0.7849,0.1105,-0.6242,-1.5947,0.336,0.5468,0.0734,-0.3931,-0.2763,0.6437,-1.1456,-1.0156,0.7966,-0.2661,-0.0556,1.4446,1.0394,-0.5544,-0.3243,0.971,-0.2243,-0.544,1.305,-0.9102,0.8988,-2.1532,-0.3871,0.1069,0.5006,-1.8073,-1.0561,0.6443,-0.1109,-1.1487,-0.0752,1.3194,0.373,-1.2919,1.4065,0.5927,0.5213,0.3659,0.0866,0.2399,0.0144,-0.9752,0.1535,-1.5159,1.3253,2.0538,0.1517,1.028,-0.6573,1.19,0.2021,-2.5557,-1.9693,-0.3877,-1.0064,1.3343,0.1211,0.3007,-2.1031,0.8859,-0.7984,-0.4347,-1.1593,-0.2015,0.6958,-1.6782,0.4786,-0.4247,0.3186,-0.0194,1.0968,0.6386,0.0941,-1.9556,-0.0092,-0.4464,1.5155,2.1384,0.5036,-0.777,-1.7154,-0.0376,-1.1553,-0.2983,-0.0033,-0.4152,-0.31,-1.1601,0.1238,-0.2538,0.6838,1.8881,-0.8143,-2.8579,-0.3293,-0.1299,0.7122,0.0963,-0.1842,-0.4674,1.9336,-0.3206,0.88,1.5179,-0.3045,-0.0213,-0.8704,1.117,0.8841,0.3434,0.1774,1.9367,1.3916,-1.1242,0.0931,0.952,0.588,0.8044,0.5225,0.9446,1.1053,1.2122,-0.3779,1.1825,-0.3468,-0.9007,-1.9803,0.2701,-1.1465,-0.484,0.6268,0.8184,-1.772,0.8516,-0.2957,0.8281,1.202,-0.5324,0.5856,-0.1862,-1.063,-0.2644,0.922,0.8003,0.7703,-0.2947,-1.7548,0.7594,-0.2991,0.0305,0.0637,0.2688,-0.0419,0.3069,-0.1805,-1.0338,-0.4532,1.0745,2.0415,1.1734,-1.3224,-0.9223,-0.6116,-0.3159,-1.1279,0.5959,-0.5459,-0.354,0.9197,-0.2551,-1.4844,0.9274,0.4853,-0.6393,-0.5997,0.1857,-1.9767,1.422,1.8746,-0.8322,-1.7692,-1.6252,0.9289,0.7388,1.3974,-0.4214,0.7883,-0.8454,-1.0054,-1.038,-1.2699,0.2085,0.2917,1.6489,0.4063,0
