x,y
0.0012,0.2987
-0.2741,-0.8906
-0.4547,-0.9916
0.0601,1.3402
-0.4922,-0.6205
0.4898,0.3569
0.1054,-0.9305
-0.0293,0.6953
-1.3442,-0.4576
-1.9012,-1.2895
-1.8417,-0.2351
-1.2674,0.2713
0.1568,-0.1869
-2.5168,-0.5387
-0.0485,0.1133
-1.5301,-0.4778
-0.9785,-0.8088
1.0609,-0.8075
-0.0325,0.8844
-0.5836,-0.1117
0.1105,0.0638
-1.2251,0.0761
1.3588,-1.5471
0.8594,0.1194
-0.6415,2.0004
0.7623,-1.1993
0.0745,0.5767
-0.1888,0.6829
-0.0665,0.6672
1.4385,-0.6757
0.2031,-0.4633
0.1273,-1.1872
-0.5793,-0.1962
0.8988,1.1452
-1.3235,-0.7946
0.6469,-1.9924
-0.4632,-0.0973
1.257,0.6894
-0.3272,-0.3686
-0.2502,1.5235
-0.428,-0.3037
0.3526,-0.1208
-0.1973,-1.1141
-0.0115,-0.4436
1.1661,0.6531
-0.0241,0.6684
-0.3399,1.0521
-0.0054,0.5834
-1.2909,0.3467
-1.6882,-2.0353
-0.3045,-0.8999
0.1641,2.2448
-0.8317,-0.6239
0.2054,0.493
-0.1764,-0.2059
0.7025,0.5199
-1.0337,-0.0792
0.0353,-1.0545
0.2598,-0.858
0.9721,0.1927
0.0893,-0.591
-0.1186,-1.9977
-1.1314,0.3628
-2.1286,0.8466
-1.7461,0.7567
-0.8455,0.779
0.131,-1.5368
1.2491,1.4417
-0.0658,-0.2739
-0.1599,-0.9752
1.0986,-0.5429
-0.0512,-0.7933
-0.6261,-1.2777
1.2571,-0.1541
0.9659,0.0133
-0.6944,-0.3267
-0.5602,0.008
-0.3753,-0.2999
-1.3786,-0.8068
1.6541,-0.6712
-1.0541,0.3373
1.4073,-1.454
-0.2085,-0.6321
-1.761,0.7349
-0.0234,0.0714
-0.7523,0.4548
-0.5393,-0.1429
-1.1083,-1.2161
1.3355,-0.5071
0.2917,-0.0338
-0.4411,-0.508
0.6301,-0.3019
-0.1514,0.0222
1.1765,0.6805
0.3826,-0.5636
-1.382,0.9495
0.9664,-0.1407
0.5419,0.7814
0.8312,0.9214
-0.4556,1.515
-1.2466,0.8617
0.4939,0.8736
1.879,1.4844
-1.1452,-1.6887
0.8169,-1.015
-0.0124,0.8397
-1.6438,-2.11
0.2593,0.0444
-0.2458,0.0385
-0.8605,-1.5135
-0.1667,-0.9717
-1.6435,0.5057
-0.0614,0.4065
-0.9893,-0.6581
-0.999,-0.8866
0.1954,-0.783
0.3561,0.3398
2.0252,-1.3928
0.8879,-0.0895
-0.014,-1.4499
-0.4602,0.7432
-0.0825,0.0811
-0.2907,1.1546
-0.0215,-2.2004
-0.6921,-1.9688
-3.2514,-0.5301
1.3336,0.0471
-1.1725,-0.9407
1.1306,0.1576
0.048,-0.0535
0.0384,0.8054
0.5526,0.2157
-1.0429,0.5111
-0.6842,1.0938
-1.2711,-0.1376
-0.0074,-1.3246
1.722,1.4604
-0.4636,0.7717
0.3787,-2.6136
0.2504,-0.0613
0.0832,-1.0769
-0.2693,-0.1783
1.1881,0.3344
-0.0056,1.529
-0.5552,-0.3894
-1.8168,1.5691
0.9643,0.9168
0.6689,0.1101
0.2155,-0.252
-0.2036,0.0543
1.5118,0.5557
-0.0585,-0.5794
-0.635,1.6027
0.5067,0.0676
-0.3462,-1.1091
-0.0669,0.8737
-0.3925,-0.2272
-0.221,0.1096
-1.593,-0.2354
-0.8544,0.8846
-0.7706,0.577
1.5244,-0.3136
-0.6016,0.1914
-0.002,-0.9936
0.4609,2.0155
-0.2581,-0.2029
-1.0449,0.3191
-1.247,-1.1069
1.2797,-0.9055
1.0814,1.5244
0.2593,0.5534
1.9523,-0.1967
-0.593,-1.3532
0.0417,1.4791
0.9596,-0.9421
-0.8554,-0.5042
0.2923,-0.2053
0.2145,0.2967
-0.2988,-0.0402
0.2066,-0.084
0.5035,1.8709
0.592,0.0558
-1.6861,0.388
-1.9467,-1.409
0.8546,0.7062
-0.1499,-1.71
-0.3713,-0.6787
0.6368,2.2577
0.2169,-0.7793
-1.1706,-0.0561
-0.1768,-1.1515
0.1164,-1.1509
1.1121,1.0627
1.0848,-0.4741
0.5145,-0.1321
-0.3888,-0.3391
-1.2997,-1.4439
0.7943,-0.1912
0.2164,1.0017
-1.7331,-0.7841
0.1753,0.3921
-0.3771,1.0292
0.2104,-1.2134
-0.9308,0.8055
0.4638,-1.8991
1.3477,0.598
1.3433,-0.3837
-0.2957,-1.1265
2.5369,-0.1755
1.5875,-0.6473
0.1638,-1.6714
-0.3829,0.9838
-1.2517,1.0722
0.3372,-1.044
-0.5016,-0.4591
-0.0495,-0.5361
-0.8273,-0.3046
-1.0269,-1.2895
-0.0482,0.8829
-1.5294,0.0035
-0.65,-0.9771
0.8534,-0.5182
1.4983,-0.7798
0.3865,-0.2273
-0.754,0.5877
-0.155,0.6032
-0.0473,-1.0858
-0.1021,0.052
0.9585,-0.9063
-0.0393,-1.7219
0.6515,-1.0815
-1.8064,-0.0592
1.1057,-1.5244
-1.088,-0.7433
-1.1295,0.3794
-0.8074,-0.7215
0.5833,-0.7555
0.4328,-0.9714
-1.2121,-1.8354
1.8612,-0.3203
0.2439,-0.031
0.16,0.0497
1.9082,-1.0389
-1.5575,-1.012
-1.3347,0.747
0.8204,-0.9613
-1.3904,-0.3548
1.3911,-2.8196
0.5266,-1.0758
1.0404,-1.0779
-0.2854,-1.5063
-0.9773,1.3858
0.8206,-0.4017
-0.8702,-1.8938
-0.3937,-0.0309
-0.0841,-0.0938
-1.1218,-0.0663
-0.0387,1.2906
1.8667,-0.137
-0.7663,-0.065
-0.6076,-0.7424
-0.0587,-1.0433
0.6061,-0.1039
0.25,-0.1829
-0.7273,-0.948
-0.2373,-0.5488
0.2339,-0.0044
-1.3623,0.0671
-1.3429,-0.6165
-0.2944,-2.0753
0.0915,0.151
-0.158,-0.4243
-0.3736,-0.9765
-0.2697,-0.5526
0.0917,-1.2041
0.2356,0.1432
-0.1416,-0.4392
0.5523,-1.6646
0.4605,0.243
0.2834,0.3833
-0.6536,-0.2595
0.6371,0.4306
0.2067,-1.5143
0.5379,1.1695
1.0097,0.2339
-1.5577,0.9425
-0.1473,-2.5325
0.3772,-1.4922
-1.2964,-0.635
1.2726,-0.3708
0.271,1.748
1.594,-0.1034
-0.2415,-1.2609
-0.6945,0.4254
0.3957,0.1102
0.9948,-0.7724
-0.0561,0.7312
0.5841,1.0709
0.397,-0.3094
0.3622,-1.0026
-1.6395,0.5807
-0.0551,0.3084
-1.6977,-0.3651
-0.5999,-0.8642
-2.255,-0.3349
0.8973,0.381
-0.6009,-0.0149
0.7568,-2.7604
-0.1245,0.5432
0.6821,1.7007
1.135,0.3126
0.302,0.7869
-0.5393,-0.0402
0.9062,1.9574
-0.1593,-0.0484
0.1985,1.3432
-0.0303,1.4694
-0.9667,-0.186
-0.1982,0.7865
1.0453,-1.5094
-0.9151,0.3369
-0.6587,-1.5224
1.0385,0.494
0.4932,-0.4754
1.0289,-0.24
1.0964,-0.9117
-0.8541,0.2047
-0.7023,0.6755
0.2601,-0.923
0.0729,-0.3513
0.9158,-0.6326
-0.4392,1.2112
2.2386,1.999
0.0632,0.2189
1.5335,-0.1244
-0.9763,0.1169
0.4515,-0.8291
-1.6462,-1.4367
0.6654,-0.7584
-0.1413,0.2126
0.6191,-0.3349
0.4987,-0.8901
-0.3617,-1.0244
1.1318,-0.0271
-0.7393,-0.3524
-0.2217,0.7005
-1.5956,-1.0372
-0.3781,2.5323
0.9557,-0.1115
0.712,2.0574
-0.2337,-0.3664
1.2119,0.4942
0.6713,-0.5082
1.9242,1.7096
0.5659,0.6843
-2.0273,0.6377
-0.1941,0.4339
0.6825,-0.3413
-1.6905,0.3679
-0.7414,-0.3302
-0.6045,-0.3416
-2.3095,1.2169
0.2533,1.1114
1.9798,0.0226
-1.8024,-0.8939
-1.2069,-0.5019
0.0796,-2.0022
0.3425,-1.5104
0.2974,-0.1095
-0.3136,-0.073
-0.5398,-0.6125
-1.6828,-0.0296
1.8455,1.9805
1.3218,0.7058
-0.6765,1.4428
-0.0561,-0.0689
-0.2912,0.092
-0.4352,-0.0838
-1.0846,-0.3737
2.2806,-0.0696
-0.2387,0.5324
0.7081,-1.1138
-0.2072,0.9183
0.2698,0.122
1.554,-0.6778
0.0827,-0.5201
1.4903,-1.9519
-0.6701,-0.5292
0.6635,0.6063
1.3952,-1.574
0.7505,-0.2933
-0.6656,0.5396
-0.9201,-2.0769
-0.3702,-1.4978
-0.6489,0.3716
0.312,1.5869
-0.1997,-1.5333
-0.7561,-0.9194
-1.2178,0.4354
-0.6452,-1.9774
