q01,q02,q03,q04,q05,q06,q07,q08,q09,q10,q11,q12
2.8938,-1.4108,0.3815,3.8159,3.5185,1.4511,-0.8267,-1.8598,-0.1942,0.2336,1.461,0.8724
-1.9254,0.6972,0.1355,1.9344,-1.8999,-1.1553,-0.1098,-1.4048,-0.4327,-1.2457,0.1387,-0.086
0.5116,-0.2345,-0.4672,2.4273,0.445,0.8433,-3.0845,-0.1025,-0.5822,0.2928,3.0419,1.461
-1.3667,0.4306,-1.9078,-3.8095,-2.1473,2.6326,-3.7139,4.6011,0.1158,3.5813,4.0798,0.2168
-2.8104,1.5056,2.0038,2.527,-1.1144,-4.9836,0.2822,-1.9381,0.7391,-2.5957,-1.2587,0.2108
0.1901,-0.3014,0.1904,2.9619,0.4373,0.2631,1.7523,-1.5749,-0.6331,-1.7122,-0.9558,0.2626
1.2864,-0.5285,-0.8212,-1.3718,0.146,2.1456,3.5987,-0.6461,-0.3704,-0.5098,-2.3625,-1.8589
0.6298,-0.863,-0.8106,-1.3973,0.0214,3.6374,2.3268,0.0426,-0.9397,-1.0915,0.5425,-1.0244
-0.621,-0.306,-0.3674,2.3954,0.7179,-0.9729,-2.5434,-0.1428,0.1481,0.5168,2.1037,1.9786
-1.1747,0.4695,-1.333,-2.1945,-1.0883,1.5335,1.7176,0.8365,-0.2938,0.1538,-0.6525,-0.8835
-1.9716,0.7729,0.3666,-3.3193,-1.6723,-1.4306,-0.1514,1.5881,0.5531,0.9515,-1.3284,-0.9028
-0.1948,0.5971,0.1371,1.6922,-1.1594,-0.2477,0.6162,-1.3956,-0.1269,-1.9577,-0.7054,-0.1663
0.9201,-0.2571,-1.9588,-4.3934,0.4707,2.9874,-0.3914,2.3392,0.0663,2.749,1.557,-0.5548
0.69,-0.0183,-0.9323,2.2403,-0.5136,0.7979,-0.6162,-0.8132,-0.6017,-0.8424,1.2207,0.4843
-1.4993,0.7104,0.9103,1.0543,-1.0374,-2.8221,-1.9496,0.4444,0.4785,-0.9942,-0.0926,1.2765
2.0755,-0.0839,0.3009,-0.3232,2.2826,0.866,-1.1353,0.8526,0.379,2.0725,0.3998,0.484
-1.3778,0.2678,-1.4443,-2.3948,-1.5836,0.1372,-2.6952,2.1686,0.0562,1.1493,1.8554,0.397
3.8251,-0.9761,0.5786,5.4342,3.8344,2.3952,2.2337,-3.771,-0.5387,-2.3378,-0.1305,0.9653
-1.3269,0.4643,0.1598,0.0975,-0.8182,-2.3019,-3.2856,1.1495,0.2094,1.6386,2.4371,1.7124
-4.8143,1.9904,1.0442,-1.1491,-4.3615,-5.2551,3.1951,-1.3226,0.4536,-3.9701,-3.7067,-1.52
1.9109,-1.3976,-1.1892,2.77,2.3469,3.4836,-2.8244,0.5775,-0.5875,1.0905,4.4519,2.2439
-2.3119,0.7064,1.1708,0.2699,-1.4134,-3.3763,-0.39,-0.704,-0.0785,-0.8915,-0.4007,0.2203
-1.726,1.9328,1.2871,3.1983,-2.431,-2.7377,3.7334,-3.379,-0.4494,-5.0565,-3.1975,-1.3648
2.8847,-1.0487,-0.2843,1.857,2.4606,1.6422,0.3884,-1.4996,-0.2155,0.0182,-0.0011,0.28
1.0123,-0.341,0.7681,-0.2306,1.1069,-0.4589,-1.4638,0.79,0.6508,1.2745,0.0867,0.3943
2.8543,-0.7577,-0.5351,1.9345,1.9458,2.0179,-0.3817,-0.7415,-0.2308,0.668,1.5322,0.6474
-0.803,-0.5696,-0.5428,-2.3583,-0.8533,0.5345,-2.1604,1.7759,-0.1082,1.8025,1.1435,-0.285
-0.6113,0.6119,1.3421,2.2001,-0.2249,-2.9035,-2.5211,-0.6638,0.5723,-0.3744,0.0475,1.0459
0.7551,0.4357,-1.6095,-1.9763,-0.1739,2.0963,-1.5534,2.0997,-0.6236,2.4174,2.8774,0.5529
-0.1563,-0.2236,1.5509,1.1077,-0.0359,-1.795,4.2815,-3.0317,-0.1122,-2.7804,-3.5645,-1.408
2.6108,-1.7385,-1.9968,-4.0315,1.7898,5.7732,-3.7897,4.0874,-0.4361,3.993,4.3204,0.0148
2.5865,-2.127,-1.224,-3.0991,2.8327,3.7719,-2.1149,3.5796,0.6205,4.2866,1.7799,0.1761
2.5068,-1.0272,-1.7852,-3.2904,2.129,4.2322,-2.3353,2.4699,0.0106,3.7492,2.3061,-0.0412
-0.6734,-0.2321,1.4411,0.3276,0.1695,-1.9152,0.4037,-1.5348,0.6927,-0.7078,-2.0696,-0.4719
0.9402,-0.4522,-1.9829,2.4484,-0.181,3.5321,1.2036,-0.4133,-1.5228,-1.7561,1.6874,-0.055
0.9116,0.0275,1.4121,2.6104,1.558,-2.5838,-1.0353,-1.3715,0.0736,-0.5497,0.1418,1.5415
-1.6622,1.0997,-0.3475,-1.0661,-1.9274,-2.0504,0.4186,0.1817,0.0862,-0.6851,-0.91,-0.2573
0.5202,-0.1402,1.3221,0.9432,0.7507,-1.5022,0.3038,-1.4978,0.3788,0.2929,-0.8655,0.782
1.0841,-0.3392,-0.9213,-1.8134,0.546,2.0393,0.5247,1.4774,-0.1658,0.1671,0.3242,-0.498
0.6697,-0.1027,0.4553,0.313,0.4102,-0.5632,1.264,-1.2928,0.2512,-1.1924,-1.2735,-0.3737
1.4326,-0.352,-0.2268,2.9408,1.5863,-0.4159,0.3203,-1.7071,-0.4552,-1.0864,-0.0576,0.3317
-4.6496,1.8846,-1.1875,-8.3419,-5.2992,-1.2578,0.699,4.1868,0.9744,1.6446,-0.5879,-2.7514
-1.0272,-0.2649,-0.088,-3.7319,-0.6331,-0.6472,1.2683,1.5937,0.6567,1.0105,-1.0367,-0.6365
2.1948,-0.3948,-0.6737,-1.813,1.7816,1.4524,-2.226,2.076,0.3852,3.1076,2.0171,0.1283
-1.1473,0.299,-1.6569,-5.0593,-1.7511,0.685,-2.1375,3.8344,1.1954,2.6417,1.6342,-1.1072
1.6557,-0.3366,0.4885,1.509,1.645,0.6804,0.3959,-0.767,0.0671,0.1686,-0.0941,0.3635
0.3055,0.83,2.1707,5.513,1.1222,-4.0783,-1.2409,-3.3554,0.341,-1.954,-1.0273,2.1512
-1.8394,1.1086,-0.7145,-0.8636,-2.2023,-1.5193,-0.2556,1.4844,0.1883,-0.7627,-0.1134,-0.2717
-1.374,1.0515,0.239,-0.8084,-2.3511,-1.0785,1.266,0.3198,0.2091,-1.4354,-1.4917,-1.1537
0.7573,-1.0043,0.2967,-2.953,1.98,-0.3714,-2.242,1.6524,0.8018,2.4565,0.5297,0.045
1.2269,-0.2455,2.5695,3.9324,2.2671,-4.3536,1.9384,-3.6653,0.4992,-1.972,-2.6098,0.4789
1.0843,-0.6086,-1.8197,-1.7804,0.17,4.3801,1.9417,0.9059,-0.6772,-0.0383,0.845,-0.7627
0.8372,-0.6493,-0.9257,3.4711,0.7924,0.8523,1.3683,-2.0395,-0.7777,-1.9883,1.2369,0.0371
-0.7793,0.2199,-0.807,-1.9387,-0.9978,0.0403,-4.1117,3.3081,0.0682,2.589,3.567,1.0433
1.196,-1.2473,0.3713,0.572,1.3384,0.8068,-0.983,-0.0447,0.183,0.3334,0.6205,0.6375
0.2681,-0.9677,0.8539,-3.4865,1.5083,-0.6285,-2.9507,3.2785,1.3284,4.3189,0.7322,0.184
-0.4816,0.3039,-0.0986,2.6864,-1.1957,-0.6953,1.3683,-1.4968,-0.3373,-2.5509,-0.5496,-0.2627
-0.2953,0.5263,1.1438,1.0601,0.4209,-1.6102,2.0724,-2.0483,0.377,-1.4513,-2.5708,-1.1777
0.0133,0.0781,1.1614,3.3666,1.8879,-2.0763,-0.7704,-1.4746,0.4802,-0.4824,-1.4071,1.1927
-0.094,0.6931,1.4269,-2.1456,-0.6723,-0.5743,3.1947,-0.8268,0.2144,-0.7359,-3.6339,-1.5362
2.6637,-0.9685,-0.6227,-0.112,2.9064,2.4285,-1.2719,0.6274,-0.1762,2.2012,1.3683,0.796
2.0404,-1.0048,0.2242,1.0201,2.1721,0.5946,-0.1175,-0.5454,-0.2954,0.2416,-0.6704,0.9991
1.5278,-0.7525,-0.2784,2.2173,2.5251,2.0719,-1.4763,0.7995,-0.3898,0.6911,2.1107,1.0022
2.6467,-1.2152,0.3989,-2.1124,3.2267,2.3794,0.6539,-0.3896,0.5344,1.8969,-0.3971,0.1245
3.8537,-1.1938,-0.7228,1.0859,4.1613,2.708,-1.3146,-0.0118,-0.5115,1.2495,1.8192,1.6662
0.1309,-0.3377,0.4955,1.2836,0.59,-0.8707,0.2696,-0.2147,0.1436,0.2385,-0.2279,0.4794
5.639,-2.1914,0.29,5.68,5.5397,2.8874,1.053,-3.0478,-1.3304,-0.5606,-0.0308,1.5413
-1.3067,0.625,-1.2023,-2.7082,-2.1112,1.2711,1.3642,1.3264,-0.8545,-0.0806,-0.8148,-1.2213
-2.4265,0.4771,-0.0641,-1.5444,-2.1126,-0.1846,-2.0556,2.0243,0.4487,1.1379,1.2844,0.1324
2.5558,-0.9354,0.0121,-1.1322,1.6541,1.6001,2.4673,-0.7445,-0.0298,0.4627,-1.6985,-0.6671
3.0456,-1.282,1.5706,2.2776,3.2865,0.1226,0.3991,-1.5835,0.3443,0.9835,-0.78,0.7466
-2.1,1.1956,0.4507,-3.27,-2.0601,-2.3878,-1.3871,1.65,0.1385,1.0478,-0.1134,-0.4212
0.7847,-0.1946,-1.1843,2.8331,2.2399,1.2193,0.3061,-0.8216,-0.7102,-0.7587,1.0569,0.9329
3.31,-1.1151,-0.6307,-3.7073,3.5319,0.9726,-1.5755,2.7142,1.4184,4.7243,1.0038,0.7784
-3.482,0.9097,-2.1824,-3.1423,-3.7907,0.6869,-3.0545,3.3734,-0.0917,1.5589,3.4094,-0.5357
-0.3921,-0.3343,-1.2967,0.5485,0.0145,2.0352,-0.2431,-0.8706,-0.2778,-0.5381,1.3604,0.3541
1.3232,-0.6009,-0.6106,-1.3972,1.2813,1.4233,-0.0812,1.0133,0.4338,1.2767,-0.0697,-0.404
-1.2114,0.3955,1.9598,1.8817,-1.3008,-3.6076,2.7605,-2.8305,0.0508,-3.0795,-2.8833,-0.3471
0.981,-0.5525,0.0589,-0.2664,0.3139,1.3455,3.0759,-1.4416,0.1896,-1.4755,-1.9403,-0.8801
0.3278,0.2703,1.5194,2.9231,1.0277,-1.8525,2.759,-3.8846,-0.8376,-2.928,-2.0024,0.6219
-1.062,1.2417,0.7702,-1.5799,-1.3345,-2.656,-2.0499,1.6707,0.8345,0.8682,-0.2063,-0.1028
2.2034,-0.6781,0.7248,0.3774,1.2995,0.3721,2.2675,-0.7362,-0.2049,-0.5386,-1.194,0.2791
-1.0005,-0.3468,-1.7021,-3.0843,-1.3689,1.9804,-2.4971,3.4486,-0.1189,2.2496,2.7905,0.0885
-1.5682,0.5568,-0.0369,-1.2504,-1.8317,-0.7822,0.9471,0.4935,-0.0363,-0.5679,-1.1411,-0.969
0.6159,-0.6188,1.3763,1.3372,1.5813,-1.4574,1.8812,-2.3652,0.4759,-1.3408,-2.4882,0.281
-0.0958,0.3195,0.0996,0.2679,0.8285,-1.0294,-1.5175,1.2889,-0.5249,2.1284,0.4142,1.6556
1.1128,-1.5587,-0.7652,-2.4925,1.0314,1.137,-0.1576,1.1012,0.6286,2.8214,-0.2726,-0.5328
-0.5566,-0.1304,-0.8963,-6.2079,-1.0502,0.9955,-2.1128,4.3366,0.6324,3.3989,1.2152,-0.6162
-0.523,0.679,0.9938,2.3402,0.6641,-2.0649,-1.0118,-1.5421,0.524,-0.3375,-0.309,0.9495
2.3178,-0.4476,-0.1755,3.5972,0.7586,2.3297,2.0556,-2.7482,-0.9902,-1.4704,-0.6774,-0.153
-1.8309,0.1937,0.4924,-0.6074,-2.1398,-2.3568,-0.2526,-0.3798,0.7084,-0.4841,-0.8048,-0.3158
4.1954,-1.3339,0.9218,6.3058,4.5682,1.7689,2.4387,-3.8837,-0.8159,-2.0181,-0.1143,0.7103
-6.6397,3.3186,-0.4288,-4.6154,-6.3438,-2.6899,-0.7723,3.3649,0.2658,-0.2936,-0.7399,-1.5019
0.0013,0.5597,1.9106,1.585,-0.3462,-1.7371,3.9508,-2.7085,0.4403,-3.3895,-3.8718,-0.69
-5.7582,2.1965,0.6684,-3.3624,-5.2051,-4.9648,1.3795,1.1072,0.9313,-1.1827,-2.7078,-1.542
-1.2427,0.3822,-0.534,-1.3043,-1.5882,0.5025,-0.283,0.8582,0.2023,-0.3887,0.2405,-0.0622
-0.9442,0.7348,0.697,0.7506,-0.9091,-0.2808,3.9341,-3.0702,-0.1027,-3.1374,-3.109,-1.5344
1.3588,-0.7962,-0.2105,7.5514,1.2005,1.2245,3.3252,-5.3798,-1.3125,-5.3919,-1.658,0.8769
0.0303,-0.7965,-1.9312,-3.4581,0.7555,3.2792,1.4924,1.261,-0.5553,1.0726,0.1313,-0.8575
-0.3014,0.3159,1.3463,0.1252,-0.4141,-1.6178,0.4714,-0.9364,0.4303,-0.7362,-1.313,0.4823
2.5803,-0.2927,1.3656,7.8513,2.7063,0.6046,0.9254,-3.715,-1.8668,-3.4231,0.3348,2.3673
-0.5003,0.2913,-0.411,-1.8867,-1.1044,0.1958,1.9979,-0.0038,0.1863,-0.26,-1.7309,-0.6564
1.5071,-0.467,-1.1622,-0.3235,1.6508,3.3064,-2.0804,2.0016,-0.1124,2.2443,2.5807,1.2791
-2.4851,1.3113,-0.6082,-1.4259,-2.8339,-0.6746,-2.5052,1.7745,-0.1968,0.59,1.5001,-0.4513
0.8676,0.0368,-1.0981,0.8106,0.7098,2.8041,-2.0716,0.8377,-0.3748,0.562,2.1175,0.9964
-2.2309,0.997,-0.674,-1.1788,-2.9331,0.189,0.2901,0.9485,-0.3534,-0.2718,-0.273,-1.5561
-0.0461,-0.0261,-0.6492,2.0923,0.3157,0.5976,-0.1885,-0.2317,-0.1871,-1.1992,0.5018,0.5555
1.2255,-0.4359,2.0854,4.4377,2.8229,-3.048,2.4026,-4.4889,0.2566,-2.5502,-2.6075,0.9113
-1.9316,-0.0326,-0.3827,-5.6159,-1.3277,-1.3021,-3.3404,3.6499,0.6599,3.5126,1.4638,0.1322
-1.5729,1.15,0.156,2.0366,-1.1021,-1.823,0.0346,-0.5887,-0.0077,-1.88,-0.0328,0.5173
-1.3085,0.6894,0.3115,1.4891,-2.3358,-1.2074,2.5183,-1.9661,-0.0511,-3.246,-1.9986,-1.1265
-2.8906,1.3449,0.4077,0.121,-3.1088,-1.8074,1.1836,-0.0053,0.0332,-1.7389,-0.4258,-0.6345
1.2214,0.0005,-0.2466,0.9206,0.0827,2.2096,4.3908,-2.6866,-1.4003,-2.9224,-1.4983,-1.6902
-2.5056,1.3324,0.6447,1.8027,-2.7118,-1.3683,2.9712,-2.277,-0.9786,-4.12,-2.1238,-1.1008
1.2813,-0.3005,0.7764,2.292,1.7627,0.7069,2.913,-2.7454,-0.2504,-1.6876,-2.2476,-0.4606
-2.0817,0.4661,-1.7664,-4.6406,-1.9695,-0.5062,-3.1439,3.0013,0.2978,2.6572,2.0141,-0.3042
1.7516,-0.8638,-0.594,-3.4442,1.8773,2.8503,0.4683,0.9937,0.3663,1.9375,-0.2179,-0.6199
0.0519,0.031,-0.481,-0.7607,-1.2346,1.2554,-0.5024,1.4568,0.3374,0.6986,1.232,0.1418
4.0349,-2.0094,-0.9599,0.8039,3.3593,3.3761,-1.0177,0.9105,0.2466,2.4403,2.6293,0.838
4.5976,-2.2513,-1.1042,2.3537,4.6298,4.4248,-0.8458,0.0725,-0.1996,1.5625,2.2579,0.5289
-0.7232,0.5138,-0.6932,4.5259,-1.3748,0.3297,-0.0699,-1.9813,-1.1472,-2.9127,0.8556,0.0993
1.0499,-1.1107,-1.0675,-2.3107,1.012,2.6533,-1.1406,1.081,-0.1048,2.5665,1.6224,-0.0224
-1.5393,0.4302,0.769,1.1883,-0.3691,-1.8193,-0.7467,-0.585,0.2814,-0.5925,-0.0691,1.1151
-1.2699,0.0534,-0.5958,-0.553,-1.8545,1.1554,1.8177,-0.2818,-0.4951,-1.3664,-0.2392,-1.4806
2.0119,-0.6842,1.1917,1.4234,1.8962,0.6852,0.8305,-1.1222,0.3385,-0.541,-0.5548,0.5132
-1.0426,1.3005,0.4898,2.4595,-1.249,-1.2748,0.0823,-1.2671,-0.6333,-1.9801,-0.4415,0.1547
2.5007,-1.0545,-0.7549,-1.7422,2.2366,2.407,-1.2407,1.0387,0.0577,2.9655,1.1265,0.5512
-1.3376,0.3091,-0.889,-1.401,-1.1558,-1.2239,-1.4891,1.0245,1.0515,0.9701,0.2736,0.1782
-0.6466,0.5609,0.7089,1.3488,-1.1154,-1.0621,-0.3342,-1.2618,-0.1218,-0.5269,0.3154,0.4077
2.1267,-0.4773,0.9908,-3.2743,2.343,-1.0019,-3.8521,3.1901,1.6711,4.203,1.2758,0.6009
-1.0681,-0.2132,0.3043,-3.2435,-1.4341,0.2662,-0.0048,1.7189,-0.0298,0.978,-0.2503,-0.7174
2.996,-0.7416,1.0552,2.887,2.3475,0.634,1.92,-2.6211,0.2089,-0.3161,-1.6783,0.3625
-2.2565,1.1277,1.6666,-0.3385,-2.0261,-4.1789,1.2527,-0.7383,0.6409,-1.4561,-2.3828,-0.6907
-0.1322,-0.1535,0.7444,2.1835,0.3015,-0.3809,-1.1487,-0.8209,0.1141,0.0724,0.307,1.0883
0.9744,0.6277,0.783,3.1937,1.0063,-1.4092,2.799,-3.1141,-0.1557,-3.2845,-3.0785,-0.5522
-0.2515,-0.1533,0.0918,0.6998,-0.3338,1.1243,1.7545,-0.9716,-0.406,-1.654,-0.5217,-0.3799
4.1908,-1.8771,-0.8487,1.5841,3.3993,4.032,4.4193,-2.7879,-0.6036,-2.1641,-2.1946,-0.9756
-1.6633,0.3343,0.7484,-1.9274,-1.58,-1.0487,-1.3429,1.8539,0.4229,0.6695,-0.4331,0.0039
-0.8953,0.0481,-0.299,-2.219,-1.1061,0.347,-0.0865,0.9692,-0.066,0.6381,0.1247,-0.6618
3.6347,-1.5599,0.0854,3.042,3.096,2.6692,1.8871,-1.4027,-0.661,-0.5731,0.3316,0.2546
3.4082,-1.1126,-0.5879,7.6882,3.8511,1.8095,-1.5085,-3.5351,-1.8699,-1.3589,2.0884,3.181
1.0376,-0.9319,-1.7461,-0.0452,0.4085,4.0513,0.4417,0.9147,-0.4559,0.019,1.8472,-0.411
-0.6734,-0.1528,-0.7385,-2.2001,-0.8041,1.7765,-0.6903,1.6278,-0.3068,1.4308,1.6553,-0.3357
2.1877,-0.8888,-1.1356,0.8931,2.4261,2.3201,-3.322,0.5713,0.3437,1.9097,3.1101,1.007
-2.6052,0.4422,-0.9773,-3.4338,-3.1415,0.2269,-1.8662,3.0571,0.5158,1.5624,2.101,-0.7319
-3.9462,1.0835,-0.2961,-5.9705,-4.6406,-0.549,0.5657,2.8052,0.8879,0.2541,-1.0007,-1.4049
1.2208,-0.674,0.8269,-0.4098,1.2205,-0.5484,-3.7029,1.9964,0.5065,2.7974,2.2801,0.8988
-2.8871,0.399,0.1999,-4.1356,-2.9455,-2.5673,-0.1666,2.1922,1.294,1.7485,-0.8547,-1.4169
-0.9321,0.2497,0.1522,1.3323,-0.843,-0.8164,0.4335,-1.2415,-0.4255,-2.2686,-0.0834,0.1624
-1.1326,0.1316,-2.0417,0.2733,-1.2019,1.7715,-2.6859,2.3573,-0.0255,1.4682,3.7459,1.5807
1.1869,-0.1843,2.4778,1.7263,2.7094,-4.544,-1.2311,-1.5779,1.3496,0.6824,-1.465,1.6475
-1.7294,0.6746,-1.4601,-4.3709,-2.0422,0.1043,-1.2934,3.8569,0.222,2.3223,1.0426,-0.6388
-1.795,0.7403,0.3374,-1.8837,-2.7274,-0.7769,-0.4191,1.3294,0.5787,0.7034,-0.6779,0.2651
-0.839,0.2055,0.2888,-1.1683,-1.51,-0.1101,0.926,0.357,0.3089,0.3883,-0.2227,-0.6734
-3.9722,1.6267,-1.8997,-2.4585,-5.1741,-0.5088,-2.3717,2.8836,0.3932,0.5062,2.5765,-0.4798
0.8502,-0.1757,1.6161,1.0157,1.3594,-2.4195,0.7083,-1.9263,-0.2236,-0.6344,-2.0173,-0.5893
2.5616,-1.632,-1.5699,-2.6388,1.8006,4.3984,0.359,1.4306,-0.112,2.3528,0.8541,-0.1931
-1.8417,0.4218,-0.6523,-4.8514,-1.9684,1.2197,-0.7537,3.5893,0.4482,1.8407,0.8625,-0.8103
-0.5455,-0.2316,-0.0778,3.2199,-1.2339,0.4379,-1.952,-0.3372,-1.3228,-1.5138,2.5902,0.9851
-2.0537,0.9499,0.5395,-1.0298,-2.0584,-1.4313,2.3653,-1.1693,0.0552,-2.1781,-2.088,-1.1202
-2.4436,1.508,0.46,-1.4212,-2.556,-2.3538,-0.0838,0.3909,0.0144,-0.3282,0.3284,0.2207
-1.3309,0.7635,1.4605,4.443,-0.8661,-2.9731,2.6313,-2.8743,-0.5431,-2.5386,-3.3041,-0.066
1.6032,-1.2173,-0.3524,1.945,1.4771,1.1909,-1.6153,-0.1478,-1.1064,0.4457,1.7849,1.5025
-1.7555,0.1542,-1.7099,-1.764,-2.6174,2.0014,0.0101,1.143,-0.4584,-0.4453,0.8696,-1.0767
3.3172,-1.8155,0.3389,-0.2976,3.4174,1.1433,-0.276,-1.4724,0.134,2.1421,-0.0352,0.8815
-2.1384,1.382,-0.153,-1.8899,-1.2508,-2.1657,-2.9534,2.72,0.8506,0.8549,1.772,0.119
2.5449,-0.6518,1.4149,2.2983,3.7332,0.1813,0.1665,-1.957,0.4732,0.0371,-1.4588,0.5312
-1.4768,0.7851,-0.5619,0.3668,-2.3008,0.4234,3.7334,-1.6572,-0.9169,-3.7322,-1.6681,-1.1911
-0.3549,0.541,0.7386,1.4519,0.4426,-0.9198,0.6055,-1.2268,0.156,-1.3808,-2.4638,-1.5108
-1.54,1.0845,2.1844,4.7644,-0.3222,-4.5332,1.7236,-4.0285,-0.2398,-3.9175,-2.2571,0.1083
1.5864,-0.6849,0.1297,1.1911,1.7851,-0.8347,-3.7632,1.2878,0.3734,2.0368,2.633,1.525
-0.2736,0.0493,-1.6297,-2.2799,-0.8101,1.0259,-1.2067,1.9536,-0.1636,1.7835,1.5231,-0.4919
0.0915,-0.0572,0.4214,0.4117,-0.052,0.1314,0.1737,-0.2318,-0.128,-1.2004,-0.0068,0.2009
4.2462,-1.9784,0.9083,3.0257,4.892,1.7544,1.9074,-3.1905,-0.6773,-0.6025,-1.5362,0.9256
-1.9626,0.8394,0.5031,-0.5561,-1.9453,-2.5579,-0.6364,0.6826,0.7324,0.1366,-0.2101,-0.5023
0.2503,0.2205,-0.3926,1.9491,-1.1525,2.0046,5.7771,-1.7712,-0.709,-4.2307,-2.363,-1.906
1.6933,-0.7446,-0.7812,0.8549,1.8927,1.9588,-3.5602,1.0177,-0.2984,2.4962,3.1935,1.4675
0.5589,-0.5369,-1.557,-3.662,0.4887,1.5357,-2.6268,3.4213,0.457,3.4802,2.9084,-0.4863
2.9122,-0.9803,0.3543,3.9394,2.6694,1.9721,-0.8814,-1.3145,-1.1449,0.2069,1.9035,1.7746
1.0893,-0.9691,-0.8002,4.5768,2.1333,1.0557,-0.2967,-2.4474,-0.5076,-1.7974,1.4777,1.2308
-0.7871,0.4356,-1.3733,-2.7254,-2.5447,1.9299,2.4247,0.505,-0.1941,-1.2524,-1.4183,-1.8469
-0.2384,0.0072,0.024,1.902,-0.0013,-0.3267,-0.4775,-1.2874,-0.1757,-0.5013,0.2945,0.1616
1.5799,-0.7674,0.4444,1.2333,2.0214,1.0513,-1.0538,-1.4478,0.1708,0.4908,0.7282,0.8964
-0.0354,0.2566,0.9749,1.6018,0.5282,-2.269,-2.4963,-0.1462,0.4068,-0.0772,0.8838,1.3629
1.7249,-0.9128,0.7508,1.6882,1.2443,2.0056,2.623,-2.8573,-0.1133,-2.3413,-1.3866,-0.8787
-0.7432,0.8218,1.1881,1.1449,-1.0776,-2.0982,-2.3127,0.0383,0.5766,0.277,0.2457,0.7151
-4.1369,1.1057,0.5895,-6.1132,-3.9303,-3.4588,-0.9337,1.902,1.259,1.2442,-0.5127,-1.6735
-5.0054,2.191,-2.0648,-6.0908,-6.0829,-0.7603,-0.0446,3.409,0.3362,-0.1367,0.058,-2.341
-0.2077,0.3467,0.8137,0.0501,0.5524,-1.2382,-0.5114,0.1397,1.0353,0.4932,-0.6419,0.2143
-0.4288,0.6807,-0.5069,-0.483,-0.7439,0.5012,-0.268,1.526,0.3882,0.5828,0.1806,-0.6349
3.1832,-1.2429,-0.8157,1.5503,2.5121,3.7344,0.3712,-0.1745,-0.554,0.7974,1.9151,0.4106
1.5656,-0.9964,-1.7261,1.0198,0.9433,3.7705,4.1225,-1.5318,-0.8017,-1.8846,-0.0968,-0.8808
-2.4225,1.2788,-0.109,-1.9044,-2.8975,-0.4811,-2.2494,2.1517,-0.0755,0.7537,2.514,0.1773
3.8552,-1.3744,-0.0409,2.5656,3.9433,2.0488,0.1381,-0.3398,-0.1423,0.7362,1.5901,0.6739
2.6376,-1.4753,-1.5446,0.2718,2.4586,4.4063,-0.561,0.4173,-0.2432,1.7305,2.7286,0.6618
4.7683,-2.5272,-1.9685,0.3955,4.1382,5.9493,-1.0987,0.77,-0.5153,2.367,2.9051,0.9073
-3.2564,1.5402,0.0162,-3.4596,-3.8272,-1.2433,1.8575,0.9466,0.5977,-1.1456,-1.5299,-1.2777
0.0185,-0.0737,0.6973,2.1922,0.5094,-1.7833,0.5881,-1.5908,0.1147,-1.2464,-1.5538,0.2854
-2.3957,0.7013,-1.2563,0.9257,-2.9799,0.8894,-0.7228,0.0703,-0.9891,-1.6209,2.4723,0.1255
0.263,-0.0195,1.6147,3.9657,1.5101,-2.8568,1.5715,-2.3022,0.5528,-1.6152,-2.2189,0.8095
-1.5538,-0.0251,0.2995,-2.8811,-2.1386,-0.7255,1.3734,0.4963,0.2553,0.2851,-1.954,-0.6843
-3.4619,1.8403,-0.7256,-4.0313,-3.6678,-1.149,-1.9125,3.5992,0.1521,1.686,1.7013,-0.1775
0.1864,0.2803,-0.3662,0.3914,-0.355,0.6802,1.0714,-0.5057,-0.5431,-1.0888,-0.644,-0.703
-0.4111,0.2283,-1.5959,-2.5828,-0.934,2.2147,-4.0619,3.3244,0.1179,2.2042,2.9821,1.0319
-3.1187,1.4816,-0.8663,-4.3429,-4.2711,0.7322,1.0597,2.351,0.1542,0.0036,-0.0477,-1.9645
2.0238,-1.32,-1.1205,1.096,1.9839,2.2691,-3.7201,1.2086,-0.028,2.5213,3.5466,1.4877
-0.96,0.1649,0.6866,-1.0927,-0.9376,-2.0797,0.3266,0.5231,0.3089,-0.2705,-0.4286,-0.1893
-0.3059,-0.7181,-0.9908,-2.4529,0.5056,0.9117,1.0036,1.1531,0.2881,1.2534,-0.208,-0.9727
-0.926,0.5223,0.3045,-1.4803,-0.5115,-2.4756,0.8235,-0.4384,0.4562,-0.4098,-1.6927,-0.7828
0.0579,0.2854,-0.6496,-1.4711,-0.0402,1.0621,0.4892,0.5513,0.3543,0.0352,0.2968,-0.5805
4.5502,-2.3722,-0.6644,3.6346,4.1638,4.9816,1.6293,-2.6937,-1.0913,0.0329,0.8625,0.1387
-1.8581,0.4637,0.6967,-7.47,-1.7309,-2.4381,-2.3084,3.7764,0.7619,3.9067,-0.4899,-0.5783
-0.8826,0.0264,0.1846,-1.6642,-0.5428,-1.752,-0.2584,0.7343,0.5933,0.6984,-0.1788,-0.2529
1.8297,-0.6765,-1.4734,-1.4434,1.3722,3.9487,-0.2647,1.6987,-0.7015,1.7154,1.4439,-0.2385
-1.7199,1.4136,1.7587,0.5438,-1.4575,-3.4853,1.7842,-1.5876,0.4846,-1.5555,-3.4473,-1.1392
-1.1436,0.5451,-0.0174,1.3119,-0.5917,-0.6596,0.8329,-0.5907,-0.267,-0.8692,0.6215,-0.1612
0.6513,-0.0016,0.8244,-0.0695,0.3479,-0.418,0.4127,-0.6561,0.3333,0.1585,-0.1497,-0.1524
-0.2452,0.2576,-1.5095,-0.3423,-0.4,1.9584,-1.6902,1.4677,-0.083,0.4932,2.0648,0.577
-5.123,2.2782,0.7603,0.9654,-4.5004,-3.9429,1.517,-1.0682,0.3264,-3.2949,-2.2595,-0.3584
2.1822,-0.7434,1.0037,1.7278,2.181,0.4032,2.0443,-2.0916,-0.4104,-0.1792,-2.0075,-0.3027
-0.4156,0.1259,-0.3243,1.8564,-0.3134,-0.0331,1.8284,-1.3861,-0.2089,-1.6596,-0.954,0.151
1.1822,-0.965,0.3895,2.8619,1.8334,-0.5234,0.3881,-1.028,-0.3006,-0.3132,-0.0071,0.4272
-2.1127,1.2905,0.4194,-0.154,-3.3562,-2.1017,2.3538,-1.6818,-0.4769,-2.4765,-2.8564,-1.9942
-4.0641,1.3236,-1.349,-0.8695,-4.1343,-1.6089,-0.2298,1.3205,-0.1758,-1.4254,0.6367,-0.479
-0.813,0.6823,-0.8168,0.6689,-1.7182,1.3091,0.7343,0.0779,-0.205,-1.585,0.3596,0.1583
4.3221,-1.2725,-1.5486,1.2419,4.3071,4.6296,-3.3924,0.5417,-0.51,2.7758,4.3684,2.0818
-3.872,1.7883,2.0138,1.2564,-3.3868,-5.4855,2.2965,-1.1112,0.5908,-2.8347,-2.9225,-0.5576
-2.5301,1.7059,0.8192,0.3332,-1.2165,-3.2345,-0.5894,-0.121,0.5128,-0.5399,-0.5117,-0.4293
0.9743,-0.7964,-1.3969,-3.0624,0.6173,3.4242,-3.4793,3.4563,0.2506,3.5266,3.8544,0.332
-1.1489,0.5571,-0.1354,-1.6315,-2.433,0.1423,1.7525,0.2848,-0.0919,-0.1148,-0.8123,-0.9847
0.7288,-1.2261,0.6615,0.2542,1.2968,-0.5644,-1.6178,-0.5087,0.612,0.656,1.2199,0.1269
-1.6854,1.1094,1.7508,2.3983,-0.985,-4.6906,0.9357,-2.1348,0.4799,-1.283,-1.458,-0.6111
0.6561,-0.6273,-0.2433,2.3065,1.2597,0.1587,-1.683,-0.2732,-0.707,0.1245,1.153,1.2468
-4.3413,1.7259,0.8188,-1.601,-4.1154,-5.0874,-1.9537,1.516,0.9132,-0.8521,-0.1104,-0.3276
-1.6926,0.7022,-1.2808,-5.1704,-1.1973,0.0599,-1.8269,3.3973,0.3591,2.8991,1.3918,0.304
-0.2692,-0.2553,-1.5271,-5.153,-0.8078,2.3154,-3.6259,5.0317,0.4694,3.8932,2.8584,0.1326
-2.9854,0.813,0.933,1.5822,-2.9686,-3.4224,0.2614,-1.3714,-0.2966,-2.9193,-0.6131,-0.4756
-2.0251,0.9611,0.0539,-1.9018,-2.8788,-0.8477,-0.4619,0.8591,0.4867,0.2241,0.367,-0.6341
1.6003,-0.6954,-0.4933,-1.7366,1.1396,2.6984,-0.4203,0.9542,-0.3388,2.3926,0.9581,-0.6302
0.1152,0.1539,-0.4801,1.5105,0.2509,0.0486,-0.4449,-1.4226,-0.4233,-0.4713,0.5465,-0.1942
-0.9836,0.5011,-0.1727,-5.5878,-0.923,-0.4264,-1.6336,2.5548,1.189,3.6904,-0.2249,-0.2384
3.2348,-0.665,-0.4105,5.4387,2.3236,3.2361,2.4263,-3.169,-1.6679,-2.3454,0.0795,0.8936
3.4317,-1.2439,1.4565,7.5877,5.4168,0.4415,-0.1204,-4.2417,-0.8424,-1.126,0.9721,2.2733
-2.0125,0.7569,0.6711,-2.2328,-2.5848,-2.3384,2.2932,-0.0364,0.7069,-1.133,-2.3082,-0.7658
-0.4659,0.1982,0.2273,1.1757,-0.2285,0.6925,-0.1477,-0.2296,-0.1097,-0.6719,1.0517,0.663
1.6407,-0.4026,0.1747,-2.9606,1.9625,0.3906,-0.4269,0.771,0.6648,1.7933,-0.3718,-0.0021
0.2646,-0.7606,0.7271,2.0017,1.026,-2.0549,-4.3974,0.8697,-0.119,1.5826,2.904,2.0408
1.6603,-0.2339,2.2463,4.2634,1.6225,-1.0278,5.7149,-5.3613,-1.2509,-4.6664,-4.4815,-0.4065
0.643,0.0227,-0.7996,1.1325,0.8738,1.5754,-0.3793,-0.1165,-0.0326,0.5832,1.449,0.4968
1.9378,-0.077,0.9576,1.4815,1.5646,1.9111,5.1748,-3.4368,-0.3263,-2.5066,-3.399,-1.4914
-1.7464,0.4376,-0.2388,-3.2342,-2.096,-0.6378,1.6147,0.6436,0.4225,-0.5263,-1.4022,-1.177
1.5736,-0.7752,0.0194,4.1791,1.5509,0.7568,-0.8231,-1.631,-0.3928,-1.0189,1.306,1.1448
2.0623,-0.7627,-0.3628,-0.6202,2.2011,2.4189,-4.3392,3.3875,0.3844,3.5691,4.3294,1.3831
-1.1034,0.3482,-0.082,-0.6135,-0.9667,0.0953,1.7653,-0.7072,0.6649,-1.1426,-1.5357,-0.8622
1.8086,-1.4474,-0.112,1.3343,1.0793,1.8505,-1.3067,-0.0097,0.0654,0.3513,1.3389,0.2258
-2.1934,1.5302,0.5503,-1.1547,-1.5983,-1.6894,0.671,0.6673,-0.141,-0.9323,-1.212,-0.4091
-0.6779,0.3345,-1.9151,4.7885,-0.2205,3.2803,-2.1675,-0.4673,-1.4431,-0.9685,4.261,1.3989
-2.8403,1.0402,1.5752,2.467,-2.1757,-4.4934,2.5064,-2.7132,-0.2247,-3.6486,-3.1107,-0.9238
-4.3024,1.4513,1.1946,-2.4133,-3.9452,-4.6125,3.2489,-0.891,0.3072,-2.9766,-4.7958,-1.4973
2.0624,-1.087,0.114,2.6746,1.5537,1.6094,2.3138,-2.1253,-0.6563,-1.8136,-1.266,0.0286
3.4551,-0.8981,-0.2062,1.6149,4.0369,3.1241,-0.6221,-0.7813,-0.6906,0.9642,1.8067,0.783
-2.1829,0.9505,-0.0394,-4.4595,-2.5739,-2.0321,1.8164,0.7325,0.728,0.0674,-2.4529,-1.2471
-0.073,0.1665,-1.517,-0.927,-0.5785,2.6031,-3.7887,3.022,-0.3283,2.4505,4.7163,1.6548
-1.4621,0.4663,0.7943,0.6876,-0.4604,-2.5808,0.989,-1.1494,0.7098,-1.121,-2.1565,-0.3506
0.8974,-0.4584,0.8412,-1.2135,2.1107,-0.4818,0.468,-0.3278,1.0486,0.8529,-1.0803,0.3555
0.967,-0.38,0.9791,3.1813,1.7536,-1.2896,2.5955,-2.8964,0.3669,-1.5509,-1.8278,-0.0922
-1.2768,0.616,1.4408,-2.622,-1.1639,-2.7259,-0.2938,0.8188,1.032,1.0814,-1.0627,-0.7408
3.0032,-1.9004,-0.6069,-0.6683,3.5015,3.3533,-1.1268,0.8085,0.665,2.8024,2.3579,0.7584
-2.7146,-0.0109,-2.0614,-5.6703,-3.3862,0.7189,-1.7352,3.4437,-0.0716,1.7946,0.7934,-0.8354
-0.4191,0.0027,-0.9278,-0.0321,-0.3076,0.9135,-3.4711,2.1066,-0.1764,1.3793,3.2552,1.0094
1.7344,-0.6942,0.28,1.4424,2.2071,-0.8284,-1.1112,-0.5857,0.922,1.2687,-0.0698,0.8984
-0.6835,-0.3348,-2.0104,-2.7289,-0.8527,2.7081,-1.6659,3.3728,-0.4085,1.9413,3.1692,0.5079
-0.1426,-0.243,-0.3069,1.9373,-0.6786,0.8125,1.9131,-1.6386,-0.47,-2.5023,0.4687,-0.9696
-2.4124,1.4586,1.5105,-0.2132,-2.0273,-3.139,3.8312,-2.0497,0.6372,-1.9203,-3.9443,-0.9835
-2.9708,1.1212,1.3013,-3.7471,-2.5321,-5.1641,0.6048,0.1772,1.8445,-0.1714,-2.6725,-0.8455
-7.4152,2.8468,-0.9822,-8.5423,-7.7757,-2.5975,1.5316,3.7785,0.2437,-0.9876,-2.0829,-2.972
4.5017,-2.2135,0.3923,6.7565,4.3044,3.2885,-0.1408,-3.2515,-1.2,-1.5634,1.5529,1.2465
2.3729,-0.1277,1.6095,3.2551,3.0085,-1.3002,1.3453,-2.8174,0.0936,-1.2415,-2.0295,0.345
2.5487,-1.7228,-0.2536,0.3421,2.0673,1.7654,0.1378,-0.6505,0.0455,0.6061,0.9948,0.9458
1.8908,-0.7187,-0.9596,1.1528,1.8951,1.1437,-5.1967,1.4571,0.028,2.5219,3.6759,1.6607
-0.6148,0.5156,-2.1003,-0.2187,-0.9633,1.0785,-2.2345,1.3492,0.152,0.3904,2.5195,-0.2003
2.9362,-1.3188,0.5244,3.7621,3.4001,1.1152,-0.7353,-1.1079,-0.5903,0.029,1.8744,0.5897
1.7319,-0.6268,-0.605,-0.9742,1.2722,1.6715,-1.5652,1.5802,-0.2321,1.4957,1.5158,0.4112
2.7506,-1.1222,0.3282,4.2164,2.6625,1.6598,3.7077,-3.7471,-0.7559,-3.0643,-2.6093,-0.2895
7.5111,-3.8203,-0.1732,1.1761,7.9356,5.9321,-2.3256,0.7669,0.0962,4.5899,3.1153,2.3117
-2.6126,0.9624,-0.4079,-3.5931,-2.9568,-0.9727,-1.0236,2.2908,0.2085,1.539,1.1221,0.0231
-5.1115,2.7617,1.2558,-2.1157,-4.9427,-5.6326,3.3271,-0.5838,1.1653,-3.5591,-4.4476,-2.0771
-0.2689,0.7524,-0.0276,-2.4154,-1.0198,-0.1652,-0.5327,1.1542,0.9444,0.928,-0.1594,-0.4452
0.9731,0.2739,0.6988,2.6283,1.33,0.2176,0.7464,-2.3151,-0.3454,-2.1823,-1.0415,0.435
-2.9956,1.8557,-0.4814,-3.7327,-3.9948,-0.8133,2.2476,1.4589,0.5255,-1.0728,-1.0985,-2.2461
-1.1864,0.7524,0.2293,0.9265,-1.1573,0.4218,2.3439,-1.5606,-0.1982,-2.4458,-1.1799,-0.6487
1.3509,-0.418,0.6578,-0.8618,2.356,-0.7448,-0.4546,0.744,0.8833,1.5386,-1.0161,-0.0232
-0.1395,-0.0396,0.2976,-1.5127,0.5529,-1.5797,-1.0348,1.3751,0.5435,1.6346,-0.0306,0.4059
0.2996,-0.0332,-0.0436,1.2328,0.8054,-0.2172,-2.4572,0.3474,-0.8939,0.6243,1.6468,0.866
-1.469,0.7726,2.2418,-1.0885,-1.192,-4.9021,-0.0201,-0.4774,1.2697,0.6522,-1.6433,-0.1587
2.2057,-0.6594,1.6064,1.564,2.3884,-0.6773,0.199,-1.8237,-0.5056,0.1292,-0.3662,0.6152
-2.3704,2.0761,1.8042,1.5127,-1.9347,-4.2441,3.9399,-2.9929,-0.3809,-3.7003,-4.8908,-1.1973
-2.3028,0.6746,0.1243,-3.7222,-1.7804,-2.9201,0.1876,0.8733,1.5117,1.1551,-1.5227,-0.9119
1.8995,-0.5741,0.877,1.9529,1.7352,0.8402,1.8982,-2.6705,-0.9082,-1.5839,-1.4033,0.0317
-3.2159,1.0517,0.3698,-2.3859,-3.402,-0.8165,3.4268,0.0589,0.1466,-2.6265,-3.4631,-1.8106
0.5765,0.4139,1.0736,3.7079,1.4176,-0.5921,-0.8812,-1.9135,-0.0977,-1.6867,0.2399,0.8503
1.7605,-0.862,0.5564,3.392,2.1115,0.9131,4.3784,-3.9031,-0.2549,-2.5025,-2.4559,-0.6175
0.281,-0.6736,-0.4644,-4.7113,1.2405,-0.5486,-3.4986,4.1342,1.0998,4.3997,1.5963,1.0533
-1.2672,0.3266,-0.475,-2.7625,-1.7706,0.8426,2.4292,0.5648,-0.8941,-1.2972,-0.808,-1.679
0.8429,-0.7934,-1.1038,-1.0018,0.0007,1.1579,-2.5806,1.6304,0.0979,2.4859,2.1431,0.0142
0.4703,-0.1519,-0.2556,2.2403,0.2757,1.163,1.996,-2.1284,-0.6431,-1.9837,0.0182,-0.3119
-3.7161,1.7278,0.8494,1.0395,-3.2584,-4.2532,-0.385,-0.5779,0.2664,-1.6128,-1.6546,0.4148
2.0717,-0.1669,-0.5834,0.9979,1.1067,2.5162,1.2153,-0.2836,-0.5903,-0.3064,0.3211,-0.6142
-1.2106,0.5097,-0.6723,-1.5661,-0.8989,-1.2467,0.8049,-0.3546,0.4982,-0.9103,-1.4637,-0.507
1.5172,-0.8562,1.0737,-0.0626,1.7152,0.1378,-2.556,0.9311,0.3937,2.3585,1.0813,1.0415
-2.6737,0.2559,0.242,-4.674,-2.6337,-1.2177,-2.3718,3.0174,0.7918,3.0835,0.6441,-1.1305
0.8382,-0.5499,-1.7927,-3.0617,-0.1316,2.7997,-0.1709,1.6057,-0.5912,1.1122,1.3395,-0.9952
-1.6902,-0.3894,-0.083,-0.6093,-0.5763,-0.8353,-3.621,1.3168,0.3616,0.868,0.9757,0.0952
-2.8319,0.5302,0.0696,-7.7052,-2.5617,-1.1334,0.1248,3.6654,1.7411,2.6616,-1.4722,-1.9003
-2.1797,1.6912,-0.6898,-0.6621,-2.2672,-1.2722,-0.4151,1.2782,-0.5719,-0.6024,0.48,-0.1032
-1.5932,0.3924,-0.3389,-6.1871,-1.2051,-0.9789,-1.7109,3.0841,1.7214,3.167,0.3301,-1.0842
3.0955,-1.3487,0.8876,4.3457,3.1583,0.6469,2.2601,-3.0334,-0.6539,-1.6302,-1.4415,0.1738
0.8166,-0.2286,-0.874,2.2801,0.8659,0.6305,-2.7835,0.5681,-0.3176,0.9213,2.9221,0.8557
-2.7849,1.0093,-1.7343,-6.7549,-3.451,1.7835,-1.0288,4.431,0.5745,2.292,1.3033,-1.8542
-4.3198,2.0863,0.7685,-4.7659,-3.778,-3.7861,-0.8675,1.6994,1.5575,1.0394,-1.5707,-0.3625
2.5567,-0.9923,-0.3341,-2.123,2.8147,0.2329,-1.8197,1.954,0.5394,3.8385,1.2764,1.19
-0.6503,0.0373,-0.9221,-4.7009,-1.5993,1.3926,1.2902,2.1351,0.7025,0.112,0.0731,-1.6345
0.4702,-0.3404,2.1861,1.3638,0.9928,-3.3879,2.2432,-2.4055,1.0081,-1.3276,-2.9152,0.6292
-2.8764,1.5947,-0.5543,-3.0909,-2.9372,-1.1799,-0.3106,1.6403,0.5341,0.4622,-0.2588,-0.5526
-2.481,1.1728,0.045,-1.2753,-1.3722,-1.8008,0.2473,0.6232,1.0085,-0.5932,-1.2517,-1.3818
-1.5896,1.1018,1.1905,1.7253,-1.6252,-2.8671,1.0926,-1.6877,0.3522,-1.5113,-1.4693,-0.3909
-0.8465,-0.0387,-1.4899,-3.2869,-1.0965,1.3979,-1.3399,2.9209,-0.6898,1.9078,2.3317,0.1326
-1.0577,0.0644,-2.423,-4.2468,-1.182,1.6759,-1.9203,3.8202,0.2693,2.8879,2.6524,0.4562
1.7208,-1.1165,-1.9717,1.7893,0.4167,4.5336,-0.4018,0.2394,-1.6036,-0.3325,2.6624,0.6469
2.7442,-1.0171,0.4858,2.8692,2.4351,0.3589,-1.1255,-1.6891,-0.6158,0.5318,0.4157,1.3226
0.3357,0.3101,0.949,1.8959,0.6219,-0.5752,1.2409,-1.517,-0.1581,-1.48,-1.0266,0.2282
-1.1733,0.3576,-0.6242,-1.6506,-0.4991,0.6298,-2.0455,2.0291,0.662,1.5554,1.7643,0.5587
0.0043,0.0744,-0.1307,-0.7092,-0.2236,0.9483,0.485,1.0277,-0.4675,0.2875,0.0128,-0.4565
-1.9496,1.7898,0.0594,-1.2468,-2.5113,-0.4294,0.6908,0.7565,0.9039,-0.6972,-0.0018,-0.7835
-1.2917,0.1887,-0.8597,-3.5714,-1.3159,0.7978,-1.4901,2.8263,0.2182,1.9266,1.9121,-0.1324
1.5025,-0.6004,0.4247,0.3805,0.8961,1.5312,1.1087,-0.6942,-0.165,-0.1284,-0.4768,0.152
-2.7877,0.703,2.266,0.6306,-1.326,-4.6348,3.3174,-2.7949,0.8375,-3.39,-4.7283,-0.5702
1.313,-0.5985,-1.4305,0.1508,-0.3049,2.6234,0.0393,0.7437,-1.3976,0.0592,0.6697,-0.1407
0.212,-0.0385,0.358,1.0004,-0.2033,1.4061,-0.6081,-0.2834,-0.6151,-0.0482,0.6218,0.1665
1.2094,-0.9729,-0.8932,2.5181,1.0787,2.6269,-0.9311,0.1134,-1.189,-0.1073,2.7338,0.5832
-1.7252,0.7247,-0.2409,-1.8605,-1.806,-1.3326,-0.3282,1.8228,0.1997,0.1793,0.0436,0.4769
0.1737,0.7386,-0.2213,0.9731,0.0856,1.0994,2.7065,-0.9903,-0.722,-1.6747,-0.6947,-0.7567
-0.2983,0.2056,0.9158,5.7217,-0.3315,-1.8359,-0.353,-3.091,-0.7394,-3.1246,-0.4683,1.0371
-0.5184,0.9576,-0.7044,-1.115,-1.3836,0.5085,1.8843,0.3322,-0.4799,-1.0949,-0.9449,-0.4266
1.203,-0.8424,1.7464,4.2107,1.4053,-0.9525,2.0082,-3.7832,-0.321,-2.7193,-1.832,0.6799
-1.6574,0.0298,1.6339,-0.7352,-0.9832,-4.3438,-0.5377,-0.6069,0.996,-0.2506,-2.0939,0.4033
-0.637,-0.0007,1.3569,0.2241,-1.0185,-2.8265,2.4691,-1.7018,1.1099,-1.3517,-3.3115,-1.2929
4.1611,-1.39,0.288,2.6571,4.3161,1.8142,-1.2242,-1.6124,0.0578,1.782,0.8937,1.2552
1.2319,-0.3316,0.4755,1.9812,1.1181,-0.6716,0.3765,-0.3549,-0.3177,-0.2241,-0.4679,0.6751
0.6772,0.1438,0.0143,-0.4998,1.1793,-0.785,-2.1738,1.4567,0.1432,2.5088,1.5411,1.2231
-3.1537,1.9307,-1.6638,-1.8407,-3.3687,-0.093,-2.2178,2.9204,-0.2585,1.0241,2.0133,-0.4558
0.4885,-0.7847,1.745,2.993,2.1527,-2.1531,0.1565,-1.7517,0.4548,-0.4902,-1.683,0.2955
3.1307,-0.8315,0.2377,-0.5577,2.2028,1.1049,0.1507,-0.5902,0.2826,1.5388,-0.0116,-0.0387
0.1864,0.313,0.9282,1.3188,0.6309,-1.4999,-1.0725,-0.0233,0.751,0.7679,0.8692,1.1822
-2.2001,0.6216,0.9273,1.4621,-1.3314,-3.3199,-1.3041,-0.2385,-0.2978,0.4027,-0.781,0.4621
1.2839,-0.3973,1.1228,2.1576,1.2411,-0.4831,0.0298,-1.282,-0.0517,-0.8458,-0.4604,0.6374
3.9231,-1.7405,-0.4459,2.817,4.0378,4.1407,-1.9816,-0.0701,-0.6915,1.2546,3.2239,1.8408
0.0473,0.2185,1.3173,1.5109,-0.0466,-1.7311,3.4333,-3.0249,0.147,-3.1627,-3.4596,-0.4795
1.7903,-0.3864,-1.2756,-0.9086,1.3299,2.2137,-3.3734,1.9464,-0.2337,2.7107,2.6757,0.9132
0.4756,-0.937,-1.3406,-4.3356,0.4285,3.2228,-1.9438,3.9593,0.262,4.119,2.5335,0.3798
-0.1968,0.1898,-0.5215,-2.6285,-0.4887,2.3181,1.7317,1.2777,0.0193,-0.0128,-0.4489,-0.8721
2.1533,-0.753,0.7888,7.0194,2.8323,-0.8199,3.5969,-5.5976,-0.4514,-3.8177,-3.5663,0.0531
2.8654,-1.4595,-0.0099,-0.1405,2.2038,3.0519,-0.2012,-0.8201,-0.3867,1.4758,0.98,0.4811
1.0171,-0.2966,-0.335,-0.4371,0.2752,2.0047,1.8771,-0.6644,-0.3924,-0.5,-1.848,-0.569
0.0634,0.0067,-0.3033,-1.832,0.1663,-0.4452,-1.0576,0.7588,0.7739,1.6563,0.6243,0.4946
-0.8046,0.6205,-0.0432,-0.9187,-1.2293,-1.5788,-0.5087,0.6329,0.4074,0.4526,-1.123,-0.6755
1.4116,-0.2454,1.053,4.1795,1.6413,-0.9835,3.8716,-3.2078,0.2218,-2.9383,-1.918,-0.883
-3.7592,1.3767,0.8211,-5.1331,-4.3652,-3.963,2.1126,1.5145,0.58,0.3567,-2.3326,-1.8947
1.5419,-0.437,-1.4702,0.6479,1.3677,2.9635,-0.0038,0.0542,-0.884,0.0862,1.749,0.7415
0.6941,0.3033,-1.9251,-1.4731,0.6099,2.8756,-1.9315,2.6048,0.3495,1.5739,2.5141,0.4441
2.6898,-0.5641,1.0789,2.3797,4.0342,-1.9263,-1.7194,-0.7909,0.9068,1.3753,-0.1002,2.0959
-1.5046,0.5459,-0.2811,-2.0558,-1.5407,-0.8958,-2.6454,3.3979,1.0786,2.3602,1.3689,0.4521
1.5243,-1.0294,-0.7489,-0.9151,1.3537,2.3538,1.2635,-0.1472,0.1502,1.1883,0.2686,-0.5011
0.5603,-0.8863,-1.4716,-0.6893,0.7585,1.584,-4.8771,3.1104,0.109,3.2902,4.2925,1.6268
1.2157,-0.2467,0.0177,-0.4906,0.7333,0.6722,2.1595,-0.0733,0.1131,-0.3771,-1.0852,-0.0385
-1.5549,0.8987,0.2265,-3.608,-1.4126,-0.5909,-0.6733,1.8664,0.0479,1.3574,-0.3074,-0.3261
-0.9625,-0.3687,-1.4811,-2.7071,-0.7572,1.3498,-1.9004,2.2423,-0.2504,1.5893,2.7358,0.3213
3.4704,-1.5439,1.4455,0.9977,2.7353,0.8245,4.3406,-3.6645,-0.051,-1.6161,-3.3356,-0.8551
-0.5922,0.07,-0.4658,-0.6824,-0.2872,0.9551,0.2294,0.0464,0.012,-0.4034,0.7942,-0.0371
3.17,-0.9205,1.0444,4.9491,3.7667,0.9907,-0.8576,-2.0839,-0.6352,-0.9144,1.0521,2.1846
-1.0272,0.0629,-1.8866,-6.7664,-1.9396,1.8537,-4.1214,6.0126,0.0667,4.1883,2.8435,-0.4507
-0.8555,0.8107,0.0068,-1.8206,-0.7968,-1.1362,0.0266,1.7778,0.6254,0.8099,0.1671,-0.5665
-0.0943,0.029,0.6787,1.8566,0.3186,-0.7901,0.3221,-1.501,-0.4469,-1.5218,-0.1975,0.7898
-1.1161,0.0522,-0.3717,0.7064,-1.5147,0.6631,3.2772,-1.1005,-0.4154,-2.4669,-1.3868,-1.2184
0.3477,-0.0161,-0.471,-1.1063,-0.2922,1.0175,0.0147,0.8828,-0.3465,-0.0808,0.2101,-0.5093
1.8139,-0.5728,0.8171,2.6859,2.2205,0.4774,-0.1225,-1.6007,-1.0998,-0.8916,-0.3929,0.5562
1.1671,-0.842,0.817,2.0038,2.3453,-0.8113,-1.4758,-0.137,-0.48,0.1432,1.0132,0.864
-0.5055,0.4329,0.0826,2.038,0.1097,-2.0748,-1.1638,-1.3669,0.0953,-0.0387,-0.2461,0.9122
1.2578,-1.2887,-1.2579,-0.2568,1.9524,2.2107,-2.5527,1.7058,-0.0555,2.4645,2.6722,1.4366
1.4414,-0.7826,-0.185,0.6737,1.392,0.9349,0.1609,-0.584,0.1968,0.4126,0.3764,0.2009
1.6702,-0.7421,0.1373,-1.1151,1.2163,0.5243,0.1996,-0.1238,0.5545,0.6832,-0.9003,0.1252
-1.9523,-0.0048,-0.1777,-3.632,-1.7803,-1.155,-1.1457,1.7382,0.4942,1.0988,0.095,-0.8225
-1.4155,0.0121,-0.6587,-1.0207,-1.8352,1.1936,0.5722,0.2844,-0.5856,-0.0939,0.6158,-0.8317
-2.2537,0.7875,0.8282,-3.8488,-1.9603,-2.1248,-1.4046,2.7282,1.7363,1.8772,0.2093,-0.3549
-3.7785,0.6313,0.7779,0.6366,-2.946,-4.7983,-2.0043,-0.0484,0.0804,-1.3755,-0.5611,0.4123
-0.242,-0.4738,-2.5284,-6.8217,0.159,2.7337,-5.7272,6.2064,0.6109,5.7803,4.5973,1.0349
1.8707,-1.1039,-0.9302,0.2793,0.77,2.7811,-0.1908,0.5985,-0.619,0.2484,1.7183,-0.6106
3.2977,-1.4065,0.9264,3.485,2.7443,1.5217,4.7603,-4.3784,-0.8373,-1.8013,-3.3075,-0.2736
-0.0169,-0.0812,0.4114,0.1386,0.5407,-1.8277,-1.4588,0.1819,0.715,1.5157,0.4098,1.1335
2.5081,-0.6794,0.8298,3.3083,1.8233,-0.56,0.155,-2.7331,0.2348,-0.3371,-0.8964,0.7415
