income_right_skewed,height_symmetric,easy_exam_left_skewed
33157.4,172.17,99.57
56381.4,166.15,91.93
95033.4,161.08,79.2
19624.5,169.63,54.09
30627.9,172.47,80.27
32769.8,155.83,86.46
4334.9,161.33,62.6
14971.8,172.14,64.12
61875.2,159.63,90.64
31861.7,171.2,62.89
53368.8,153.18,91.85
22069.8,161.21,95.77
20017.1,164.27,74.73
26538.9,171.08,76.93
57293.1,164.33,98.27
59439.8,173.65,73.62
21130.9,161.64,92.43
29746.0,178.86,90.17
38525.1,182.36,90.44
35813.2,167.67,77.32
45048.1,155.12,99.03
64495.4,163.72,88.41
51138.5,162.54,94.1
24221.3,163.93,84.2
25138.6,164.53,95.05
24450.6,179.66,60.9
65560.9,184.32,76.21
76306.1,167.61,92.88
69677.3,170.66,70.59
70429.3,171.59,97.26
38366.2,163.16,83.85
51456.3,160.5,95.11
7163.0,155.05,84.42
43908.0,152.71,93.18
7320.0,159.56,92.4
25818.8,166.72,79.01
32079.0,159.05,85.74
76193.3,162.97,83.66
51787.3,161.62,87.52
11252.0,160.01,91.14
53608.5,157.37,95.66
51099.6,168.2,82.14
58919.9,155.94,88.62
17743.5,176.35,95.72
51234.7,157.25,92.0
73721.7,165.01,93.14
27685.1,157.15,97.02
56676.9,158.86,95.0
65982.2,161.53,89.14
17129.3,166.94,89.41
2755.5,167.54,96.82
38254.3,155.81,89.1
25561.1,148.37,92.48
34598.2,169.14,89.28
32694.7,159.1,84.82
49265.0,157.8,96.2
25243.7,163.18,83.96
6941.8,163.99,87.45
53421.6,173.07,96.48
31831.5,163.86,93.78
61846.0,169.28,87.74
15584.2,170.38,89.24
46326.7,171.03,76.47
156495.5,160.88,84.2
21463.7,174.51,94.3
6175.8,167.69,89.98
96367.9,167.14,55.73
19963.2,171.92,81.26
50680.0,160.82,93.4
40403.1,148.23,91.71
41861.0,156.72,94.06
18662.5,173.27,92.91
3115.5,167.41,96.05
26085.9,177.4,91.2
11403.2,161.71,86.46
68692.6,165.38,84.65
39473.2,156.33,92.75
44904.6,161.36,83.12
28371.9,179.1,95.31
11744.9,167.05,92.2
24261.8,154.62,76.88
13443.2,169.49,77.77
42156.6,171.0,79.49
8202.0,162.31,97.32
43080.3,161.44,87.28
53887.0,167.9,54.98
70443.8,170.81,98.45
16404.4,169.89,82.85
18102.5,161.59,98.28
6043.9,158.88,76.73
12006.9,157.58,96.77
20398.1,173.2,59.66
32186.0,164.16,96.88
26829.6,162.1,89.53
77900.0,170.49,97.07
31155.6,177.05,62.95
69484.2,175.65,95.92
52728.9,165.8,95.17
40801.5,159.26,86.44
18884.2,157.19,92.06
29203.4,172.82,79.73
6086.2,158.45,94.05
90269.0,168.14,89.92
45700.0,170.8,90.94
48355.5,175.95,81.22
17038.8,164.69,70.57
35965.1,170.68,91.67
32602.6,157.87,82.97
52368.7,158.94,74.2
49327.4,180.51,93.77
44637.5,161.83,98.21
46729.7,172.01,79.34
28108.6,170.25,96.88
15281.5,167.03,90.71
20691.7,155.88,87.42
41814.0,171.11,64.79
112092.5,160.21,95.35
60882.7,166.58,98.1
50457.1,165.27,91.43
30102.7,161.17,97.08
58027.8,180.07,93.95
21798.9,160.4,93.57
20466.8,172.06,82.67
27448.4,166.48,90.78
58559.7,155.2,79.25
35157.0,172.26,81.89
28520.0,181.7,88.12
54225.9,166.09,88.09
42219.3,168.29,72.01
89724.9,176.27,89.6
15690.1,173.82,97.88
9333.7,151.29,95.42
39885.1,164.28,90.52
45403.6,178.44,77.01
58087.6,156.25,96.38
105266.7,171.57,87.68
17049.1,157.1,87.63
14947.8,161.3,75.88
14291.0,159.83,71.32
22029.9,168.93,82.49
25479.4,169.95,83.55
83993.6,158.84,66.25
62082.8,170.34,97.36
40480.1,165.16,86.64
8633.0,171.63,92.85
24952.5,150.69,89.6
28016.3,153.14,93.27
31884.6,155.66,95.26
33773.1,161.32,92.08
63281.5,162.06,90.98
71086.5,150.74,93.56
35561.4,167.01,82.37
23036.6,164.11,88.62
38988.8,175.72,77.89
30161.7,165.53,86.27
124257.1,176.91,91.76
92995.1,161.14,94.25
28172.7,156.42,73.49
38038.2,161.17,92.79
58726.1,172.35,90.11
36823.2,156.68,85.19
48110.4,163.84,89.4
37388.0,158.13,89.17
1907.8,179.65,97.49
20921.0,170.31,91.66
77091.6,174.49,80.17
60879.7,150.15,49.72
19084.4,172.78,93.9
37270.6,170.7,93.18
23508.7,154.74,69.22
23373.1,170.8,87.71
24459.6,164.32,89.99
81117.9,157.01,87.96
16684.6,160.47,97.7
33895.2,165.69,94.05
25517.0,167.9,96.38
63983.4,156.5,78.68
65691.9,182.19,71.32
72954.1,161.7,90.34
46184.1,155.14,82.06
38595.4,168.48,95.18
1010.9,174.17,94.19
13246.6,164.59,92.99
39298.9,167.83,84.19
66302.3,170.37,90.04
56514.6,157.98,82.17
42422.7,160.91,73.97
58213.7,159.41,91.85
26799.1,156.71,96.03
24520.4,144.6,85.07
20744.5,151.29,90.57
38594.9,168.25,95.09
20014.8,152.27,95.27
20639.0,173.26,83.29
20063.2,160.73,95.06
43091.7,172.11,70.02
71486.9,166.49,85.6
28607.5,161.45,82.27
30641.8,182.67,89.76
29570.0,173.04,84.92
32371.0,161.87,74.8
65137.1,179.99,89.45
47983.1,167.81,80.99
10803.3,160.09,88.79
18299.0,169.26,87.85
9650.3,163.9,99.71
12858.0,168.23,93.15
10237.5,172.25,90.29
97092.5,156.53,91.66
43676.8,166.52,91.29
41214.0,166.47,84.65
19469.7,164.51,85.1
20320.6,163.99,75.77
10614.8,176.39,88.02
17676.7,169.56,76.86
49824.7,154.18,96.19
68394.2,165.58,93.85
52350.0,163.22,82.55
18064.3,164.3,94.45
14438.3,160.52,73.59
24546.0,159.38,81.68
59080.3,159.61,78.8
32407.5,173.98,98.14
2542.8,178.33,87.3
12860.9,162.2,85.93
12287.3,150.82,87.83
58357.6,163.17,91.68
48161.1,165.74,76.36
10118.8,163.92,94.72
46315.3,166.88,97.88
32348.2,161.37,90.96
41630.6,174.06,81.78
16399.8,152.77,72.72
10116.6,176.33,76.22
57525.8,164.34,97.69
45467.6,163.23,79.07
30078.8,165.79,97.2
51337.6,163.74,81.62
34114.6,162.64,88.53
49613.0,165.12,81.86
20053.4,168.09,90.1
20900.9,154.69,91.55
50823.1,170.02,73.84
19454.8,166.47,99.03
27179.6,154.72,92.62
60968.3,158.22,92.6
37789.9,169.43,74.01
58077.0,177.48,87.16
84318.8,164.31,91.09
22935.1,152.0,86.43
20040.4,162.32,93.67
42372.8,165.46,91.04
43938.7,164.06,95.17
48767.8,164.09,94.22
104844.1,168.69,90.36
45513.3,165.19,84.79
25806.3,153.5,78.95
82148.1,153.25,95.81
54865.9,171.14,87.23
28854.6,163.29,77.53
125322.5,162.73,88.85
90342.9,166.89,94.78
20305.8,169.03,83.61
16646.9,156.19,73.9
80281.2,154.48,84.22
12605.7,180.73,96.75
13624.8,158.44,93.85
27380.4,160.98,84.92
17459.6,161.79,95.37
113520.7,155.3,82.47
16890.2,170.22,80.29
38404.7,158.42,89.3
88874.2,168.51,88.25
93974.6,165.82,85.49
36791.1,174.92,75.67
35176.6,179.1,98.36
15830.5,165.41,87.71
120951.6,176.21,92.3
48089.7,167.18,95.36
89527.6,158.78,96.0
17366.6,167.53,75.48
50923.0,170.27,96.43
15096.4,168.58,90.3
20643.8,167.67,94.21
24857.9,161.08,87.42
32042.5,176.16,93.1
88883.9,175.73,93.57
9706.9,169.97,93.54
27087.7,150.05,83.92
38761.8,162.86,89.19
31362.9,159.48,91.82
10580.5,164.36,99.62
37609.1,176.67,95.74
11791.8,157.2,94.67
29516.8,178.38,94.22
8390.0,170.89,91.73
49467.0,158.45,87.54
21991.1,168.83,97.04
6592.2,169.13,79.11
75054.5,165.4,90.0
43642.8,172.57,91.11
61912.1,171.76,80.25
51173.5,149.44,90.35
14010.1,175.03,94.5
43227.2,179.68,92.27
46226.1,150.89,90.12
7811.7,159.95,84.61
63550.8,158.82,94.41
43051.3,173.18,80.98
82675.6,167.3,87.59
30110.7,175.61,98.54
42315.9,156.96,98.51
6023.5,149.62,95.41
46571.7,174.07,93.56
10485.2,172.92,94.83
41917.1,163.15,84.34
21942.9,155.34,85.77
43779.6,154.01,95.43
34490.4,162.28,91.46
160483.7,159.02,83.85
101160.1,142.95,93.65
26641.8,159.53,81.73
10920.7,154.9,88.46
41484.7,155.9,88.95
98128.6,169.55,94.25
38995.8,170.0,92.82
14553.4,169.97,84.83
59116.1,164.77,98.42
36806.5,157.69,77.6
21112.1,147.32,91.7
7750.8,167.53,64.2
21171.7,156.28,93.32
9413.8,156.77,82.88
66801.1,163.19,86.75
43167.2,163.41,96.02
19987.2,172.95,93.93
26860.2,182.59,84.26
48533.7,155.91,82.2
20579.8,161.38,87.21
55574.9,173.55,91.55
34042.5,167.5,91.49
19146.8,164.95,88.74
28757.1,164.25,82.27
76135.1,172.76,89.14
25235.9,157.39,95.13
76262.9,152.88,89.68
37727.0,164.75,89.89
50125.6,164.73,88.27
84638.1,148.55,94.63
72425.0,169.91,92.88
117247.3,166.09,93.07
26044.1,171.42,88.63
42159.1,173.85,90.58
21670.6,165.6,77.9
138824.3,166.16,95.93
34424.2,163.79,93.36
35370.5,180.3,91.93
26630.0,165.5,87.67
129892.5,155.29,92.08
41344.4,161.62,94.74
34079.9,157.94,97.82
42337.4,170.33,98.63
18658.6,173.21,94.19
13155.9,162.2,96.28
151628.4,159.67,91.0
6422.1,163.94,93.63
31005.7,155.68,87.81
44227.4,161.41,48.14
16978.3,170.62,78.17
28478.1,166.87,95.38
15331.7,160.13,97.23
19648.0,174.52,81.42
24714.5,150.58,88.83
137641.4,163.91,94.16
21082.3,164.1,89.6
56355.4,176.58,97.42
83300.3,156.09,94.66
7076.5,154.05,98.17
28892.8,166.58,85.6
7078.1,169.73,96.63
31162.0,155.73,95.59
10908.0,174.36,92.32
109778.8,153.68,96.78
7226.8,158.76,89.89
15690.8,167.13,88.87
9865.1,153.52,84.96
19899.6,177.41,84.04
33300.3,157.56,71.68
16353.8,161.14,85.57
6380.1,181.15,84.36
28855.6,168.01,79.33
51604.3,155.49,87.24
32929.7,180.27,90.86
17055.6,168.66,87.28
59555.4,158.3,93.62
64486.4,155.37,92.23
15658.0,146.89,75.11
15444.3,158.15,88.41
16027.3,172.36,91.73
36157.0,152.15,92.39
115392.3,175.7,88.61
6273.1,172.54,97.85
22424.2,147.1,95.36
30601.7,167.81,53.57
27757.8,168.77,91.0
20479.0,168.55,98.31
21242.0,153.72,88.5
50735.5,162.53,77.35
22314.1,165.58,82.89
14285.3,161.98,57.22
3375.1,162.88,90.08
72428.2,163.58,90.83
18495.7,172.68,91.84
14108.7,169.23,87.56
52966.2,179.9,96.15
111399.4,155.04,93.2
29915.6,158.09,80.88
26387.3,162.58,97.68
39048.4,162.47,94.75
49228.8,178.36,95.69
50713.4,179.09,94.89
29289.8,165.05,95.23
66547.2,176.79,95.17
23826.9,156.28,92.49
36552.4,175.02,84.97
35950.9,150.84,83.03
102939.0,155.79,88.83
80049.1,158.57,84.0
89213.0,153.3,95.39
18168.9,159.09,96.48
91056.0,151.9,85.52
47772.4,173.45,86.4
15351.0,158.19,76.14
69589.1,175.35,80.68
30361.1,161.76,78.74
47323.9,173.87,85.2
7367.1,162.15,93.66
109473.5,152.63,91.67
143337.9,169.8,87.28
26518.3,160.69,93.71
51522.5,153.91,94.39
40109.5,168.71,98.16
86872.0,167.58,93.18
36569.7,168.39,74.83
9074.2,164.11,99.53
14883.3,158.44,97.53
39787.1,169.43,95.13
8609.5,164.0,94.34
53542.9,166.9,86.9
9752.6,173.99,82.95
95356.2,177.83,87.84
91895.2,156.66,95.59
50674.0,145.44,85.0
74481.8,167.15,88.02
27246.9,165.37,87.97
102456.4,166.88,76.92
71442.0,159.12,96.72
23757.5,166.08,93.78
85559.4,160.62,81.8
75148.8,166.72,82.59
126090.6,151.93,89.28
78412.6,165.48,80.57
5511.2,162.87,92.58
6783.6,185.47,80.86
71622.3,170.57,91.26
60443.0,170.73,93.53
19821.9,172.13,96.67
34312.6,178.57,93.25
30885.3,173.04,96.07
22878.6,171.93,91.36
23036.5,161.02,80.05
13166.3,154.9,83.98
43045.4,185.31,86.32
26665.5,154.69,96.74
58803.7,159.54,92.21
65850.5,176.27,90.84
33067.5,170.89,95.74
70804.1,170.47,90.48
104310.4,160.37,92.76
16569.5,173.43,88.6
8815.3,158.09,91.75
52115.3,164.98,93.44
3605.8,165.38,65.07
58938.9,165.96,85.43
97700.2,154.43,98.01
20719.8,164.32,79.6
9204.3,170.55,83.85
78112.2,172.07,98.9
48382.5,156.77,92.21
41038.8,160.1,90.2
39448.0,144.98,94.2
49766.9,160.23,93.14
29359.1,169.94,89.77
5655.5,156.7,93.07
57106.8,169.74,97.74
45100.2,158.82,81.9
42178.2,181.31,91.0
15121.8,160.88,94.28
86217.9,162.81,78.68
27319.8,176.08,92.13
33474.9,159.88,71.15
66168.2,152.83,81.31
49717.8,174.15,97.98
75338.4,179.15,92.3
34459.8,161.33,86.96
37023.0,158.16,89.75
32324.8,163.14,97.0
176589.5,154.77,96.24
47328.8,158.99,96.35
59543.6,155.78,83.19
29693.1,155.09,99.69
35795.9,159.94,98.08
98056.4,176.63,90.17
20898.9,163.22,97.77
17511.1,162.01,75.02
15005.2,169.94,94.57
43317.2,165.87,84.5
12687.5,178.8,87.36
68644.6,174.95,79.76
76208.7,157.63,83.11
67096.1,165.58,85.42
24015.5,159.33,91.85
114001.6,164.86,85.52
27754.2,159.21,97.67
7426.6,165.54,89.66
85988.9,174.71,94.28
47818.5,163.66,88.36
66923.2,152.46,69.86
41568.6,164.81,85.12
42590.2,162.81,82.54
18692.7,179.83,84.66
63129.2,155.36,94.5
18875.5,172.04,82.77
10507.0,156.03,91.95
41818.8,171.99,98.0
37787.8,166.88,86.71
49373.0,161.55,96.23
8361.9,153.71,77.3
32560.9,179.98,93.02
100600.5,157.72,91.4
8428.8,162.46,79.21
35517.5,164.87,77.92
22405.7,173.57,90.51
249235.7,157.05,82.35
26082.4,162.63,96.06
45980.2,172.81,92.41
54966.3,176.85,99.3
63691.9,171.56,92.35
31553.0,167.22,91.87
8892.2,151.01,96.23
24472.5,154.82,71.33
31696.5,173.32,73.56
134029.7,169.57,98.62
76416.0,163.63,98.81
67494.6,177.77,90.26
46843.6,170.5,82.9
78322.2,160.97,93.3
7169.4,169.52,92.3
35338.5,172.0,95.15
59254.3,160.88,79.68
83556.3,169.86,90.8
36639.9,162.17,98.18
16937.2,165.2,73.74
17906.0,158.96,87.83
15914.6,164.93,92.62
70182.5,171.12,98.37
15362.6,170.39,86.56
32890.6,172.02,85.21
18580.7,171.73,94.02
8759.6,158.57,87.27
38437.8,161.37,92.99
10551.5,165.43,97.24
4055.0,177.25,75.14
26948.4,175.3,94.18
71970.7,178.18,84.99
108017.2,155.63,91.04
88087.9,155.29,94.95
25566.3,158.1,98.79
64176.3,152.15,88.78
30186.8,165.2,87.52
49523.5,175.84,90.21
44148.5,162.24,87.6
3708.8,160.06,97.3
50475.0,172.8,91.95
41833.2,153.3,81.1
40793.6,159.89,88.37
7083.5,162.66,82.99
21081.1,163.14,97.27
15163.3,152.75,77.99
23435.8,163.47,92.83
47830.9,164.91,83.33
62770.3,167.86,58.75
12706.2,170.91,90.52
3197.1,154.09,86.44
47755.3,168.13,92.14
12108.4,163.9,89.7
33496.9,173.18,86.08
12062.3,169.22,91.44
36912.0,163.29,79.48
67231.8,163.79,65.87
50253.1,161.98,95.14
25379.5,171.36,93.02
41584.9,160.23,78.89
39243.2,145.0,88.42
89744.4,168.44,69.26
37217.2,172.34,93.26
126546.7,149.57,85.47
30663.0,155.59,91.39
19606.2,166.65,94.29
46630.1,164.43,89.12
45281.8,158.94,91.8
111468.8,161.25,83.09
41396.0,169.34,96.92
19617.2,174.06,97.75
42566.3,170.84,94.87
57009.0,167.0,92.68
76819.8,162.21,94.42
34737.9,167.22,72.41
11343.1,165.39,82.82
101673.9,162.09,88.69
134425.7,172.44,88.22
75150.9,165.66,94.11
24325.2,165.55,88.41
28612.5,169.84,81.3
11351.9,166.53,82.15
80901.3,166.6,93.88
36897.8,162.69,91.6
75967.2,179.32,77.38
12528.0,158.81,77.99
27394.2,157.31,97.29
99755.6,158.11,75.54
45178.0,173.8,81.88
23671.6,169.57,84.14
86608.0,164.19,92.12
44776.2,177.67,95.32
56573.2,159.44,71.34
15195.9,163.23,77.68
33655.1,160.15,93.87
23307.9,161.63,88.3
32388.6,162.28,91.25
7960.3,161.61,92.53
82924.7,186.75,93.59
27767.2,160.66,89.29
11432.6,167.44,88.05
48905.9,166.76,92.21
36637.9,168.26,85.59
27100.5,156.87,87.53
27937.6,161.55,86.5
84040.1,163.04,79.78
17901.9,170.93,99.22
55917.2,162.62,89.67
86105.0,157.25,83.57
37405.8,162.01,84.58
25316.9,173.46,80.32
76335.8,168.1,97.97
8839.8,173.27,93.62
11905.8,166.21,90.97
5062.2,151.04,95.33
51252.6,172.05,86.0
101283.5,166.02,90.71
19660.4,157.5,88.25
37257.5,158.25,58.66
5444.9,165.56,79.64
50701.7,157.96,80.63
30289.0,170.2,91.77
30916.4,173.4,79.77
47982.3,152.63,81.09
97068.6,166.3,88.64
53636.4,169.95,97.44
80326.8,162.66,87.82
27760.0,168.08,96.07
88882.6,159.18,89.87
37797.3,168.28,83.25
29014.9,152.9,81.41
23939.2,160.74,90.63
23269.4,170.61,89.57
44656.6,182.95,60.86
24587.1,161.22,85.29
49675.2,165.76,95.18
13930.7,172.88,87.01
105941.7,165.28,87.9
10939.1,172.53,97.15
63676.0,171.11,93.98
42645.7,154.58,87.28
28335.1,164.93,89.93
38544.6,175.08,70.83
9805.3,170.59,93.07
42346.8,178.97,84.54
84902.1,169.09,90.41
16292.8,169.28,95.26
4292.4,165.45,83.31
41848.5,162.87,95.13
12744.5,163.35,98.96
26954.3,161.98,96.09
59331.3,163.56,86.6
61683.8,164.8,88.17
47462.6,166.15,95.92
21306.1,175.8,86.89
30375.7,170.75,96.53
49147.8,172.82,80.77
61154.8,145.53,96.0
59091.2,162.16,88.06
58138.4,156.47,89.64
18923.4,152.07,95.76
9002.8,156.63,93.46
42026.3,166.99,82.94
27646.0,150.86,82.38
72079.9,152.08,78.73
19388.6,166.92,98.81
55661.7,170.41,93.69
70055.0,162.61,94.7
70192.2,167.91,89.47
28887.4,167.72,95.63
15497.3,172.13,87.52
34335.5,157.24,86.8
30405.2,153.98,90.16
20574.6,179.8,90.35
18806.2,163.27,92.3
6195.0,172.24,94.95
30403.2,157.54,94.41
12242.1,159.87,86.1
10710.4,156.45,77.89
62324.3,174.29,65.12
25290.8,147.95,92.33
36507.8,152.94,98.01
13511.2,156.69,94.72
54828.5,171.19,91.92
58089.7,153.53,62.5
105218.6,155.01,89.12
21870.2,157.44,91.19
34259.2,165.15,85.59
17093.6,153.29,99.72
87332.3,155.75,85.99
44509.3,153.24,84.52
45794.5,155.89,92.66
8560.5,175.0,95.58
26401.9,164.26,90.65
62325.0,159.96,93.09
23669.0,164.2,82.82
14167.3,150.5,99.19
26255.0,147.59,77.91
19112.7,163.1,87.0
62417.5,160.12,89.13
7716.9,156.3,90.61
49143.2,147.29,79.75
143745.5,160.04,94.08
30625.7,168.7,90.19
7812.2,155.71,98.57
31784.7,172.55,90.95
12692.6,167.44,97.88
72313.9,155.73,93.57
20203.7,169.29,90.38
46477.5,168.18,96.16
65929.1,162.48,98.97
21567.6,165.32,93.31
6853.6,155.0,97.22
11170.9,167.25,79.2
52283.4,180.24,91.83
24496.4,161.34,89.76
87479.1,157.03,98.09
5513.4,153.6,77.95
22280.7,173.9,93.01
23951.0,167.93,90.49
900.3,162.79,88.77
38113.0,165.63,93.17
8513.9,155.14,92.58
11191.5,158.59,87.68
31917.5,161.58,74.43
16311.5,165.25,93.21
18274.6,169.96,93.13
60133.5,168.51,79.28
87544.7,150.68,81.86
33483.3,171.22,94.83
41418.2,168.74,88.63
135072.0,160.28,84.42
60249.4,163.87,82.58
83294.3,168.22,92.2
13190.0,176.53,88.79
33623.7,169.47,95.43
26972.3,171.37,83.04
47337.0,170.33,95.76
95729.7,168.16,81.15
84027.1,159.52,95.94
8108.5,169.34,84.94
4987.0,158.81,91.73
4376.6,168.62,92.55
23933.9,172.44,97.66
26516.5,178.41,91.14
16738.8,167.93,82.98
51751.3,161.41,83.74
29939.4,167.82,90.23
86912.8,170.13,99.32
70848.1,172.22,97.34
7299.2,166.23,98.25
15762.5,165.74,85.45
48459.1,164.23,72.6
54143.1,162.95,92.62
98310.5,154.68,84.5
64934.4,176.11,73.54
39192.4,172.68,93.2
28317.9,154.75,91.86
36773.1,164.57,86.77
110117.9,157.81,66.04
12003.2,170.25,96.43
110810.6,158.46,73.25
80293.9,160.36,99.42
54305.1,161.45,97.48
35836.0,166.53,91.15
33832.8,157.38,94.28
71387.1,166.56,89.49
27421.2,167.37,90.33
13375.9,180.93,75.29
23457.8,161.22,94.67
31935.4,165.59,57.63
20945.6,163.75,83.16
21549.5,154.98,70.67
10217.2,159.99,94.74
58516.2,170.62,78.96
130785.4,171.57,77.01
29565.5,150.09,85.86
56449.3,168.55,81.72
49185.5,172.17,76.93
41817.5,175.58,83.32
14255.9,182.31,84.93
16693.0,178.06,90.18
33139.0,177.97,97.27
20188.2,151.55,88.52
36881.2,159.38,64.39
54099.9,166.03,98.34
61569.0,160.36,84.59
8278.6,169.84,91.52
16084.0,158.28,86.71
76514.0,152.98,95.92
20123.5,159.81,86.14
67875.0,153.73,81.98
27555.6,148.01,85.09
11285.2,166.65,88.73
23378.1,160.53,96.65
46446.4,159.72,96.57
24853.2,156.28,87.91
57138.6,170.14,88.12
42839.6,164.41,74.37
44545.2,161.74,88.81
39223.2,157.91,72.82
23572.3,167.07,84.85
28257.2,166.09,72.53
74024.6,173.24,88.29
15967.4,157.29,81.81
22117.2,171.3,69.62
88689.6,163.17,86.65
9330.8,165.67,97.27
25353.7,161.04,96.5
25050.6,175.42,90.47
45427.1,168.71,93.64
61038.4,157.34,95.19
22106.0,163.23,90.15
27957.7,162.14,92.86
23827.5,145.03,80.74
3159.9,167.25,90.48
53613.0,167.06,57.66
27044.8,161.1,76.53
45519.5,173.32,91.5
65761.7,169.53,86.78
37092.2,162.1,71.25
37398.8,163.42,85.34
55315.0,176.52,91.97
8480.3,155.43,93.08
44695.3,181.13,75.02
6798.1,166.49,48.78
87637.8,175.99,79.95
13681.1,155.53,89.08
15818.0,162.12,91.23
11149.2,160.56,93.88
22780.3,156.63,90.49
29267.8,182.84,83.89
86258.4,169.82,88.74
51062.2,165.86,83.78
31983.3,166.3,96.26
80267.5,179.41,94.94
22754.4,179.13,93.16
67734.6,170.46,86.95
38310.4,170.9,93.43
82418.9,157.45,84.61
60559.6,169.61,92.61
32046.4,172.32,94.55
31484.4,164.14,69.47
42443.5,148.03,94.88
30767.6,156.49,92.22
41522.1,162.26,81.8
17040.2,166.38,89.64
19840.9,156.59,92.73
37182.1,170.64,83.57
7933.2,154.75,91.14
13610.4,182.39,96.91
73937.5,169.33,97.84
39327.1,173.59,97.52
10535.8,162.66,91.1
19445.6,166.03,93.28
17825.7,152.0,94.67
118997.6,157.1,92.7
29341.6,165.0,96.8
77097.4,162.41,87.92
52748.1,162.55,95.99
14549.0,166.8,96.72
72119.3,169.74,89.21
41086.5,155.13,95.23
32797.6,171.45,79.43
13266.0,176.59,83.62
16335.6,154.36,86.57
20386.5,149.7,75.07
6399.2,169.09,98.91
59508.6,157.37,98.43
119456.7,166.6,85.22
40816.6,164.88,90.17
39874.0,163.42,96.17
27034.2,164.56,74.98
14829.9,172.75,87.11
61000.0,162.24,91.54
32633.9,173.04,87.96
25312.2,162.6,94.25
31030.0,159.86,85.76
25621.8,179.67,96.67
28668.2,162.22,90.76
3327.3,165.07,97.47
10925.7,162.7,99.65
28199.6,159.91,79.59
53586.1,159.9,83.38
25583.2,170.69,93.78
8704.0,164.48,90.48
64234.5,178.4,86.2
19132.2,172.11,98.61
54995.5,164.76,93.55
20628.3,156.52,89.78
23719.9,158.86,92.86
47232.7,164.51,92.27
20938.3,164.79,87.93
14513.2,162.73,86.62
87236.5,160.6,92.64
16443.8,175.27,96.49
5984.9,160.15,93.03
6101.0,156.13,94.14
43979.0,170.69,76.04
41646.4,170.23,94.77
75985.6,157.27,90.12
23962.0,167.01,88.82
36870.1,171.34,86.21
61245.0,153.71,92.83
33041.4,159.7,86.27
63627.3,160.15,75.15
13428.5,166.03,89.72
119918.9,162.3,91.67
14632.8,168.45,96.67
10363.7,161.52,90.39
5137.8,151.39,77.7
28799.3,162.35,85.68
9123.7,160.21,82.45
21682.5,177.35,96.06
50548.9,176.22,94.33
24584.0,173.11,83.36
42294.4,154.5,98.32
23394.1,164.83,73.46
139157.5,163.75,66.5
94364.0,168.28,78.22
47087.5,167.31,87.16
41111.6,160.08,95.08
35912.2,169.44,98.7
22266.2,162.72,97.08
19578.2,171.33,95.92
58069.7,166.93,95.53
101844.7,169.25,66.67
21442.7,188.2,84.59
46047.3,165.4,91.48
20924.2,173.83,98.13
24362.5,157.17,93.16
27850.9,176.89,83.69
49333.8,164.27,94.71
32180.6,153.9,87.39
16606.3,177.99,85.27
26649.9,158.4,84.55
54696.2,177.07,81.26
66209.1,163.34,87.03
13303.4,154.71,99.47
55367.3,162.9,90.67
19440.0,180.11,86.3
34004.4,169.93,81.36
68668.1,166.11,89.34
33004.0,168.34,83.0
8419.6,170.1,96.11
99371.6,170.98,82.99
4908.4,174.36,86.67
63644.6,169.67,93.38
3259.5,173.93,84.94
45910.3,156.14,80.54
66172.0,156.49,86.99
19146.5,164.11,96.2
12733.0,159.26,75.27
44044.2,165.67,61.77
38181.8,169.92,85.8
77261.3,164.13,89.53
51243.9,166.17,89.08
45081.6,170.93,98.02
39720.5,165.83,93.75
89486.9,164.36,97.56
14381.5,169.07,98.57
47181.3,155.52,81.91
32568.9,173.32,80.9
24565.7,154.11,85.69
49316.7,165.03,83.87
41007.5,162.4,87.37
36667.2,158.02,86.94
23480.5,164.52,91.91
47989.5,172.08,90.44
96956.8,167.87,85.54
12440.9,167.57,87.66
50788.2,163.59,87.34
28947.6,179.23,88.55
37979.9,164.68,93.05
38213.7,167.11,97.32
62072.2,166.44,95.29
51500.7,177.58,92.19
17671.1,175.48,88.56
85817.1,165.11,88.89
8060.9,175.55,74.44
20109.1,174.72,90.23
20221.0,162.15,75.9
46452.4,170.07,97.96
29797.2,159.05,89.43
59684.2,162.46,93.45
32213.2,148.99,94.33
88352.8,156.13,94.03
12213.6,164.17,98.96
36398.5,173.56,95.54
26882.8,178.19,70.22
14304.3,160.79,89.21
52075.2,175.86,94.8
21696.4,171.23,88.54
13924.1,147.48,88.88
7010.1,171.46,95.04
81822.0,155.42,50.99
58612.7,155.65,81.7
14323.9,169.64,74.19
48377.6,159.29,83.29
32340.0,157.57,87.74
19266.6,190.87,88.53
62853.4,161.07,94.62
15529.4,153.42,92.91
27309.5,167.12,91.75
50889.3,164.92,87.91
48993.9,170.29,81.99
34307.3,180.87,99.05
51366.9,146.3,92.68
10208.5,152.04,85.25
33183.3,177.14,97.11
71474.4,173.81,97.56
11809.7,164.76,93.48
87141.9,162.36,77.84
63504.1,173.29,91.78
38550.9,184.14,92.2
82601.7,176.92,96.16
114512.9,161.5,98.32
86045.1,157.13,89.52
31752.4,171.01,96.4
127893.7,155.18,86.49
11449.0,160.96,61.86
13324.4,153.66,89.51
12660.7,169.2,90.86
54044.1,171.52,74.18
30033.3,174.54,93.93
28903.2,160.06,73.54
43220.5,168.71,80.35
39287.0,177.64,89.05
34394.5,167.84,82.54
75276.0,178.93,94.83
52723.6,166.39,88.31
52583.7,160.23,90.71
50036.1,179.01,98.08
57782.6,158.94,91.79
57265.9,171.79,95.99
53079.8,166.78,93.43
12726.6,162.49,82.75
26307.7,163.97,88.34
21111.4,174.53,86.36
10395.1,165.97,81.94
25764.9,164.22,85.55
36899.1,150.12,73.57
18801.9,158.12,95.01
72191.7,154.05,75.32
95679.6,162.68,86.78
44909.9,172.2,73.43
131804.4,174.03,94.32
19173.7,169.03,87.74
25039.1,155.46,96.2
50354.5,168.42,82.48
32983.9,176.48,92.14
11432.4,154.73,89.37
119153.7,163.67,92.5
85570.6,171.86,77.9
32181.1,155.93,94.96
17019.4,181.81,89.3
63778.1,161.27,92.0
80817.6,168.25,72.43
104095.9,164.31,80.24
35402.0,160.34,83.45
31654.3,172.11,87.93
56216.0,160.3,89.24
51017.0,159.11,98.79
19600.6,168.53,79.34
60482.9,160.27,96.26
50260.9,168.79,89.79
40382.2,175.43,76.08
54682.2,151.11,88.74
102042.5,155.45,82.17
27950.2,177.37,94.08
133645.8,143.17,68.89
64115.3,167.2,94.49
12937.3,155.1,86.02
60735.8,164.45,97.14
11915.6,163.99,98.81
94566.6,162.02,95.64
53403.8,167.51,95.64
130951.3,161.12,90.97
22236.4,164.63,97.61
24850.9,173.01,93.12
32001.8,184.52,81.17
80201.7,178.39,85.22
1535.1,177.8,86.68
45492.9,162.43,82.08
17201.0,153.08,88.42
16468.2,168.99,95.2
22776.0,180.95,85.73
59115.0,165.21,89.36
38663.3,161.32,82.46
22954.2,167.21,86.42
11479.5,168.6,98.47
111736.9,156.51,88.91
89237.0,162.86,89.84
67491.0,170.77,97.17
115216.9,158.48,89.35
74699.8,158.76,94.97
82086.6,145.95,67.96
11604.1,165.02,80.65
19742.3,166.74,86.48
9136.6,166.71,92.61
29224.5,170.61,78.91
38082.7,160.82,96.46
26940.7,159.16,94.14
54400.8,153.43,89.72
26684.6,165.37,96.19
91158.4,175.83,89.23
33578.1,173.69,89.65
45296.8,159.16,88.03
5127.3,176.18,94.09
64144.0,161.44,92.05
21309.2,158.55,92.68
85946.7,168.76,95.38
16847.8,157.54,88.82
81307.5,155.2,86.13
24293.6,161.12,97.56
17381.9,157.13,80.07
43563.6,154.38,94.8
15397.8,176.7,77.99
38450.0,184.6,84.97
21215.0,177.09,92.85
2488.7,163.49,81.51
50516.8,154.46,85.17
34382.2,160.52,87.35
31943.1,166.43,83.48
14339.1,165.88,92.26
50713.4,175.13,84.11
52019.2,173.08,88.9
15112.0,167.98,93.18
42761.5,167.04,90.03
22107.0,160.43,88.02
67869.3,170.53,96.68
52052.3,171.75,95.6
32923.2,165.83,83.5
50258.5,173.51,91.54
52953.2,165.21,85.14
73014.0,160.13,82.4
2152.5,174.92,87.32
34946.6,158.69,86.65
11749.7,186.77,95.25
21245.6,166.69,97.24
1429.4,178.6,83.97
46081.9,162.28,91.13
68153.3,153.23,93.62
19345.8,171.15,95.83
30537.3,167.08,80.07
13396.2,158.54,85.81
48015.4,168.69,72.58
40737.8,169.94,92.74
19466.6,170.8,80.2
42825.3,171.92,91.52
30118.0,156.5,99.05
54668.8,157.88,80.5
75183.6,160.41,93.21
28126.5,177.3,95.96
53215.4,151.76,94.2
13253.3,171.1,98.34
48488.9,166.64,88.31
96792.5,169.09,90.81
12218.4,154.87,77.24
4848.9,172.31,78.95
30759.2,154.29,98.9
100733.0,154.56,88.97
24469.0,178.18,90.06
75417.6,168.06,79.84
10150.2,158.25,89.89
16393.8,170.99,96.89
19974.8,155.61,94.43
54990.2,178.34,90.53
5591.5,163.68,94.77
19628.7,154.36,99.12
18797.7,164.76,80.33
92735.5,154.48,98.38
48101.8,173.9,92.46
61082.4,161.66,89.12
24485.9,175.23,96.08
55240.0,172.34,93.94
34930.4,179.77,95.03
17473.6,175.03,96.44
34954.5,176.79,82.04
72329.4,166.85,96.2
34230.1,160.91,93.45
76388.3,176.76,81.33
33652.6,156.78,83.76
19990.5,168.3,93.58
11929.1,168.65,88.67
31287.2,166.68,93.81
72409.8,176.43,92.15
35277.0,173.25,90.59
66471.4,160.97,92.74
42700.0,173.36,99.38
16523.9,163.44,94.43
26317.3,149.88,77.56
35697.5,159.7,81.8
11017.4,167.42,95.86
4933.8,163.91,93.06
25788.2,169.67,86.19
66113.1,164.36,88.47
26891.1,166.14,88.77
66350.0,168.03,89.11
17243.9,170.62,82.1
12748.1,166.26,87.44
31753.8,149.94,83.4
12428.7,172.2,97.99
31244.2,161.18,90.68
37291.3,150.91,76.79
83832.7,170.69,93.3
55662.6,158.52,96.09
69942.0,159.21,89.54
55782.6,171.3,83.0
51523.3,158.14,83.03
51114.2,163.19,52.09
25430.3,161.68,98.3
35625.6,168.9,90.51
16725.5,184.59,81.51
63450.4,154.9,95.89
42401.0,157.9,84.36
83278.1,162.62,93.62
49259.9,145.94,93.82
74566.0,159.88,92.05
3251.4,154.62,92.32
1344.2,163.35,81.21
17122.0,173.11,80.28
51621.5,170.37,68.1
47201.4,159.8,93.55
93009.9,160.65,87.74
24139.8,157.79,91.86
13234.4,173.0,88.32
43597.8,164.86,98.72
5997.7,170.29,88.95
15084.2,174.85,81.3
58729.0,156.23,93.81
41416.0,158.17,85.04
13865.0,153.5,89.89
3860.6,180.56,92.61
15398.8,166.03,47.2
57709.6,180.67,88.67
39942.3,165.73,83.6
1664.4,170.6,75.6
47122.5,179.48,84.88
70949.3,177.76,85.32
55420.2,162.19,93.08
31783.1,158.78,92.65
13852.4,175.17,98.16
56993.0,179.53,94.02
55921.4,163.62,89.26
20245.1,178.71,94.46
18232.9,151.81,85.58
41851.0,154.47,89.01
78775.7,152.26,94.2
10702.2,154.85,80.33
37912.8,171.13,96.91
11879.9,164.78,91.39
63469.1,169.64,78.66
22064.7,167.52,91.02
44905.2,153.76,87.94
99216.8,171.93,86.89
44363.6,156.94,71.83
66875.0,170.98,90.55
53713.9,163.61,97.76
130266.7,162.74,90.74
20197.4,164.17,95.48
5860.7,170.09,79.7
89688.0,168.73,88.2
28256.7,157.17,84.4
47059.4,179.55,84.01
14364.8,155.48,81.4
20912.2,146.78,89.71
13305.8,167.54,83.32
19183.6,148.1,82.34
12025.4,164.82,88.38
41684.9,184.96,99.04
57906.9,169.6,95.03
37143.9,181.78,95.32
62702.8,156.17,98.52
5781.8,160.84,88.19
33214.9,161.94,97.5
77627.1,158.57,71.91
61219.4,160.63,97.68
101280.1,154.83,88.08
85559.0,169.59,69.19
11946.6,178.32,91.68
19153.9,164.67,91.83
16405.4,177.95,92.23
31604.4,165.59,82.28
48911.3,151.4,91.07
25864.0,155.59,85.75
78124.7,169.42,74.22
7150.5,165.87,83.92
7734.7,169.31,75.25
21922.6,172.2,93.13
25776.4,157.1,78.57
41537.3,163.2,91.18
57301.3,163.93,86.48
80575.9,161.58,82.84
10896.2,164.8,95.27
33617.7,153.21,87.57
43479.8,173.05,89.93
7066.6,170.67,82.06
118486.6,171.01,97.77
8740.7,177.76,77.86
39923.4,177.37,71.28
35750.2,188.42,87.61
14974.9,157.0,91.05
24446.4,183.9,96.84
52097.6,160.89,97.41
29189.0,169.15,83.01
23469.3,156.79,90.52
52500.5,189.16,96.01
49986.4,169.3,90.36
25522.3,161.0,92.26
18948.4,153.87,89.15
27898.7,169.11,93.66
83527.3,168.17,90.49
40015.5,165.14,99.68
54888.2,163.26,93.89
93074.4,169.97,66.61
22104.2,164.78,93.69
44655.8,180.3,94.21
34027.9,147.57,86.15
59031.8,162.82,93.09
17215.2,170.31,95.11
13627.6,153.84,88.03
76907.9,159.11,77.53
86568.6,188.67,93.68
85447.6,166.17,84.81
42127.2,158.66,90.1
24713.1,159.8,95.22
27775.8,166.13,82.77
19347.6,144.59,97.65
41470.9,175.65,92.52
86349.9,151.06,80.93
48512.5,170.76,85.75
125893.5,165.19,80.86
14372.1,179.67,94.03
27059.5,165.47,98.04
12492.1,148.62,83.66
14937.1,163.0,72.5
51129.6,180.41,91.26
15949.7,166.19,92.96
99438.4,164.85,66.92
19819.5,165.86,83.32
52381.6,188.27,80.71
6303.0,161.93,96.91
7534.2,180.84,93.05
113083.2,156.54,94.27
76636.2,156.46,92.6
11325.0,172.96,87.58
28727.6,175.36,94.5
7327.8,170.65,97.63
37686.2,160.87,86.81
39286.3,161.29,91.48
78292.2,162.57,78.25
61725.9,152.28,91.78
42572.9,159.23,89.24
5212.2,162.53,79.1
28532.1,154.0,76.82
18583.2,158.81,97.0
13811.1,151.41,93.21
5679.2,174.69,80.85
3765.9,164.36,89.01
92386.6,166.39,90.77
9573.2,158.61,72.8
50125.2,168.6,98.41
42238.2,166.04,77.25
11318.3,174.53,94.47
11797.7,174.05,98.94
64553.0,153.84,89.22
74696.2,180.27,88.76
17315.0,175.67,81.89
36004.2,153.19,88.83
10439.1,163.49,91.76
20554.0,181.1,91.41
40728.1,161.26,87.88
29812.3,181.57,84.89
38536.6,150.28,94.75
12018.5,160.61,89.5
24398.3,165.9,80.32
32248.9,164.07,88.87
39606.0,169.36,88.17
16805.9,168.66,94.61
29158.2,149.13,93.23
18364.4,163.11,90.01
40505.7,165.5,87.4
24351.8,171.34,93.79
46596.7,174.62,86.93
30657.6,171.72,83.83
17728.2,156.85,73.69
21660.7,160.36,94.35
51654.7,155.65,54.34
31689.6,182.79,91.37
64406.9,179.48,68.51
56609.2,172.27,92.23
32123.3,159.01,95.8
30183.9,175.57,83.21
15265.9,170.75,87.78
22602.7,169.96,58.56
14169.5,158.3,90.53
31149.0,171.16,82.63
8345.4,172.36,89.56
64252.6,165.78,85.64
36819.9,165.14,76.31
58160.4,168.6,92.61
34573.7,173.54,49.24
54973.0,160.2,74.59
15557.7,170.42,88.71
58288.5,169.19,90.71
64094.3,169.95,90.94
49907.6,159.16,91.84
26757.2,159.58,71.09
41107.0,164.21,81.98
15503.9,169.83,92.66
26801.6,167.14,76.95
32990.3,168.83,91.71
66906.3,166.97,95.11
13294.7,156.15,96.01
27921.3,164.58,97.68
69550.7,164.26,98.36
47406.2,160.43,84.64
29728.7,161.56,85.9
12907.0,166.1,96.69
39662.8,156.78,85.07
27202.7,170.48,85.49
38074.6,183.52,79.81
36144.0,163.42,86.19
15175.4,161.42,91.3
23719.2,171.98,71.05
4137.2,162.45,90.2
41964.1,164.43,86.96
34612.8,154.58,86.13
29847.8,168.01,97.94
81162.3,152.17,98.31
79472.8,177.22,88.78
10658.1,175.63,81.11
31321.3,170.81,95.07
12178.9,176.88,90.19
20458.7,161.44,86.83
34319.6,172.72,85.4
13011.1,164.0,85.47
108110.0,152.64,74.69
18458.7,156.06,82.85
64545.4,159.15,71.06
29404.3,150.07,80.78
15150.0,175.17,93.58
47674.7,165.09,87.34
7924.8,150.42,86.55
19085.3,170.46,93.34
9209.3,172.15,81.57
24822.5,174.87,78.55
28380.6,149.34,87.83
6121.0,168.15,96.63
133693.1,164.88,83.88
9976.8,162.35,90.83
20639.1,163.24,84.45
29753.5,166.98,84.06
7923.2,163.65,98.5
32626.5,154.96,80.24
49648.4,165.44,90.48
99565.6,166.5,92.42
19506.3,161.55,84.56
102961.5,157.5,79.96
50254.6,161.05,90.45
9739.2,164.46,73.27
31064.5,162.73,99.5
69636.7,160.09,87.85
8308.1,155.47,89.55
31134.5,158.15,91.42
41253.3,161.6,93.11
16170.9,162.94,90.22
14185.9,156.64,99.43
17413.6,164.29,80.5
137053.7,161.93,83.54
160870.9,155.12,89.79
21407.7,163.88,96.15
41738.1,179.86,82.86
22904.2,171.18,87.02
21839.8,166.29,93.67
19454.4,173.03,82.52
54905.2,171.42,98.1
32981.6,171.4,96.28
50496.6,176.69,95.74
123753.8,165.02,79.17
57123.5,157.15,73.04
191810.7,177.96,88.14
22943.8,164.12,91.06
2083.6,171.58,88.75
4467.5,153.89,82.43
84589.3,164.32,84.94
17102.6,156.34,95.03
19865.7,160.19,81.03
27515.4,153.75,77.13
25496.6,161.36,66.48
40375.2,168.04,89.8
37370.3,177.26,55.2
6001.5,159.91,79.97
19063.8,170.36,96.23
48967.0,167.95,67.59
53556.0,167.15,97.57
4842.9,155.91,94.49
33919.5,169.79,88.96
15953.8,166.87,88.77
36407.7,161.47,90.91
78530.2,153.22,75.96
26344.1,172.23,95.63
6975.4,172.02,97.37
66192.2,160.06,93.59
20762.8,159.65,93.48
45781.6,147.65,87.64
17556.8,166.2,95.01
86753.9,172.56,91.74
70024.1,173.43,95.85
59329.5,163.98,94.92
30842.9,163.52,96.38
28870.8,156.28,95.78
25918.5,156.05,92.65
35253.0,151.89,88.66
19097.2,170.06,93.85
50555.0,155.94,90.23
44723.9,164.47,58.46
5846.4,176.62,81.8
22676.4,159.48,93.98
46173.3,159.83,94.44
33306.6,163.53,93.12
7623.5,161.94,84.62
61817.4,152.09,88.78
67139.4,176.57,85.39
2793.8,171.19,93.86
60843.6,164.46,92.78
25850.1,156.47,95.68
32435.9,162.38,97.33
80714.7,163.93,69.93
38451.2,165.89,93.25
76810.1,181.12,86.27
66176.3,167.23,88.77
49471.4,164.16,91.59
44224.6,167.25,75.14
20763.4,168.48,84.01
19030.5,160.49,89.4
30966.9,160.75,83.95
19586.7,158.08,92.6
5002.9,172.16,87.57
51359.9,147.12,94.89
4352.7,162.65,80.94
33323.5,165.03,89.23
33531.1,171.54,77.09
43585.4,154.4,80.76
64886.7,153.86,98.47
31626.5,161.61,95.41
25515.2,162.89,95.42
23577.5,175.83,95.68
111640.3,162.88,84.04
26290.1,173.46,70.9
33746.0,164.14,92.04
8329.3,168.09,90.45
63289.6,175.48,84.68
57223.7,165.86,68.64
57553.5,154.31,94.51
67343.0,167.92,93.64
88152.1,155.4,63.52
25840.6,160.66,94.02
23817.4,170.27,83.46
38831.7,152.54,79.53
41421.7,161.59,92.98
65414.8,158.85,90.05
55635.2,159.7,99.12
37585.0,157.52,92.3
25367.0,166.87,92.69
66279.3,183.5,84.95
25352.7,162.9,86.96
16980.8,160.52,91.15
56606.2,161.47,98.27
32209.0,162.1,62.56
42142.3,157.74,93.91
18859.6,177.42,92.97
22714.6,164.81,90.46
42127.7,159.84,88.87
35998.4,168.24,86.99
16906.9,159.84,71.44
47586.0,170.96,93.53
101527.8,155.38,90.9
29677.9,153.06,92.7
14448.4,165.2,85.1
71709.3,175.46,82.11
45233.6,150.38,95.34
7428.4,141.25,64.31
65622.7,162.4,80.15
12578.6,170.99,83.06
108167.5,171.49,89.43
19756.3,159.07,80.03
53604.1,156.71,93.11
8663.4,163.47,86.96
6686.5,160.94,64.34
73423.4,160.63,91.03
27208.3,167.24,91.98
89702.8,166.29,92.3
34866.7,162.47,80.09
30987.8,162.29,90.53
23362.8,166.84,95.29
32860.3,164.64,88.04
9398.1,150.66,94.04
52289.2,171.26,89.19
32710.6,156.84,79.44
76356.3,185.03,95.76
15001.4,163.54,80.39
20981.1,156.12,73.94
38008.1,174.03,97.68
35775.8,162.56,82.97
74890.4,157.87,90.06
90988.5,167.96,95.7
48437.4,159.7,87.54
33725.8,175.05,75.89
34544.7,169.79,89.64
82611.1,181.5,79.83
72495.5,160.24,78.27
46658.9,161.07,77.91
75819.7,156.06,92.57
59323.0,154.07,85.75
36762.4,150.85,85.98
23140.6,154.36,91.26
23857.1,172.46,97.3
9330.0,173.7,90.28
67383.8,169.21,87.21
98108.3,158.83,76.29
142344.7,155.89,79.86
44719.3,166.08,96.4
8529.4,164.22,86.14
49535.2,160.86,93.78
23856.0,163.47,90.84
2493.3,153.24,93.24
8800.2,150.59,96.87
57470.0,157.77,88.72
10949.8,150.33,84.87
71886.7,140.22,91.73
40593.9,163.12,78.69
8154.5,163.02,81.91
10422.6,154.15,96.59
26049.9,165.0,91.52
19597.3,166.57,96.52
63164.0,175.44,85.12
62228.7,165.65,96.46
57648.8,158.37,83.58
58575.7,157.66,77.51
46264.9,168.12,90.9
26722.6,154.77,93.41
10691.9,164.07,97.09
14874.9,150.61,86.67
62196.3,163.05,82.9
29579.2,165.22,89.26
42144.8,167.1,89.79
35314.7,160.08,97.24
12301.3,165.74,91.87
167495.1,156.76,91.65
26502.6,155.99,67.82
47487.9,172.26,92.16
22735.5,165.11,85.65
28003.4,160.73,87.75
33456.3,161.37,91.5
3524.2,166.87,89.32
1116.9,165.08,67.42
121101.8,154.76,82.21
86830.9,175.67,91.86
43888.6,162.76,88.78
73363.0,178.01,83.26
11887.9,174.71,92.63
7644.0,164.19,89.72
66761.6,169.67,91.1
76269.7,150.39,96.22
16786.6,164.13,81.36
28334.6,166.91,92.65
35147.8,174.94,93.01
34958.3,162.15,97.33
31511.4,180.31,90.14
65366.7,162.35,89.38
72256.8,172.58,90.42
118696.0,175.83,82.18
10191.6,163.23,89.67
17285.0,176.51,96.59
28438.3,169.49,98.73
71138.3,173.81,81.0
9347.8,157.94,84.87
8640.6,157.79,92.37
12600.4,178.29,96.8
60665.9,176.7,68.01
34025.0,175.59,98.09
9339.5,167.62,82.74
23810.1,169.7,94.74
22921.4,163.15,87.3
37045.0,162.29,84.84
96593.1,159.71,93.23
10578.1,158.06,79.23
11392.8,165.83,75.56
38378.6,165.92,78.18
44311.2,159.15,81.89
39675.8,160.95,96.8
58239.1,179.16,75.93
84078.6,169.65,86.54
55871.5,169.46,77.59
117367.2,178.88,66.98
34113.9,165.56,97.46
34012.6,170.61,90.49
3938.6,182.08,55.93
10999.4,162.91,89.44
48153.7,164.67,87.8
28549.1,177.32,87.78
91175.6,161.84,95.16
13363.4,179.34,90.89
26082.0,157.71,82.75
45428.5,162.06,87.9
25913.8,173.1,94.65
10005.6,162.23,67.64
49502.1,164.85,90.52
8987.1,177.98,97.91
10610.0,157.44,86.93
59011.7,167.41,87.05
30644.0,166.4,98.58
39722.3,167.05,87.48
4322.5,180.9,96.67
27348.6,154.19,96.21
22314.3,164.97,98.24
90643.2,155.12,94.87
114909.0,176.01,89.63
95695.8,167.32,86.79
41512.4,168.19,77.01
29668.1,164.42,86.46
40555.7,153.37,76.73
24425.3,156.42,85.5
67514.9,170.63,86.09
51656.7,165.31,92.38
56389.6,168.29,93.68
34802.8,166.17,85.76
22310.8,154.87,91.63
26653.0,168.74,89.21
32607.4,166.66,83.07
64365.6,180.43,89.5
26573.0,176.17,83.46
75736.4,169.47,94.24
63557.5,164.53,97.76
31354.0,155.38,89.67
46923.7,170.69,67.87
22329.8,164.74,84.54
66458.7,163.78,96.0
39193.9,163.22,88.51
51374.7,162.4,67.58
76995.3,163.43,97.1
25854.5,166.87,74.6
41054.0,155.37,81.0
30077.0,177.59,84.4
13918.3,163.92,95.53
88917.7,157.98,84.83
39725.5,165.92,86.53
37162.8,163.03,90.48
39669.5,169.25,85.77
20410.1,162.99,95.76
73708.8,165.91,50.1
24525.0,162.32,82.37
41169.6,171.6,74.85
13996.4,159.76,94.84
14065.4,158.8,90.92
8269.2,163.75,97.86
34307.9,169.12,93.06
62744.8,152.46,96.46
2474.8,154.85,90.94
75383.9,163.68,97.22
58233.1,175.26,77.7
60755.6,173.09,91.51
85835.5,162.87,88.42
53885.9,152.15,59.11
56646.8,180.73,90.93
100198.5,153.2,94.64
52453.5,167.48,94.56
11381.7,154.39,90.65
14210.1,159.13,89.49
74657.4,169.44,83.52
100070.8,159.05,93.87
658.1,161.66,89.63
24606.3,161.69,92.04
102773.7,162.44,85.19
71911.9,181.48,84.08
31330.6,161.61,86.73
102928.7,156.64,89.96
13737.3,175.23,92.32
8629.1,148.51,95.34
11315.1,168.46,96.81
40203.8,176.53,95.33
88964.5,173.72,79.77
37106.5,169.48,96.02
33854.5,158.8,91.95
116493.5,170.56,78.47
14119.3,156.53,90.01
67108.0,157.63,85.42
23962.6,183.55,87.83
38715.7,176.83,88.46
30770.1,179.04,95.09
53279.9,156.98,79.44
11698.1,165.51,94.54
20159.2,167.86,94.03
40857.1,159.35,74.87
28717.3,175.65,90.35
35154.3,162.67,74.93
21375.8,162.71,91.72
34719.3,176.27,72.98
81947.8,181.1,99.55
44812.4,156.62,83.02
43967.1,151.27,86.81
4454.7,160.69,96.51
60476.7,171.2,90.77
21994.7,170.13,91.89
5906.1,165.6,98.23
45193.5,160.7,97.6
30120.0,160.98,89.56
74556.6,154.31,85.33
26651.3,171.47,75.77
32742.4,169.82,90.4
58199.5,162.77,89.82
9455.1,184.06,92.91
18936.3,169.31,95.05
72341.7,168.77,76.79
119432.1,153.14,89.15
40795.9,176.15,83.96
32100.5,141.82,96.9
82632.2,169.81,95.48
29926.2,170.7,83.69
33300.1,159.85,85.68
33132.3,148.05,96.44
66707.2,167.89,77.31
13981.0,172.98,97.32
30796.5,155.43,69.27
41588.7,172.59,73.4
51574.7,175.67,94.41
20262.1,177.92,86.59
9158.2,175.83,90.19
34884.9,149.77,93.04
35193.5,173.95,91.89
58131.7,158.38,94.72
45709.1,168.41,97.06
27971.0,164.14,88.89
2187.2,178.34,95.62
21483.1,167.27,95.16
82759.6,173.36,87.33
43993.2,169.66,90.39
9416.9,171.08,92.61
29276.7,172.2,93.59
13401.8,167.24,94.41
49695.1,157.89,87.99
6762.8,168.8,72.97
12883.6,162.47,86.9
24093.1,164.95,94.11
11447.1,167.07,75.59
29194.8,167.06,85.7
34145.1,165.55,82.79
67122.4,190.97,68.86
17382.8,187.83,96.76
24041.9,176.4,95.77
30933.0,156.13,88.38
5702.7,150.95,97.96
63986.6,160.55,91.38
40560.2,161.87,86.98
8040.3,165.86,81.5
27439.3,161.72,86.96
62597.1,171.84,91.02
15650.1,169.1,96.82
16132.3,165.02,94.46
11019.0,175.48,93.42
18208.4,174.67,90.88
66033.2,166.91,82.69
34259.1,160.67,96.38
17516.4,174.11,82.66
19322.0,179.32,95.05
10889.3,163.43,78.8
14355.2,162.31,90.87
23282.4,158.05,93.98
42467.9,153.94,95.81
11502.1,153.88,89.03
37392.3,168.06,93.89
68292.8,166.18,84.09
26151.2,156.02,95.66
93980.0,166.34,84.15
5852.6,166.04,79.97
12821.2,159.6,95.6
22099.8,171.21,89.84
23398.5,171.54,70.95
35671.5,168.14,91.57
35127.5,177.69,88.72
58775.4,166.82,72.28
25728.9,166.33,93.46
35704.0,160.35,97.79
46803.2,168.53,63.78
10238.8,170.5,90.52
35102.1,166.6,79.24
21947.4,166.3,94.88
42008.2,159.69,96.72
5996.5,172.05,88.76
9894.4,163.15,97.98
19062.2,167.12,90.39
1948.3,149.25,89.49
12655.2,165.9,92.53
50831.6,158.83,91.54
36626.1,160.56,83.34
17686.1,160.9,87.55
30688.7,155.78,98.04
124022.4,152.1,93.42
17914.6,172.45,88.07
6141.4,167.06,97.68
34712.4,161.45,88.53
76075.7,168.03,95.2
28111.8,164.09,89.02
7675.6,158.29,95.9
5678.9,166.12,92.71
8451.9,173.4,90.86
140186.2,175.36,94.5
53026.7,162.94,93.74
2176.7,177.39,87.06
13228.1,152.23,95.18
11481.9,169.91,81.17
23230.3,176.8,92.08
149222.4,175.33,97.55
22943.7,171.02,66.63
12064.3,147.5,86.91
58544.4,160.34,60.06
4578.1,156.66,78.75
85748.5,166.47,81.57
14482.6,174.26,83.43
1694.6,167.89,96.29
32293.7,158.83,92.06
74590.3,146.77,90.91
39089.6,183.31,81.94
62573.8,168.63,81.69
26108.0,145.95,79.51
2939.3,148.32,92.49
18250.5,165.12,76.64
26549.2,157.43,91.61
31203.4,166.34,87.93
28977.6,160.61,89.88
24333.0,171.53,83.3
65598.2,171.35,82.81
43041.2,167.29,97.15
34172.7,141.8,97.52
28117.5,179.25,96.75
52525.3,169.09,76.68
52772.4,184.78,88.79
98908.3,158.98,77.39
15285.1,167.22,93.2
47896.3,169.78,90.85
16265.5,173.06,86.62
75865.7,180.84,91.02
35374.8,172.51,93.57
115967.3,185.72,93.88
9905.6,166.26,96.37
78575.7,150.79,96.93
9447.6,167.11,79.09
46124.4,159.01,87.27
18464.2,167.79,94.22
103060.6,167.91,58.85
23628.9,163.07,85.05
7758.1,155.52,90.07
41238.8,170.39,95.28
29298.1,167.58,90.83
52494.5,160.58,86.57
49578.9,174.51,94.47
33591.4,172.46,81.58
49521.5,177.86,76.7
82883.0,164.26,82.14
55192.8,145.3,86.42
5623.4,156.43,93.61
12492.7,157.8,80.36
22542.2,164.15,73.57
26269.6,156.58,95.14
28049.7,153.47,91.59
36860.0,172.7,88.34
97097.5,162.82,93.28
27567.5,166.85,90.47
54585.5,177.76,94.95
16461.3,168.7,93.62
39865.4,169.56,96.15
56981.7,158.76,93.51
84740.9,171.77,87.18
88091.7,164.0,84.44
30892.3,160.71,87.81
53551.5,170.37,97.74
82465.0,160.22,82.7
68683.9,169.97,92.87
50911.8,165.08,94.27
10089.3,163.1,88.95
26090.5,167.0,90.93
13260.9,164.28,92.25
74482.8,171.65,98.13
54015.3,166.1,86.0
144927.6,164.52,93.2
9909.7,156.86,84.83
10436.8,163.72,91.65
16762.0,159.41,93.62
90022.7,160.2,99.43
49815.4,158.73,76.32
84487.8,165.16,86.99
4881.1,185.83,93.94
47682.8,172.95,77.85
24070.5,179.33,92.45
10700.5,161.15,90.75
17463.8,168.42,89.4
16694.8,173.84,64.19
7208.0,172.31,96.43
58375.9,149.97,91.18
14281.0,167.06,82.75
69625.3,169.76,95.4
40585.4,159.19,92.29
85519.6,150.74,92.3
55195.6,162.82,89.13
6717.0,167.62,82.04
62557.4,182.36,81.77
54020.1,164.04,77.54
51108.6,159.04,87.09
44425.5,180.68,97.85
25495.2,162.08,95.0
25253.7,164.36,86.98
53165.7,164.4,95.23
62825.4,170.68,97.34
11535.6,143.9,92.7
17288.3,152.13,90.14
36473.9,159.9,96.66
54792.5,170.53,87.27
9304.1,164.78,93.8
19550.4,166.88,82.72
40042.3,168.43,85.27
16367.0,171.7,88.86
18816.9,172.37,90.33
8743.7,172.54,87.75
51520.3,172.83,59.25
12988.2,151.89,84.51
17592.1,165.68,97.53
25202.0,169.76,79.68
47981.8,152.36,85.17
44519.6,181.38,87.87
53438.4,156.87,96.33
37115.3,167.0,92.0
45007.0,149.1,84.17
40826.2,174.6,91.75
53793.5,167.48,87.93
37051.9,178.4,91.31
17316.1,169.58,91.24
17707.0,178.48,90.35
20280.8,180.01,89.66
11459.2,163.86,95.58
25863.3,165.12,95.5
44844.2,157.93,83.74
33565.2,176.09,96.84
120072.4,157.82,93.77
27512.3,168.23,94.52
25599.7,168.95,97.37
26449.0,175.44,97.07
39099.5,163.77,97.95
34677.9,164.82,96.19
36740.2,167.36,94.53
32270.4,178.33,57.49
17323.5,178.23,95.47
68189.5,171.49,80.38
18278.3,186.47,86.35
32132.3,152.42,92.93
10644.1,168.57,65.76
24886.1,164.06,92.75
34393.0,171.51,91.97
24827.3,179.38,78.17
55724.8,172.23,91.09
38932.0,166.12,82.18
85760.7,170.37,85.31
36311.6,171.0,88.23
9265.2,156.46,86.63
5486.4,179.71,97.66
14018.7,162.91,90.06
58322.2,161.56,96.04
13641.3,162.1,89.39
52271.7,160.66,92.27
46310.7,161.29,91.28
88047.1,173.94,96.19
1569.6,159.95,98.94
43670.8,172.94,89.6
38219.1,161.99,96.17
18659.4,168.25,97.44
30500.9,175.62,85.56
48917.2,165.35,86.13
1715.0,164.44,82.21
73438.9,180.1,97.62
49800.7,166.05,95.39
19474.8,169.66,72.61
6812.4,166.44,96.29
1313.8,154.72,90.83
101412.2,162.52,84.77
8055.3,170.47,91.52
50043.8,173.27,86.73
24797.4,162.51,84.33
12357.8,171.58,92.69
44803.5,170.83,91.34
35091.6,177.6,94.42
68966.3,141.29,97.64
85193.3,176.37,99.21
22004.6,169.09,99.88
64393.5,160.98,87.07
8896.4,159.05,89.61
17285.8,168.06,97.7
5716.3,164.23,93.32
70076.9,175.41,69.37
10776.8,148.07,94.42
53342.5,165.55,61.35
39807.6,166.39,92.64
30948.9,162.85,87.0
24831.1,149.41,93.51
19730.9,163.65,86.57
26688.1,161.3,85.93
15175.8,161.27,88.58
27463.1,171.12,94.19
3637.6,167.15,83.37
9875.3,168.02,91.16
23214.5,159.65,87.28
88737.0,168.39,68.89
92818.4,177.53,96.29
51801.4,175.68,95.19
96277.8,175.81,89.98
10374.6,154.1,93.74
42802.8,159.28,96.58
42766.4,164.92,91.81
10690.2,150.69,60.88
34112.6,175.2,88.43
30590.0,150.65,90.88
45042.8,172.07,89.8
13166.2,174.34,93.28
61152.2,166.0,93.42
54015.7,140.59,85.36
54579.5,177.0,89.18
43889.7,162.1,83.6
71927.0,164.6,89.86
14798.8,168.33,72.32
24284.1,161.31,75.9
33326.6,167.94,90.13
61625.3,157.68,76.26
21817.7,172.65,86.2
31177.6,177.38,80.98
1357.7,160.2,72.48
90301.8,177.23,83.01
42705.0,174.4,79.26
28682.9,159.04,89.6
186933.0,180.93,96.63
38265.5,174.2,94.45
152611.2,160.75,81.3
58499.7,163.7,75.63
23663.2,151.19,85.85
26210.0,173.33,77.91
21416.3,179.02,75.23
20041.9,171.02,86.36
43272.2,166.66,90.06
9716.1,152.69,87.65
32126.6,162.96,53.13
59353.0,160.92,84.31
45752.1,174.06,75.42
27307.2,184.33,70.6
29100.2,159.1,87.22
55763.2,178.58,99.43
33532.9,167.82,92.34
13050.5,168.28,92.46
78140.4,174.1,85.91
8704.7,166.35,90.75
43643.7,165.75,97.42
50387.2,158.27,91.86
14499.0,160.41,83.92
31488.5,166.57,88.84
28156.8,168.98,85.25
6616.7,181.43,79.05
60122.3,156.98,94.6
27264.8,171.06,85.44
27235.6,166.35,96.34
59991.9,164.17,95.2
26571.1,156.13,96.06
45255.5,162.4,77.03
32876.3,164.81,88.79
18087.2,172.88,97.49
21955.7,161.48,85.32
7687.0,177.86,73.85
39491.7,166.43,86.83
69036.0,174.66,93.68
198870.5,160.97,92.93
28524.9,163.29,95.28
131207.7,154.84,90.62
58900.9,158.69,98.44
18149.0,158.98,86.1
11939.3,166.39,79.94
78835.8,166.47,88.26
116630.6,154.79,96.51
25674.6,158.87,95.01
27847.7,162.73,80.1
3197.1,175.36,94.36
38303.3,148.78,83.86
28803.0,155.97,91.47
21618.3,162.39,66.06
44850.5,153.54,79.79
57073.2,181.39,91.25
31082.1,166.48,81.5
40534.1,164.66,81.39
5033.8,179.88,95.05
23437.5,171.82,99.02
33184.6,156.44,89.63
15246.6,157.17,90.5
16077.8,168.09,94.47
21820.9,168.12,90.73
38270.8,162.99,88.92
16361.4,170.48,81.14
27876.8,166.36,94.28
9306.1,156.45,95.98
127063.3,165.88,90.9
31912.2,161.17,80.92
120609.0,164.85,98.18
51474.3,153.94,93.18
11101.5,180.01,91.88
26895.6,168.74,92.61
24732.2,147.41,82.2
67251.5,164.56,82.24
20963.0,174.72,63.67
42804.7,169.53,97.23
85188.8,159.53,97.25
57481.4,160.45,80.5
18632.4,175.1,85.99
59595.8,181.16,81.21
59440.8,157.92,87.08
34011.2,161.68,85.1
54497.8,167.7,84.52
20435.1,161.92,86.58
125366.7,168.13,86.49
76820.6,158.09,98.62
25188.3,160.85,95.28
18374.8,164.11,94.09
53842.2,166.04,93.56
52985.0,178.34,81.23
13606.5,168.57,92.32
13118.1,164.19,89.53
36622.7,181.54,81.19
75272.3,145.95,94.49
10790.4,166.35,91.85
35479.4,147.16,95.02
15985.6,161.56,95.99
98609.6,173.25,79.38
96021.2,169.73,94.41
25692.7,172.65,82.05
135760.9,174.75,98.83
16136.8,170.3,86.4
31294.4,162.03,84.77
66123.7,169.88,95.92
5498.4,164.39,89.86
65596.8,158.52,82.23
70315.7,153.7,97.4
15607.8,168.14,89.44
30044.9,156.36,98.48
18988.4,156.16,88.19
107939.9,166.07,97.34
54955.2,162.74,82.77
25850.0,171.89,82.84
22094.9,161.97,90.58
20927.2,159.77,88.26
82454.8,172.16,88.83
54959.1,165.37,93.2
10514.0,162.04,82.33
48343.3,189.33,87.08
17293.0,160.6,79.9
10180.6,166.05,92.66
22071.8,147.16,92.37
38560.1,168.29,91.25
21774.4,158.24,84.78
30180.3,167.28,79.92
15287.9,153.87,92.25
34356.5,156.58,61.07
21275.6,167.66,93.0
23593.9,167.8,95.55
19472.4,165.41,98.91
48297.2,157.67,93.71
16279.0,168.68,82.57
22506.0,158.45,82.41
79166.5,172.33,97.04
34878.5,171.85,94.26
36124.3,172.32,69.12
5504.9,162.56,95.64
30009.3,165.44,87.55
57067.6,147.73,92.35
46287.2,166.04,96.05
84506.3,161.98,74.95
21854.0,172.86,72.33
33017.0,172.96,94.46
35250.6,170.69,91.85
2270.0,162.21,77.86
49814.9,176.88,86.21
8325.5,160.58,93.64
46584.2,171.96,87.17
9411.7,183.2,93.89
25924.0,150.13,82.56
23956.2,175.08,78.85
37920.5,160.52,96.5
12202.9,161.32,81.32
44069.9,163.88,94.83
40093.5,161.65,95.6
39716.3,175.43,79.85
20436.8,179.33,88.87
26265.4,153.83,80.6
44189.6,162.47,87.65
29746.2,176.1,82.3
47201.0,158.71,96.65
26529.2,154.04,86.48
94427.0,155.82,85.52
112358.1,164.77,81.4
29538.6,163.17,97.3
12352.6,165.74,83.72
24799.4,149.41,94.28
60139.2,160.78,95.08
16233.9,167.67,92.36
35671.5,168.9,93.06
20467.6,167.99,96.7
59245.4,158.13,92.76
30945.9,172.42,79.9
19489.2,164.65,97.32
46403.3,169.08,95.61
72365.8,156.47,70.37
34205.0,175.16,95.05
44559.0,168.21,82.11
45350.6,160.74,67.04
21361.1,163.0,87.8
25190.8,155.63,92.08
12226.1,162.71,86.95
26022.7,170.65,73.62
37446.0,171.36,83.4
23801.3,165.42,94.1
59349.4,150.81,94.02
67550.0,175.25,79.47
48637.1,167.45,91.75
22224.2,172.65,92.73
70589.4,175.33,93.67
61643.0,163.69,79.71
16657.3,169.47,94.18
34340.9,162.15,96.19
10334.9,156.58,93.04
3266.3,172.12,95.55
59293.6,159.3,96.95
43578.1,167.76,91.19
12453.9,172.12,97.12
15097.7,175.54,92.96
53686.9,164.05,90.71
42386.0,162.32,82.34
18380.1,173.42,93.67
31242.3,162.48,84.19
31215.7,173.91,77.35
19884.5,163.41,78.38
21807.5,161.52,87.15
12582.7,174.33,80.77
26328.2,153.31,83.96
34915.0,161.97,69.06
132558.4,146.54,94.96
23204.9,163.87,98.09
3802.0,169.84,93.73
108391.5,165.72,80.63
11369.1,171.61,94.75
40658.6,166.36,84.78
16477.0,163.17,81.17
21905.4,167.16,86.2
37206.9,156.01,83.79
68792.5,148.48,89.53
27851.1,152.61,88.2
48537.0,169.26,97.35
16865.9,174.12,85.38
32750.7,160.74,85.01
43114.7,156.67,73.97
40002.7,165.0,88.53
38941.5,163.44,92.34
22236.3,159.59,71.73
31646.4,156.22,82.26
38811.3,184.55,86.58
17378.1,176.23,91.42
10630.9,165.49,81.35
26593.7,180.86,94.91
15581.2,172.36,92.28
83686.0,165.72,83.41
17835.6,168.63,84.81
35501.0,160.01,95.45
25194.0,179.23,87.03
46128.1,158.26,96.4
71766.5,152.73,95.4
16790.1,159.94,93.84
63893.8,164.71,79.24
98262.5,158.25,93.07
8416.9,175.67,88.95
19073.7,159.73,79.33
61082.5,177.59,97.52
56158.6,170.77,66.71
22413.2,145.43,98.93
48640.0,178.87,95.99
34635.6,167.6,81.68
19643.3,159.71,94.85
81411.2,168.56,85.88
30927.5,159.05,91.41
28700.9,169.46,89.62
29616.0,168.86,88.48
54423.7,150.1,85.71
10671.2,158.81,78.93
14356.2,173.39,89.32
57883.3,173.39,85.76
29096.2,189.87,95.01
134275.5,159.3,77.08
39969.9,171.34,82.98
62925.3,162.64,96.33
33867.8,164.19,91.8
50038.5,160.2,94.62
21751.9,164.6,95.98
16185.4,168.16,96.28
104988.2,175.6,85.31
83419.5,169.09,84.21
56487.1,160.03,89.58
30266.8,160.92,84.89
19763.3,165.49,69.84
8636.2,166.43,92.51
50811.5,155.13,93.56
50936.1,158.18,98.64
40538.5,177.43,90.56
37408.8,161.17,86.58
20657.8,159.66,82.9
98478.4,164.47,82.66
17142.2,162.59,84.41
53542.3,176.16,92.86
53025.2,176.6,95.48
49020.5,166.13,79.47
61160.6,169.33,98.55
14864.1,172.76,63.67
61088.9,161.88,76.89
31928.2,166.7,91.01
23092.6,157.67,83.47
36987.8,170.84,91.52
1039.3,165.87,72.8
60578.6,156.41,93.31
39248.0,163.25,95.68
17776.6,162.32,96.08
55582.4,158.19,95.51
21338.1,170.83,90.52
47325.7,167.89,91.19
23776.8,161.69,87.7
9106.4,168.64,90.92
28225.9,138.55,90.51
86942.6,167.18,96.31
54694.0,167.16,96.01
146944.9,165.63,86.74
38000.2,157.05,72.84
31500.8,170.14,73.53
86538.0,161.61,96.72
37822.6,169.32,94.05
17855.9,154.66,86.87
32786.2,169.68,88.35
58140.8,171.19,86.22
13583.6,147.45,92.33
63076.3,167.14,90.73
39270.1,162.8,88.53
7830.2,166.9,88.11
51198.2,158.16,98.81
35119.3,173.17,92.55
27316.5,165.91,92.24
28513.1,172.01,83.02
67380.1,159.41,94.39
70005.7,150.45,83.07
16816.0,159.64,70.28
67849.3,171.9,90.54
25718.0,160.77,76.93
45301.1,160.65,95.09
27033.0,169.27,87.69
10358.5,165.57,75.55
39481.1,166.36,92.26
29249.0,164.17,88.6
39419.6,158.01,86.45
38649.8,161.91,82.46
17677.2,156.08,84.14
30180.4,161.24,92.38
49122.6,163.62,79.41
31129.8,164.96,91.65
2551.0,168.9,95.67
1191.0,158.5,92.72
173065.7,153.71,90.34
120912.3,154.09,93.85
25660.1,156.61,95.27
18882.9,169.63,98.19
26806.1,150.67,87.49
84556.6,153.86,93.77
65202.4,162.74,54.74
6582.8,163.43,95.11
39544.6,155.59,94.54
22538.7,165.22,70.39
85231.0,161.92,79.63
11970.5,164.21,97.79
22777.8,156.41,88.84
17330.8,165.73,98.8
19590.9,160.59,98.16
21835.3,167.53,96.56
34647.1,157.96,95.74
39966.3,164.26,98.52
25170.2,168.97,84.2
49251.7,145.54,88.29
32100.1,158.26,77.22
3973.8,163.67,84.41
37208.5,174.38,93.67
9461.3,165.12,92.85
68967.0,174.7,82.0
45897.7,160.65,80.04
19520.9,156.77,97.93
16475.3,162.2,95.61
5141.8,167.47,95.2
43043.6,170.12,87.42
8318.5,170.55,85.34
42912.2,158.76,84.18
43275.3,170.11,92.82
49469.2,167.34,92.35
92407.2,158.07,89.55
59243.9,169.78,65.57
18320.6,171.1,80.28
69946.4,155.35,82.52
27972.4,165.06,92.68
45790.4,162.07,98.09
16514.3,138.57,86.97
46539.1,167.25,67.24
51037.4,152.07,89.67
91008.9,163.85,94.43
9651.3,154.01,82.64
47559.0,157.93,82.98
46754.6,163.29,80.45
34098.4,163.48,91.35
20903.9,163.56,95.4
17676.0,165.25,90.87
65611.0,160.36,79.29
56583.6,161.18,97.96
67425.6,166.73,86.04
29349.8,172.69,96.04
13075.1,163.86,86.5
41894.6,163.24,85.63
64609.5,165.57,87.22
50569.6,167.61,91.52
55433.3,156.76,89.75
58016.9,173.22,97.4
47001.5,159.95,92.39
67950.3,154.36,93.6
44555.6,179.34,92.01
15522.6,178.07,87.87
1031.1,156.59,91.48
5041.5,161.07,91.59
42633.7,165.33,71.72
28328.3,177.54,74.93
29727.3,182.39,98.22
29598.6,165.79,90.89
39091.1,171.5,91.02
7510.9,173.83,88.2
64357.9,170.22,95.49
24481.5,157.11,93.2
42697.6,164.8,90.96
39203.4,160.64,88.27
12819.7,168.05,92.88
17066.8,169.49,78.28
61001.5,159.28,63.59
13215.7,164.8,77.97
28982.5,161.81,98.22
64827.4,164.16,75.81
50931.5,178.28,97.15
55390.1,160.35,94.57
27448.8,172.6,81.34
39251.4,156.2,91.9
148761.7,157.12,87.36
17721.4,173.71,86.24
60223.7,167.27,91.71
49307.9,165.85,99.97
19393.9,159.01,92.88
158563.4,166.77,94.23
10815.1,152.72,80.51
14485.8,154.79,92.03
32832.1,173.7,95.9
48451.0,167.45,94.41
24669.6,163.98,81.38
33448.9,162.81,89.76
37898.3,179.55,97.31
32185.7,160.09,93.05
97901.5,168.68,99.0
6329.1,175.0,90.92
24169.9,180.38,93.95
36449.4,179.26,86.86
38318.1,158.17,93.18
35144.5,171.43,85.78
34928.9,173.12,95.22
17478.9,167.93,84.81
98164.4,166.27,85.7
52838.2,158.83,75.88
81844.0,174.47,76.48
64182.4,164.43,91.36
28705.1,158.34,90.37
36610.4,159.93,72.29
17963.4,161.89,92.27
16107.0,162.44,90.08
26974.5,177.81,87.74
5736.5,161.21,85.93
50514.3,157.22,92.8
103362.1,169.95,91.18
77211.1,166.16,93.85
18741.4,160.34,82.06
45493.8,152.73,83.85
20517.4,153.88,86.65
25434.4,165.28,65.89
25521.4,171.47,95.95
33876.1,175.05,86.01
12173.4,149.08,96.45
52142.8,157.96,93.94
61402.3,161.34,98.31
86320.0,165.53,98.82
34353.2,159.38,98.51
40807.9,170.28,87.11
19307.7,173.76,77.03
114615.0,172.74,78.27
51830.9,157.11,95.41
32798.6,176.95,78.81
22258.9,152.52,91.01
19325.0,156.13,98.47
42898.3,179.83,75.48
37236.4,160.29,87.51
11937.4,161.5,90.97
11012.9,163.15,78.38
20133.9,159.18,95.55
10879.0,184.09,66.44
29522.2,161.98,97.52
32802.1,173.23,84.3
3809.2,168.96,75.57
30550.0,163.45,89.7
13957.4,175.34,83.79
44992.5,167.13,86.33
51248.4,156.04,97.83
28441.2,176.7,92.06
16976.3,152.19,97.24
4773.9,169.29,91.71
96523.9,167.59,93.26
18903.3,167.42,85.04
49781.3,159.72,81.11
62994.3,160.72,77.99
36516.4,163.91,76.0
22351.5,159.24,90.26
33851.7,158.41,93.97
64402.1,171.18,63.22
25102.5,175.52,72.18
64646.6,157.83,86.05
54891.5,182.61,96.34
121162.1,167.24,91.93
57148.6,175.62,85.63
64632.4,150.38,96.36
31354.8,164.34,86.35
10166.2,160.37,91.74
4489.6,160.5,87.67
22647.5,158.43,95.99
41868.8,161.74,85.08
49129.6,161.74,84.14
32927.8,176.26,75.55
28553.6,165.73,78.2
58361.6,165.97,91.7
34499.7,170.92,62.64
23103.5,169.47,85.1
52058.8,175.69,78.94
5990.8,166.32,84.46
20685.3,157.59,94.24
56047.1,161.79,88.0
18954.5,174.46,94.3
53870.6,171.79,87.82
59026.0,168.17,90.4
61004.3,162.2,99.06
106079.3,149.18,99.09
9390.4,177.13,93.19
13553.1,167.98,93.6
31181.4,155.7,94.25
75020.6,153.67,93.55
51332.3,151.9,90.83
16603.3,161.79,95.03
61460.9,175.1,86.6
55513.3,157.8,95.36
21168.8,174.81,96.58
71430.8,161.26,68.29
23392.5,167.5,81.95
51313.4,162.98,93.44
37098.9,172.59,74.53
51161.9,160.17,78.48
11988.4,170.11,93.84
21858.2,171.63,88.93
43656.6,167.26,87.68
10748.7,171.19,88.5
127162.9,166.23,89.52
37254.7,158.24,91.34
28488.1,148.6,95.03
35760.0,164.65,95.12
35496.9,166.11,77.86
35750.5,182.97,79.31
59910.5,171.69,60.08
6182.5,152.19,91.05
39625.7,176.05,99.22
23303.9,161.72,96.97
55310.4,166.7,94.16
7862.8,165.55,87.92
32071.3,164.54,91.49
16223.0,165.97,87.38
24925.3,156.1,81.03
4539.4,166.98,91.74
7030.8,175.5,70.3
25547.4,151.7,95.87
5143.7,151.43,82.58
33778.0,168.06,91.28
39026.4,164.84,84.78
30708.0,167.7,92.37
10752.4,184.1,94.95
21419.1,162.34,96.95
35984.5,153.58,98.71
65006.8,150.0,95.98
59687.4,170.8,87.69
63066.8,149.65,84.01
63656.3,164.93,88.46
24883.2,174.07,93.89
142980.8,153.87,79.96
42886.8,172.36,84.87
37311.8,169.29,70.15
10343.4,174.98,82.32
31212.7,177.81,96.31
57311.0,161.48,95.01
96089.0,153.76,89.75
43178.5,174.03,95.46
92172.8,165.08,87.7
110124.7,158.69,56.5
10897.8,163.34,92.22
24375.1,171.7,93.49
25118.1,162.08,91.6
13615.0,171.29,93.43
107710.7,181.26,90.83
53765.7,165.87,80.24
12074.5,162.52,93.97
48486.5,166.24,86.2
25666.3,138.15,94.23
29513.1,180.51,87.68
13239.1,166.36,64.38
51812.9,176.57,93.64
32407.9,165.86,88.91
18552.3,156.17,92.17
77859.5,161.03,86.0
17815.5,173.16,91.08
15095.8,165.33,95.73
68310.6,162.38,76.0
28312.9,170.98,89.8
26583.0,160.75,94.06
64917.5,169.06,99.35
32380.3,160.66,95.28
2759.1,186.04,82.54
43087.6,156.34,94.13
32420.0,158.98,96.29
30658.5,168.31,48.16
65192.2,162.55,79.5
44409.1,163.84,61.16
8234.5,169.32,76.69
10660.5,157.75,90.49
18216.3,166.41,85.86
29009.0,183.69,81.85
73193.8,163.48,87.25
13591.4,155.94,90.16
43293.7,163.63,90.59
49012.8,149.09,75.23
13609.6,169.53,92.55
56417.6,156.8,85.05
68061.4,152.04,85.63
62403.1,146.16,97.01
60463.3,166.78,89.8
29390.4,162.63,96.87
57502.9,161.04,93.84
9882.7,175.18,83.48
17597.9,161.45,91.62
14566.7,186.4,87.98
6089.1,161.05,67.45
67444.5,164.36,72.41
117714.0,165.86,86.11
3229.5,167.85,77.58
38541.7,164.05,94.47
49715.7,163.3,88.21
67670.8,162.07,84.78
24428.5,170.48,89.95
44539.8,164.8,87.94
59255.3,165.84,85.95
28354.8,157.68,92.28
19833.1,160.83,74.32
38575.3,166.8,95.35
43618.4,165.42,72.33
6802.7,172.58,76.81
3668.3,183.17,53.72
19845.9,152.44,91.47
51325.9,169.23,83.62
19314.7,157.57,95.82
44765.2,159.8,89.32
60054.7,168.5,86.0
22422.4,162.51,93.82
22488.5,166.63,88.94
40217.2,165.17,98.18
3209.6,155.25,88.49
37668.7,161.61,93.55
66151.5,151.6,96.13
59972.3,160.83,86.61
39597.4,173.0,91.95
48803.2,168.86,95.83
31263.4,148.26,87.4
27165.7,167.5,96.89
97428.7,158.19,73.76
59424.1,171.64,99.31
58591.0,151.04,99.15
21599.2,154.49,86.71
42311.3,171.16,94.82
24338.5,169.16,86.01
16462.3,162.98,97.53
7514.7,176.17,76.01
47328.8,167.57,92.35
140383.7,163.96,85.19
111535.7,170.48,87.52
36863.1,176.75,94.02
6500.6,175.93,88.74
20457.1,159.71,76.83
10690.2,173.19,99.34
33426.1,169.84,92.76
8490.1,167.84,73.87
7036.1,158.11,76.84
30899.8,179.57,91.85
50149.0,156.73,98.99
52290.6,165.12,75.31
105377.9,175.78,93.85
80458.1,183.28,93.38
14172.7,143.98,56.06
177950.4,176.36,95.47
36691.9,171.47,76.99
26512.8,165.78,97.63
998.9,171.41,91.76
63894.5,156.86,97.37
22865.5,160.81,86.06
7660.7,164.63,80.78
68545.4,167.65,94.73
27760.6,169.64,95.15
17303.9,168.13,91.64
20784.4,172.76,88.3
58012.5,167.24,71.87
4041.0,178.31,89.1
62133.3,167.69,65.63
49725.6,177.74,84.46
67266.7,168.28,87.88
31978.7,172.21,91.51
56274.6,162.38,93.76
39124.3,161.73,92.64
43138.3,164.66,87.07
680.2,168.86,90.81
51844.8,177.95,95.66
80307.7,152.07,97.08
114237.5,186.62,86.52
10592.0,161.63,80.37
28289.9,162.56,84.07
18972.1,172.11,97.72
30543.6,169.1,90.82
51566.7,179.39,78.36
10369.4,162.26,89.21
7878.8,179.57,83.24
41755.8,162.47,95.89
16691.8,169.3,78.95
9302.8,148.99,90.09
18171.6,178.42,95.51
17886.4,162.09,81.79
58505.5,179.02,97.28
18023.5,167.09,95.91
14680.8,169.18,94.49
30031.5,167.48,92.71
28416.4,154.38,93.95
10330.4,164.27,93.92
40374.2,154.1,91.2
16006.4,160.56,94.84
59804.8,166.6,90.46
32944.4,159.84,95.02
8741.2,162.3,61.96
23757.1,175.64,84.55
16522.5,165.39,66.8
17470.7,166.46,89.48
52049.6,172.45,86.06
49346.2,159.38,98.25
60560.6,169.03,87.45
29062.9,163.0,88.37
41800.8,161.61,80.24
61179.9,158.68,95.73
134574.8,151.04,84.59
21425.6,166.29,86.38
51964.4,169.37,88.73
18890.8,158.42,91.38
17811.9,156.95,71.05
58658.0,152.82,77.37
23549.8,182.59,75.83
9244.6,164.32,95.46
27692.7,159.19,84.09
4348.4,152.99,69.67
4705.5,174.83,85.43
42155.1,164.72,71.72
26942.7,162.54,86.65
27154.8,160.47,78.7
15603.0,162.82,87.83
38297.3,157.87,82.2
22448.6,160.97,86.18
35194.0,179.46,91.63
13674.1,157.5,92.0
20861.2,168.98,83.16
28376.1,167.73,94.13
58607.8,166.42,74.86
19145.2,180.44,87.17
51094.4,177.61,81.28
76488.1,172.93,90.04
23387.2,170.42,91.06
122654.6,166.3,82.29
71546.0,168.46,93.42
59462.4,170.5,96.85
80097.9,166.66,93.33
36596.6,154.63,96.47
18658.8,154.39,94.33
43382.0,178.0,79.12
9298.0,168.63,78.38
48990.4,168.07,95.02
46875.0,166.74,85.68
25539.7,173.12,91.76
68158.5,176.36,72.38
15528.1,154.9,98.37
31104.5,169.67,84.84
32926.8,186.11,84.81
84561.3,173.77,87.54
33464.3,169.27,91.07
47982.5,171.4,92.15
103945.8,156.36,87.54
49159.8,153.87,92.01
51239.2,160.03,88.98
21843.8,156.35,90.87
28743.8,171.46,99.24
46809.0,174.5,91.52
63075.7,166.81,91.03
67354.8,171.72,87.3
6092.6,172.39,95.47
74042.6,155.07,79.43
105459.5,173.8,70.45
7721.5,180.32,74.8
19969.3,165.48,92.32
41918.2,172.82,87.76
14849.6,164.09,94.23
56425.0,165.99,75.71
54014.3,152.72,91.58
43287.2,148.38,75.27
38985.2,149.96,93.64
12265.1,171.64,96.55
62451.8,171.19,82.62
75175.3,169.12,79.3
43834.4,165.09,89.87
59726.4,151.54,96.96
77870.7,160.55,92.13
37491.1,166.01,84.65
26472.6,157.77,88.59
30204.8,159.33,96.56
82140.0,178.21,94.93
16920.1,168.9,97.43
72595.6,172.97,91.11
20465.1,152.92,73.02
35141.4,164.27,86.32
7377.1,136.2,98.2
69160.7,173.37,89.71
17605.5,161.0,72.34
